url,previous_last_modified,current_last_modified,changed_fields,status,previous_title,current_title,previous_description,current_description,previous_h1,current_h1
https://xn--80aehcht5ci1b.xn--p1ai/,"Wed, 24 Jun 2026 17:07:19 GMT","Wed, 24 Jun 2026 17:07:19 GMT",,unchanged,Че За Квест – квесты в Ростове-на-Дону,Че За Квест – квесты в Ростове-на-Дону,"Официальный сайт организации Чё за Квест – сети квест-румов в Ростове-на-Дону. Приключения, шоу, интересные квесты, их адреса, часы работы, отзывы, цены на квесты.","Официальный сайт организации Чё за Квест – сети квест-румов в Ростове-на-Дону. Приключения, шоу, интересные квесты, их адреса, часы работы, отзывы, цены на квесты.",Чё за Квест —незабываемые квесты в Ростове-на-Дону,Чё за Квест —незабываемые квесты в Ростове-на-Дону
https://xn--80aehcht5ci1b.xn--p1ai/40letpobedy216,"Thu, 04 Jun 2026 17:20:17 GMT","Thu, 04 Jun 2026 17:20:17 GMT",,unchanged,"Че За Квест на 40-летия Победы, 216 в Ростове-на-Дону","Че За Квест на 40-летия Победы, 216 в Ростове-на-Дону","Квесты в Ростове-на-Дону на 40-летия Победы, 216 от компании Че За Квест. Работаем без выходных с 10:00 до 01:00. Записывайтесь на игру на сайте.","Квесты в Ростове-на-Дону на 40-летия Победы, 216 от компании Че За Квест. Работаем без выходных с 10:00 до 01:00. Записывайтесь на игру на сайте.",Че За Квест на 40-летия Победы 216,Че За Квест на 40-летия Победы 216
https://xn--80aehcht5ci1b.xn--p1ai/agent,"Wed, 24 Jun 2026 17:07:21 GMT","Wed, 24 Jun 2026 17:07:21 GMT",,unchanged,Заявка из телеграмм (Агенство),Заявка из телеграмм (Агенство),,,,
https://xn--80aehcht5ci1b.xn--p1ai/agregator/bez-api-kvesthunter,"Sun, 12 Feb 2023 10:25:57 GMT","Sun, 12 Feb 2023 10:25:57 GMT",,unchanged,Агрегатор без API (КвестХантер),Агрегатор без API (КвестХантер),Мы открыты и соблюдаем все необходимые меры. Даем маски бесплатно и обрабатываем руки антисептиком! Квесты в реальности для взрослых и детей. 10 разных сценариев. У нас более 900 проверенных отзывов - нам можно доверять.,Мы открыты и соблюдаем все необходимые меры. Даем маски бесплатно и обрабатываем руки антисептиком! Квесты в реальности для взрослых и детей. 10 разных сценариев. У нас более 900 проверенных отзывов - нам можно доверять.,Квеструм №1 в Ростове для детей и взрослых,Квеструм №1 в Ростове для детей и взрослых
https://xn--80aehcht5ci1b.xn--p1ai/agregator/bez-api-kvesttam,"Sun, 12 Feb 2023 10:26:36 GMT","Sun, 12 Feb 2023 10:26:36 GMT",,unchanged,Агрегатор без API (КвестТам),Агрегатор без API (КвестТам),Мы открыты и соблюдаем все необходимые меры. Даем маски бесплатно и обрабатываем руки антисептиком! Квесты в реальности для взрослых и детей. 10 разных сценариев. У нас более 900 проверенных отзывов - нам можно доверять.,Мы открыты и соблюдаем все необходимые меры. Даем маски бесплатно и обрабатываем руки антисептиком! Квесты в реальности для взрослых и детей. 10 разных сценариев. У нас более 900 проверенных отзывов - нам можно доверять.,Квеструм №1 в Ростове для детей и взрослых,Квеструм №1 в Ростове для детей и взрослых
https://xn--80aehcht5ci1b.xn--p1ai/aimg,"Wed, 24 Jun 2026 17:07:26 GMT","Wed, 24 Jun 2026 17:07:26 GMT",,unchanged,Картинки для Нейросайтов,Картинки для Нейросайтов,НЕ УДАЛЯТЬ!,НЕ УДАЛЯТЬ!,,
https://xn--80aehcht5ci1b.xn--p1ai/alcatraz,"Wed, 24 Jun 2026 17:07:26 GMT","Wed, 24 Jun 2026 17:07:26 GMT",,unchanged,Error,Error,,,,
https://xn--80aehcht5ci1b.xn--p1ai/alias-block,"Wed, 24 Jun 2026 17:07:24 GMT","Wed, 24 Jun 2026 17:07:24 GMT",,unchanged,Все Alias-блоки (НЕ УДАЛЯТЬ),Все Alias-блоки (НЕ УДАЛЯТЬ),,,,
https://xn--80aehcht5ci1b.xn--p1ai/alkatraz-hunter,"Sun, 12 Feb 2023 10:26:32 GMT","Sun, 12 Feb 2023 10:26:32 GMT",,unchanged,«Побег из Алькатраса» - для КвестХантер,«Побег из Алькатраса» - для КвестХантер,"Знаменитый Алькатрас – остров, на котором ранее находилась сверхзащищенная и, пожалуй, самая популярная в мире тюрьма. Несмотря на то, что она прославилась как заведение, из которого практически невозможно сбежать, в 1962 году трое заключенных после длительной подготовки смогли улизнуть из-под бдительной стражи, затратив на это ровно час и подгадав время, когда в их секторе практически не было охраны. Чтобы выяснить, как они смогли это сделать, Федеральное бюро расследований нашло добровольцев – вас, у которых есть ровно 60 минут, чтобы понять, как преступники смогли преодолеть все ловушки Алькатраса.","Знаменитый Алькатрас – остров, на котором ранее находилась сверхзащищенная и, пожалуй, самая популярная в мире тюрьма. Несмотря на то, что она прославилась как заведение, из которого практически невозможно сбежать, в 1962 году трое заключенных после длительной подготовки смогли улизнуть из-под бдительной стражи, затратив на это ровно час и подгадав время, когда в их секторе практически не было охраны. Чтобы выяснить, как они смогли это сделать, Федеральное бюро расследований нашло добровольцев – вас, у которых есть ровно 60 минут, чтобы понять, как преступники смогли преодолеть все ловушки Алькатраса.",,
https://xn--80aehcht5ci1b.xn--p1ai/alkatraz-kvesttam,"Sun, 12 Feb 2023 10:26:37 GMT","Sun, 12 Feb 2023 10:26:37 GMT",,unchanged,«Побег из Алькатраса» - для КвестТам,«Побег из Алькатраса» - для КвестТам,"Знаменитый Алькатрас – остров, на котором ранее находилась сверхзащищенная и, пожалуй, самая популярная в мире тюрьма. Несмотря на то, что она прославилась как заведение, из которого практически невозможно сбежать, в 1962 году трое заключенных после длительной подготовки смогли улизнуть из-под бдительной стражи, затратив на это ровно час и подгадав время, когда в их секторе практически не было охраны. Чтобы выяснить, как они смогли это сделать, Федеральное бюро расследований нашло добровольцев – вас, у которых есть ровно 60 минут, чтобы понять, как преступники смогли преодолеть все ловушки Алькатраса.","Знаменитый Алькатрас – остров, на котором ранее находилась сверхзащищенная и, пожалуй, самая популярная в мире тюрьма. Несмотря на то, что она прославилась как заведение, из которого практически невозможно сбежать, в 1962 году трое заключенных после длительной подготовки смогли улизнуть из-под бдительной стражи, затратив на это ровно час и подгадав время, когда в их секторе практически не было охраны. Чтобы выяснить, как они смогли это сделать, Федеральное бюро расследований нашло добровольцев – вас, у которых есть ровно 60 минут, чтобы понять, как преступники смогли преодолеть все ловушки Алькатраса.",,
https://xn--80aehcht5ci1b.xn--p1ai/among_us,"Fri, 22 May 2026 08:10:49 GMT","Fri, 22 May 2026 08:10:49 GMT",,unchanged,Квест в лабиринте Амонг Ас - от компании «Чё За Квест»,Квест в лабиринте Амонг Ас - от компании «Чё За Квест»,АмонгАс - квест-лабиринт по мотивам компьютерной игры в Ростове-на-Дону от компании Чё За Квест. Работаем без выходных с 10:00 до 23:00. Записывайтесь на игру на сайте.,АмонгАс - квест-лабиринт по мотивам компьютерной игры в Ростове-на-Дону от компании Чё За Квест. Работаем без выходных с 10:00 до 23:00. Записывайтесь на игру на сайте.,Квест Амонг Ас,Квест Амонг Ас
https://xn--80aehcht5ci1b.xn--p1ai/amongus-land,"Wed, 24 Jun 2026 17:07:22 GMT","Wed, 24 Jun 2026 17:07:22 GMT",,unchanged,Детский день рождения в стиле игры ROBLOX в Ростове-на-Дону | Скидки и Акции,Детский день рождения в стиле игры ROBLOX в Ростове-на-Дону | Скидки и Акции,День рождения под ключ в Ростове-на-Дону. Квест-шоу РОБЛОКС на детский праздник.,День рождения под ключ в Ростове-на-Дону. Квест-шоу РОБЛОКС на детский праздник.,КВЕСТ-ШОУ по мотивам популярной игры для вашего праздника,КВЕСТ-ШОУ по мотивам популярной игры для вашего праздника
https://xn--80aehcht5ci1b.xn--p1ai/annabel-hunter,"Sun, 12 Feb 2023 10:26:35 GMT","Sun, 12 Feb 2023 10:26:35 GMT",,unchanged,«Проклятие Аннабель» - для КвестХантер,«Проклятие Аннабель» - для КвестХантер,"Семья ваших друзей внезапно пропала. Последний раз их видели в вашей компании некоторое время назад. Полиция подозревает вас и намеревается задержать в самое ближайшее время. Чтобы избежать этого, вы решаете провести самостоятельное расследование тайны их исчезновения. И начать вы решаете с осмотра их квартиры. Возможно, вам удастся разгадать тайну исчезновения ваших друзей или, как минимум, создать себе достоверное алиби... У вас есть на это ровно час.","Семья ваших друзей внезапно пропала. Последний раз их видели в вашей компании некоторое время назад. Полиция подозревает вас и намеревается задержать в самое ближайшее время. Чтобы избежать этого, вы решаете провести самостоятельное расследование тайны их исчезновения. И начать вы решаете с осмотра их квартиры. Возможно, вам удастся разгадать тайну исчезновения ваших друзей или, как минимум, создать себе достоверное алиби... У вас есть на это ровно час.",,
https://xn--80aehcht5ci1b.xn--p1ai/annabel-kvesttam,"Sun, 12 Feb 2023 10:26:40 GMT","Sun, 12 Feb 2023 10:26:40 GMT",,unchanged,«Проклятие Аннабель» - для КвестТам,«Проклятие Аннабель» - для КвестТам,"Семья ваших друзей внезапно пропала. Последний раз их видели в вашей компании некоторое время назад. Полиция подозревает вас и намеревается задержать в самое ближайшее время. Чтобы избежать этого, вы решаете провести самостоятельное расследование тайны их исчезновения. И начать вы решаете с осмотра их квартиры. Возможно, вам удастся разгадать тайну исчезновения ваших друзей или, как минимум, создать себе достоверное алиби... У вас есть на это ровно час.","Семья ваших друзей внезапно пропала. Последний раз их видели в вашей компании некоторое время назад. Полиция подозревает вас и намеревается задержать в самое ближайшее время. Чтобы избежать этого, вы решаете провести самостоятельное расследование тайны их исчезновения. И начать вы решаете с осмотра их квартиры. Возможно, вам удастся разгадать тайну исчезновения ваших друзей или, как минимум, создать себе достоверное алиби... У вас есть на это ровно час.",,
https://xn--80aehcht5ci1b.xn--p1ai/bank-hunter,"Sun, 12 Feb 2023 10:26:00 GMT","Sun, 12 Feb 2023 10:26:00 GMT",,unchanged,«Ограбление банка. Бумажный дом» - для КвестХантер,«Ограбление банка. Бумажный дом» - для КвестХантер,"В стране наступили темные времена: экономика в упадке, цены, в отличие от зарплат, растут. Зато крупные корпорации, такие как EvilCorp, процветают. Пора положить конец этой несправедливости. Пора продумать план, заручиться поддержкой и совершить ограбление века! Вашей целью станет хранилище главного отделения EvilCorp, до отвала набитое деньгами и золотом. Но помните, что действовать необходимо очень быстро и аккуратно. У вас будет всего лишь 60 минут, чтобы добраться до хранилища, обойти систему безопасности, обчистить ячейки и сделать ноги.","В стране наступили темные времена: экономика в упадке, цены, в отличие от зарплат, растут. Зато крупные корпорации, такие как EvilCorp, процветают. Пора положить конец этой несправедливости. Пора продумать план, заручиться поддержкой и совершить ограбление века! Вашей целью станет хранилище главного отделения EvilCorp, до отвала набитое деньгами и золотом. Но помните, что действовать необходимо очень быстро и аккуратно. У вас будет всего лишь 60 минут, чтобы добраться до хранилища, обойти систему безопасности, обчистить ячейки и сделать ноги.",,
https://xn--80aehcht5ci1b.xn--p1ai/bank-kvesttam,"Sun, 12 Feb 2023 10:26:37 GMT","Sun, 12 Feb 2023 10:26:37 GMT",,unchanged,«Ограбление банка. Бумажный дом» - для КвестТам,«Ограбление банка. Бумажный дом» - для КвестТам,"В стране наступили темные времена: экономика в упадке, цены, в отличие от зарплат, растут. Зато крупные корпорации, такие как EvilCorp, процветают. Пора положить конец этой несправедливости. Пора продумать план, заручиться поддержкой и совершить ограбление века! Вашей целью станет хранилище главного отделения EvilCorp, до отвала набитое деньгами и золотом. Но помните, что действовать необходимо очень быстро и аккуратно. У вас будет всего лишь 60 минут, чтобы добраться до хранилища, обойти систему безопасности, обчистить ячейки и сделать ноги.","В стране наступили темные времена: экономика в упадке, цены, в отличие от зарплат, растут. Зато крупные корпорации, такие как EvilCorp, процветают. Пора положить конец этой несправедливости. Пора продумать план, заручиться поддержкой и совершить ограбление века! Вашей целью станет хранилище главного отделения EvilCorp, до отвала набитое деньгами и золотом. Но помните, что действовать необходимо очень быстро и аккуратно. У вас будет всего лишь 60 минут, чтобы добраться до хранилища, обойти систему безопасности, обчистить ячейки и сделать ноги.",,
https://xn--80aehcht5ci1b.xn--p1ai/beguschij_v_labirinte,"Fri, 22 May 2026 08:10:48 GMT","Fri, 22 May 2026 08:10:48 GMT",,unchanged,Бегущий в лабиринте - страшный перфоманс от «Чё За Квест»,Бегущий в лабиринте - страшный перфоманс от «Чё За Квест»,Бегущий в лабиринте - хоррор квест-перфоманс в Ростове-на-Дону от компании Чё За Квест. Работаем без выходных с 10:00 до 23:00. Записывайтесь на игру на сайте.,Бегущий в лабиринте - хоррор квест-перфоманс в Ростове-на-Дону от компании Чё За Квест. Работаем без выходных с 10:00 до 23:00. Записывайтесь на игру на сайте.,Квест Бегущий в лабиринте,Квест Бегущий в лабиринте
https://xn--80aehcht5ci1b.xn--p1ai/brawl_stars,"Fri, 12 Sep 2025 16:02:16 GMT","Fri, 12 Sep 2025 16:02:16 GMT",,unchanged,Квест в реальности «Бравл Старс» - от «Чё За Квест»,Квест в реальности «Бравл Старс» - от «Чё За Квест»,Известная игра среди юных участников! Вместе с героем из Бравл Старс ваш ребенок сможет почувствовать себя частью этой игры и в жизни пройти испытания!,Известная игра среди юных участников! Вместе с героем из Бравл Старс ваш ребенок сможет почувствовать себя частью этой игры и в жизни пройти испытания!,Квест Бравл Старс,Квест Бравл Старс
https://xn--80aehcht5ci1b.xn--p1ai/business12,"Wed, 24 Jun 2026 17:07:26 GMT","Wed, 24 Jun 2026 17:07:26 GMT",,unchanged,Error,Error,,,,
https://xn--80aehcht5ci1b.xn--p1ai/contacts,"Wed, 24 Jun 2026 17:07:23 GMT","Wed, 24 Jun 2026 17:07:23 GMT",,unchanged,Контакты для связи с Чё За Квест в Ростове-на-Дону,Контакты для связи с Чё За Квест в Ростове-на-Дону,"Социальные сети, мессенджеры, телефоны, email, часы работы площадок органицации Чё За Квест в городе Ростов-на-Дону","Социальные сети, мессенджеры, телефоны, email, часы работы площадок органицации Чё За Квест в городе Ростов-на-Дону",Контакты Чё за Квест?,Контакты Чё за Квест?
https://xn--80aehcht5ci1b.xn--p1ai/cpsihbolnitsa,"Wed, 24 Jun 2026 17:07:26 GMT","Wed, 24 Jun 2026 17:07:26 GMT",,unchanged,Error,Error,,,,
https://xn--80aehcht5ci1b.xn--p1ai/den-rozhdeniya-na-vr-arene,"Wed, 24 Jun 2026 17:07:25 GMT","Wed, 24 Jun 2026 17:07:25 GMT",,unchanged,Отметьте День Рождения на VR-арене в Ростове-на-Дону | Че За Квест,Отметьте День Рождения на VR-арене в Ростове-на-Дону | Че За Квест,"Организация незабываемого дня рождения на VR-арене в Ростове-на-Дону для детей и взрослых. Современное оборудование, командные игры и погружение в кибер-реальность. Рассчитайте стоимость праздника онлайн!","Организация незабываемого дня рождения на VR-арене в Ростове-на-Дону для детей и взрослых. Современное оборудование, командные игры и погружение в кибер-реальность. Рассчитайте стоимость праздника онлайн!",День рождения на VR-арене,День рождения на VR-арене
https://xn--80aehcht5ci1b.xn--p1ai/den-rozhdeniya-uznik-azkabana,"Wed, 24 Jun 2026 17:07:25 GMT","Wed, 24 Jun 2026 17:07:25 GMT",h1,changed,Детский праздник с квестом «Узник Азкабана» в Ростове-на-Дону — Чё за квест,Детский праздник с квестом «Узник Азкабана» в Ростове-на-Дону — Чё за квест,"Детский день рождения с квестом на 60 минут и банкетной зоной внутри квеста (до 12 гостей). Ростов-на-Дону, пр-т Нагибина, 14а.","Детский день рождения с квестом на 60 минут и банкетной зоной внутри квеста (до 12 гостей). Ростов-на-Дону, пр-т Нагибина, 14а.",60 минут приключения + банкетная зона на 12 человек в Ростове-на-Дону | ДЕТСКИЙ ПРАЗДНИК в стиле Узник Азкабана,60 минут приключения + банкетная зона на 12 человек в Ростове-на-Дону
https://xn--80aehcht5ci1b.xn--p1ai/dikiy-hunter,"Sun, 12 Feb 2023 10:26:33 GMT","Sun, 12 Feb 2023 10:26:33 GMT",,unchanged,«Дикий Запад» - для КвестХантер,«Дикий Запад» - для КвестХантер,"Вы когда-нибудь мечтали совершить путешествие во времени? В ходе квеста «Дикий запад» вам представится такая возможность. Вы окажетесь в Америке, в 1870 году. Тихий провинциальный городок Тиккун, что в штате Колумбия, переживает не лучшие времена. Некогда именно здесь появилась первая американская железная дорога. Спустя некоторое время после этого мэру города удалось заключить контракт на строительство верфи для дирижаблей. Однако волею рока именно здесь появились бандиты. Местный шериф сделал все возможное для того, чтобы поймать главаря по кличке Людоед. Попытка была успешной, но привела к неприятным последствиям. Банда окружила полицейский участок и выдвинула ультиматум. Требование было однозначным: «Или вы отпускаете Людоеда, или мы стираем участок с лица земли». А между тем, внутри оказались заперты и преступники, и полицейские, и даже несколько гражданских, мельком заглянувших в участок.","Вы когда-нибудь мечтали совершить путешествие во времени? В ходе квеста «Дикий запад» вам представится такая возможность. Вы окажетесь в Америке, в 1870 году. Тихий провинциальный городок Тиккун, что в штате Колумбия, переживает не лучшие времена. Некогда именно здесь появилась первая американская железная дорога. Спустя некоторое время после этого мэру города удалось заключить контракт на строительство верфи для дирижаблей. Однако волею рока именно здесь появились бандиты. Местный шериф сделал все возможное для того, чтобы поймать главаря по кличке Людоед. Попытка была успешной, но привела к неприятным последствиям. Банда окружила полицейский участок и выдвинула ультиматум. Требование было однозначным: «Или вы отпускаете Людоеда, или мы стираем участок с лица земли». А между тем, внутри оказались заперты и преступники, и полицейские, и даже несколько гражданских, мельком заглянувших в участок.",,
https://xn--80aehcht5ci1b.xn--p1ai/dikiy-kvesttam,"Sun, 12 Feb 2023 10:26:38 GMT","Sun, 12 Feb 2023 10:26:38 GMT",,unchanged,«Дикий Запад» - для КвестТам,«Дикий Запад» - для КвестТам,"Вы когда-нибудь мечтали совершить путешествие во времени? В ходе квеста «Дикий запад» вам представится такая возможность. Вы окажетесь в Америке, в 1870 году. Тихий провинциальный городок Тиккун, что в штате Колумбия, переживает не лучшие времена. Некогда именно здесь появилась первая американская железная дорога. Спустя некоторое время после этого мэру города удалось заключить контракт на строительство верфи для дирижаблей. Однако волею рока именно здесь появились бандиты. Местный шериф сделал все возможное для того, чтобы поймать главаря по кличке Людоед. Попытка была успешной, но привела к неприятным последствиям. Банда окружила полицейский участок и выдвинула ультиматум. Требование было однозначным: «Или вы отпускаете Людоеда, или мы стираем участок с лица земли». А между тем, внутри оказались заперты и преступники, и полицейские, и даже несколько гражданских, мельком заглянувших в участок.","Вы когда-нибудь мечтали совершить путешествие во времени? В ходе квеста «Дикий запад» вам представится такая возможность. Вы окажетесь в Америке, в 1870 году. Тихий провинциальный городок Тиккун, что в штате Колумбия, переживает не лучшие времена. Некогда именно здесь появилась первая американская железная дорога. Спустя некоторое время после этого мэру города удалось заключить контракт на строительство верфи для дирижаблей. Однако волею рока именно здесь появились бандиты. Местный шериф сделал все возможное для того, чтобы поймать главаря по кличке Людоед. Попытка была успешной, но привела к неприятным последствиям. Банда окружила полицейский участок и выдвинула ультиматум. Требование было однозначным: «Или вы отпускаете Людоеда, или мы стираем участок с лица земли». А между тем, внутри оказались заперты и преступники, и полицейские, и даже несколько гражданских, мельком заглянувших в участок.",,
https://xn--80aehcht5ci1b.xn--p1ai/dr1,"Wed, 24 Jun 2026 17:07:26 GMT","Wed, 24 Jun 2026 17:07:26 GMT",,unchanged,Error,Error,,,,
https://xn--80aehcht5ci1b.xn--p1ai/drakula-kvesttam,"Sun, 12 Feb 2023 10:26:40 GMT","Sun, 12 Feb 2023 10:26:40 GMT",,unchanged,«Замок Графа Дракулы» - для КвестТам,«Замок Графа Дракулы» - для КвестТам,"Вы попали в темницу замка графа Дракулы. До захода солнца остался всего час, после чего хозяин замка проснется, а вы уже никогда не увидите белый свет. Но у вас появился шанс сбежать: кому-то из предыдущих пленников это уже удалось, и он оставил вам свои подсказки... Сумейте выбраться до заката, и вы будете спасены.","Вы попали в темницу замка графа Дракулы. До захода солнца остался всего час, после чего хозяин замка проснется, а вы уже никогда не увидите белый свет. Но у вас появился шанс сбежать: кому-то из предыдущих пленников это уже удалось, и он оставил вам свои подсказки... Сумейте выбраться до заката, и вы будете спасены.",,
https://xn--80aehcht5ci1b.xn--p1ai/error,"Wed, 24 Jun 2026 17:07:26 GMT","Wed, 24 Jun 2026 17:07:26 GMT",,unchanged,Error,Error,,,,
https://xn--80aehcht5ci1b.xn--p1ai/fantom-hunter,"Sun, 12 Feb 2023 10:26:33 GMT","Sun, 12 Feb 2023 10:26:33 GMT",,unchanged,«Фантом» - для КвестХантер,«Фантом» - для КвестХантер,"После тяжелой недели вы решаете немного отдохнуть и пойти развеяться. Вы идете по улице и замечаете недалеко от вас тусклое свечение окон. Приглядевшись, вы видите, что это бар, он открылся недавно, над входом виднеется небольшая табличка с надписью «Фантом». Вы подходите ближе. Прямо возле двери вы обращаете внимание на странное объявление о поиске охранника в компанию Sigma Inc. Ходят слухи, что компания Сигма устраивает бесчеловечные опыты не только над животными, но и над людьми. Поговаривают, что в ходе этих ужасных экспериментов открылся портал в другой мир, из которого явилась отвратительная сущность... Но, кто знает, быть может, все это всего лишь слухи. Или, все-таки, Бар и компания Sigma как-то связаны? Вы не придаете этому значения и заходите внутрь бара ...","После тяжелой недели вы решаете немного отдохнуть и пойти развеяться. Вы идете по улице и замечаете недалеко от вас тусклое свечение окон. Приглядевшись, вы видите, что это бар, он открылся недавно, над входом виднеется небольшая табличка с надписью «Фантом». Вы подходите ближе. Прямо возле двери вы обращаете внимание на странное объявление о поиске охранника в компанию Sigma Inc. Ходят слухи, что компания Сигма устраивает бесчеловечные опыты не только над животными, но и над людьми. Поговаривают, что в ходе этих ужасных экспериментов открылся портал в другой мир, из которого явилась отвратительная сущность... Но, кто знает, быть может, все это всего лишь слухи. Или, все-таки, Бар и компания Sigma как-то связаны? Вы не придаете этому значения и заходите внутрь бара ...",,
https://xn--80aehcht5ci1b.xn--p1ai/fantom-kvesttam,"Sun, 12 Feb 2023 10:26:38 GMT","Sun, 12 Feb 2023 10:26:37 GMT",,unchanged,«Фантом» - для КвестТам,«Фантом» - для КвестТам,"После тяжелой недели вы решаете немного отдохнуть и пойти развеяться. Вы идете по улице и замечаете недалеко от вас тусклое свечение окон. Приглядевшись, вы видите, что это бар, он открылся недавно, над входом виднеется небольшая табличка с надписью «Фантом». Вы подходите ближе. Прямо возле двери вы обращаете внимание на странное объявление о поиске охранника в компанию Sigma Inc. Ходят слухи, что компания Сигма устраивает бесчеловечные опыты не только над животными, но и над людьми. Поговаривают, что в ходе этих ужасных экспериментов открылся портал в другой мир, из которого явилась отвратительная сущность... Но, кто знает, быть может, все это всего лишь слухи. Или, все-таки, Бар и компания Sigma как-то связаны? Вы не придаете этому значения и заходите внутрь бара ...","После тяжелой недели вы решаете немного отдохнуть и пойти развеяться. Вы идете по улице и замечаете недалеко от вас тусклое свечение окон. Приглядевшись, вы видите, что это бар, он открылся недавно, над входом виднеется небольшая табличка с надписью «Фантом». Вы подходите ближе. Прямо возле двери вы обращаете внимание на странное объявление о поиске охранника в компанию Sigma Inc. Ходят слухи, что компания Сигма устраивает бесчеловечные опыты не только над животными, но и над людьми. Поговаривают, что в ходе этих ужасных экспериментов открылся портал в другой мир, из которого явилась отвратительная сущность... Но, кто знает, быть может, все это всего лишь слухи. Или, все-таки, Бар и компания Sigma как-то связаны? Вы не придаете этому значения и заходите внутрь бара ...",,
https://xn--80aehcht5ci1b.xn--p1ai/garri-hunter,"Sun, 12 Feb 2023 10:26:34 GMT","Sun, 12 Feb 2023 10:26:34 GMT",,unchanged,«Гарри Поттер и чулан для мётел» - для КвестХантер,«Гарри Поттер и чулан для мётел» - для КвестХантер,"В стране наступили темные времена: экономика в упадке, цены, в отличие от зарплат, растут. Зато крупные корпорации, такие как EvilCorp, процветают. Пора положить конец этой несправедливости. Пора продумать план, заручиться поддержкой и совершить ограбление века! Вашей целью станет хранилище главного отделения EvilCorp, до отвала набитое деньгами и золотом. Но помните, что действовать необходимо очень быстро и аккуратно. У вас будет всего лишь 60 минут, чтобы добраться до хранилища, обойти систему безопасности, обчистить ячейки и сделать ноги.","В стране наступили темные времена: экономика в упадке, цены, в отличие от зарплат, растут. Зато крупные корпорации, такие как EvilCorp, процветают. Пора положить конец этой несправедливости. Пора продумать план, заручиться поддержкой и совершить ограбление века! Вашей целью станет хранилище главного отделения EvilCorp, до отвала набитое деньгами и золотом. Но помните, что действовать необходимо очень быстро и аккуратно. У вас будет всего лишь 60 минут, чтобы добраться до хранилища, обойти систему безопасности, обчистить ячейки и сделать ноги.",,
https://xn--80aehcht5ci1b.xn--p1ai/garri-kvesttam,"Sun, 12 Feb 2023 10:26:39 GMT","Sun, 12 Feb 2023 10:26:39 GMT",,unchanged,«Гарри Поттер и чулан для мётел» - для КвестТам,«Гарри Поттер и чулан для мётел» - для КвестТам,"В стране наступили темные времена: экономика в упадке, цены, в отличие от зарплат, растут. Зато крупные корпорации, такие как EvilCorp, процветают. Пора положить конец этой несправедливости. Пора продумать план, заручиться поддержкой и совершить ограбление века! Вашей целью станет хранилище главного отделения EvilCorp, до отвала набитое деньгами и золотом. Но помните, что действовать необходимо очень быстро и аккуратно. У вас будет всего лишь 60 минут, чтобы добраться до хранилища, обойти систему безопасности, обчистить ячейки и сделать ноги.","В стране наступили темные времена: экономика в упадке, цены, в отличие от зарплат, растут. Зато крупные корпорации, такие как EvilCorp, процветают. Пора положить конец этой несправедливости. Пора продумать план, заручиться поддержкой и совершить ограбление века! Вашей целью станет хранилище главного отделения EvilCorp, до отвала набитое деньгами и золотом. Но помните, что действовать необходимо очень быстро и аккуратно. У вас будет всего лишь 60 минут, чтобы добраться до хранилища, обойти систему безопасности, обчистить ячейки и сделать ноги.",,
https://xn--80aehcht5ci1b.xn--p1ai/garri-potter-i-kubok-ognya,"Fri, 22 May 2026 08:10:51 GMT","Fri, 22 May 2026 08:10:51 GMT",,unchanged,Квест для детей Гарри Поттер и Кубок огня в Ростове-на-Дону,Квест для детей Гарри Поттер и Кубок огня в Ростове-на-Дону,Квест Гарри Поттер и Кубок Огня от компании Чё за Квест в Ростове-на-Дону. Работаем без выходных с 10:00 до 23:00. Записывайтесь на игру на сайте.,Квест Гарри Поттер и Кубок Огня от компании Чё за Квест в Ростове-на-Дону. Работаем без выходных с 10:00 до 23:00. Записывайтесь на игру на сайте.,Квест Гарри Поттер и Кубок огня,Квест Гарри Поттер и Кубок огня
https://xn--80aehcht5ci1b.xn--p1ai/guardeskypereulog61,"Fri, 22 May 2026 08:11:10 GMT","Fri, 22 May 2026 08:11:10 GMT",,unchanged,Чё За Квест Гвардейский переулок 61 в Ростове-на-Дону,Чё За Квест Гвардейский переулок 61 в Ростове-на-Дону,Квесты в Ростове-на-Дону на перулке Гвардейский 61 от компании Че За Квест. Работаем без выходных с 10:00 до 23:00. Записывайтесь на игру на сайте.,Квесты в Ростове-на-Дону на перулке Гвардейский 61 от компании Че За Квест. Работаем без выходных с 10:00 до 23:00. Записывайтесь на игру на сайте.,Че За Квест на Гвардейском 61,Че За Квест на Гвардейском 61
https://xn--80aehcht5ci1b.xn--p1ai/header,"Wed, 24 Jun 2026 17:07:26 GMT","Wed, 24 Jun 2026 17:07:26 GMT",,unchanged,Header,Header,,,,
https://xn--80aehcht5ci1b.xn--p1ai/hostel-podval-pytok,"Mon, 01 Jun 2026 12:40:44 GMT","Mon, 01 Jun 2026 12:40:44 GMT",,unchanged,Хостел. Подвал пыток - хоррор-квест в Ростове-на-Дону,Хостел. Подвал пыток - хоррор-квест в Ростове-на-Дону,Страшный квест- Хостел. Подвал пыток в Ростове-на-Дону от компании Чё за Квест. Работаем без выходных с 10:00 до 23:00. Записывайтесь на игру на сайте.,Страшный квест- Хостел. Подвал пыток в Ростове-на-Дону от компании Чё за Квест. Работаем без выходных с 10:00 до 23:00. Записывайтесь на игру на сайте.,Квест Хостел. Подвал пыток,Квест Хостел. Подвал пыток
https://xn--80aehcht5ci1b.xn--p1ai/igra_v_kalmara,"Fri, 22 May 2026 08:10:48 GMT","Fri, 22 May 2026 08:10:48 GMT",,unchanged,Квест для детей Игра в Кальмара в Ростове-на-Дону,Квест для детей Игра в Кальмара в Ростове-на-Дону,Квест Игра в Кальмара от компании Чё за Квест в Ростове-на-Дону. Работем без выходных с 10:00 до 23:00. Записывайтесь на игру на сайте.,Квест Игра в Кальмара от компании Чё за Квест в Ростове-на-Дону. Работем без выходных с 10:00 до 23:00. Записывайтесь на игру на сайте.,Квест Игра в Кальмара,Квест Игра в Кальмара
https://xn--80aehcht5ci1b.xn--p1ai/igra-v-kalmara-lend,"Wed, 24 Jun 2026 17:07:21 GMT","Wed, 24 Jun 2026 17:07:21 GMT",,unchanged,"Детский день рождения в стиле сериала ""Игра в кальмара"" в Ростове-на-Дону | Скидки и Акции","Детский день рождения в стиле сериала ""Игра в кальмара"" в Ростове-на-Дону | Скидки и Акции","День рождения под ключ в Ростове-на-Дону. Квест ""Игра в кальмара"" на детский праздник.","День рождения под ключ в Ростове-на-Дону. Квест ""Игра в кальмара"" на детский праздник.",Детские праздники и дни рождения в стиле сериала «Игра в Кальмара» в Ростове-на-Дону,Детские праздники и дни рождения в стиле сериала «Игра в Кальмара» в Ростове-на-Дону
https://xn--80aehcht5ci1b.xn--p1ai/indiana,"Fri, 22 May 2026 08:10:57 GMT","Fri, 22 May 2026 08:10:57 GMT",,unchanged,Индиана Джонс - весёлый квест от компании «Чё За Квест»,Индиана Джонс - весёлый квест от компании «Чё За Квест»,Весёлый квест Индиана Джонс в Ростове-на-Дону. Работаем без выходных с 10:00 до 23:00. Записывайтесь на игру на сайте. Компания Чё за Квест.,Весёлый квест Индиана Джонс в Ростове-на-Дону. Работаем без выходных с 10:00 до 23:00. Записывайтесь на игру на сайте. Компания Чё за Квест.,Индиана Джонс,Индиана Джонс
https://xn--80aehcht5ci1b.xn--p1ai/kids,"Wed, 24 Jun 2026 17:07:20 GMT","Wed, 24 Jun 2026 17:07:20 GMT",,unchanged,"День рождения для ребенка в Ростове-на-Дону, цены, программы","День рождения для ребенка в Ростове-на-Дону, цены, программы","День рождения — это особенный момент в жизни каждого человека. Провести его незабываемо и с комфортом можно в студии праздников, где все внимание уделяется только вам и вашим близким. Мы предлагаем полный комплекс услуг «под ключ», который сделает ваш праздник волшебным.","День рождения — это особенный момент в жизни каждого человека. Провести его незабываемо и с комфортом можно в студии праздников, где все внимание уделяется только вам и вашим близким. Мы предлагаем полный комплекс услуг «под ключ», который сделает ваш праздник волшебным.",Подарите ребёнку приключение в квесте,Подарите ребёнку приключение в квесте
https://xn--80aehcht5ci1b.xn--p1ai/kids_spasibo,"Wed, 24 Jun 2026 17:07:20 GMT","Wed, 24 Jun 2026 17:07:20 GMT",,unchanged,Страница благодарности - Детские праздники,Страница благодарности - Детские праздники,,,,
https://xn--80aehcht5ci1b.xn--p1ai/krasnormerskaya103,"Fri, 22 May 2026 08:11:10 GMT","Fri, 22 May 2026 08:11:10 GMT",,unchanged,Че За Квест на Красноармейской 103 в Ростове-на-Дону,Че За Квест на Красноармейской 103 в Ростове-на-Дону,Квесты в Ростове-на-Дону на проспекте Красноармейской 103 от компании Че За Квест. Работем без выходных с 10:00 до 01:00. Записывайтесь на игру на сайте.,Квесты в Ростове-на-Дону на проспекте Красноармейской 103 от компании Че За Квест. Работем без выходных с 10:00 до 01:00. Записывайтесь на игру на сайте.,Че За Квест на Красноармейской 103,Че За Квест на Красноармейской 103
https://xn--80aehcht5ci1b.xn--p1ai/krestrazh-hunter,"Sun, 12 Feb 2023 10:26:36 GMT","Sun, 12 Feb 2023 10:26:36 GMT",,unchanged,«Гарри и последний крестраж» - для КвестХантер,«Гарри и последний крестраж» - для КвестХантер,"Вы – ученики самой известной школы магии и волшебства. Грядет финальная битва с Тем-Кого-Нельзя-Называть, и ваша задача – помочь Гарри ослабить силы Темного волшебника до финальной битвы, вам нужно найти и уничтожить его последний крестраж, о котором до сей поры никто не знал. До битвы остался ровно 1 час, и есть только 1 шанс на уничтожение крестража.","Вы – ученики самой известной школы магии и волшебства. Грядет финальная битва с Тем-Кого-Нельзя-Называть, и ваша задача – помочь Гарри ослабить силы Темного волшебника до финальной битвы, вам нужно найти и уничтожить его последний крестраж, о котором до сей поры никто не знал. До битвы остался ровно 1 час, и есть только 1 шанс на уничтожение крестража.",,
https://xn--80aehcht5ci1b.xn--p1ai/krestrazh-kvesttam,"Sun, 12 Feb 2023 10:26:41 GMT","Sun, 12 Feb 2023 10:26:41 GMT",,unchanged,«Гарри и последний крестраж» - для КвестТам,«Гарри и последний крестраж» - для КвестТам,"Вы – ученики самой известной школы магии и волшебства. Грядет финальная битва с Тем-Кого-Нельзя-Называть, и ваша задача – помочь Гарри ослабить силы Темного волшебника до финальной битвы, вам нужно найти и уничтожить его последний крестраж, о котором до сей поры никто не знал. До битвы остался ровно 1 час, и есть только 1 шанс на уничтожение крестража.","Вы – ученики самой известной школы магии и волшебства. Грядет финальная битва с Тем-Кого-Нельзя-Называть, и ваша задача – помочь Гарри ослабить силы Темного волшебника до финальной битвы, вам нужно найти и уничтожить его последний крестраж, о котором до сей поры никто не знал. До битвы остался ровно 1 час, и есть только 1 шанс на уничтожение крестража.",,
https://xn--80aehcht5ci1b.xn--p1ai/kvest_v_realnosti_alcatraz,"Wed, 24 Jun 2026 17:07:26 GMT","Wed, 24 Jun 2026 17:07:26 GMT",,unchanged,Error,Error,,,,
https://xn--80aehcht5ci1b.xn--p1ai/kvest_v_realnosti_dom_prizrakov,"Wed, 24 Jun 2026 17:09:32 GMT","Wed, 24 Jun 2026 17:09:32 GMT",,unchanged,Квест Дом Призраков в Ростове-на-Дону,Квест Дом Призраков в Ростове-на-Дону,"Страшный квест, полный загадок - хоррор Дом Призраков от компании Чё за Квест в Ростове-на-Дону. Работаем без выходных с 10:00 до 23:00. Записывайтесь на игру на сайте.","Страшный квест, полный загадок - хоррор Дом Призраков от компании Чё за Квест в Ростове-на-Дону. Работаем без выходных с 10:00 до 23:00. Записывайтесь на игру на сайте.",Квест Дом призраков,Квест Дом призраков
https://xn--80aehcht5ci1b.xn--p1ai/kvest_v_realnosti_fantom,"Fri, 22 May 2026 08:10:45 GMT","Fri, 22 May 2026 08:10:45 GMT",,unchanged,Фантом - квест с закрытыми глазами от Чё За Квест,Фантом - квест с закрытыми глазами от Чё За Квест,"Фантом - это квест, в котором мы не будем ставить на вас опыты, обещаем - компания Чё За Квест в Ростове-на-Дону. Работаем без выходных с 10:00 до 23:00. Записывайтесь на игру на сайте.","Фантом - это квест, в котором мы не будем ставить на вас опыты, обещаем - компания Чё За Квест в Ростове-на-Дону. Работаем без выходных с 10:00 до 23:00. Записывайтесь на игру на сайте.",Квест Фантом,Квест Фантом
https://xn--80aehcht5ci1b.xn--p1ai/kvest_v_realnosti_garri_potter_,"Fri, 22 May 2026 08:10:46 GMT","Fri, 22 May 2026 08:10:46 GMT",,unchanged,Квест для детей Гарри и Чулан для мётел в Ростове-на-Дону,Квест для детей Гарри и Чулан для мётел в Ростове-на-Дону,Квест Гарри и Чулан для Мётел от компании Чё за Квест в Ростове-на-Дону. Работаем без выходных с 10:00 до 23:00. Записывайтесь на игру на сайте.,Квест Гарри и Чулан для Мётел от компании Чё за Квест в Ростове-на-Дону. Работаем без выходных с 10:00 до 23:00. Записывайтесь на игру на сайте.,Квест Гарри Поттер и чулан для мётел,Квест Гарри Поттер и чулан для мётел
https://xn--80aehcht5ci1b.xn--p1ai/kvest_v_realnosti_harry_potter_i_krestrazh,"Wed, 24 Jun 2026 17:10:58 GMT","Wed, 24 Jun 2026 17:10:58 GMT",,unchanged,Гарри и последний крестраж - квест для поклонников Хогвартс от «Чё За Квест»,Гарри и последний крестраж - квест для поклонников Хогвартс от «Чё За Квест»,Школа магии Хогвартс просит о помощи - нужно найти последний Крестраж в Ростове-на-Дону от компании Чё за Квест. Работаем без выходных с 10:00 до 23:00. Записывайтесь на игру на сайте.,Школа магии Хогвартс просит о помощи - нужно найти последний Крестраж в Ростове-на-Дону от компании Чё за Квест. Работаем без выходных с 10:00 до 23:00. Записывайтесь на игру на сайте.,Квест Гарри Поттер и Последний Крестраж,Квест Гарри Поттер и Последний Крестраж
https://xn--80aehcht5ci1b.xn--p1ai/kvest_v_realnosti_koralina,"Fri, 22 May 2026 08:10:46 GMT","Fri, 22 May 2026 08:10:46 GMT",,unchanged,Коралина в Стране Кошмаров- Квест в Ростове-на-Дону,Коралина в Стране Кошмаров- Квест в Ростове-на-Дону,Квест-перфоманс Коралина в Стране Кошмаров от компании Чё за Квест в Ростове-на-Дону. Работаем без выходных с 10:00 до 23:00. Записывайтесь на игру на сайте.,Квест-перфоманс Коралина в Стране Кошмаров от компании Чё за Квест в Ростове-на-Дону. Работаем без выходных с 10:00 до 23:00. Записывайтесь на игру на сайте.,Квест Коралина в Стране Кошмаров,Квест Коралина в Стране Кошмаров
https://xn--80aehcht5ci1b.xn--p1ai/kvest_v_realnosti_madagaskar,"Wed, 24 Jun 2026 17:07:26 GMT","Wed, 24 Jun 2026 17:07:26 GMT",,unchanged,Error,Error,,,,
https://xn--80aehcht5ci1b.xn--p1ai/kvest_v_realnosti_noch_v_museum_ograblenie,"Wed, 24 Jun 2026 17:08:56 GMT","Wed, 24 Jun 2026 17:08:56 GMT",,unchanged,Ночь в музее. Ограбление - квест от компании «Чё За Квест»,Ночь в музее. Ограбление - квест от компании «Чё За Квест»,Приключенческий квест Ночь в музее. Ограбление - компания Чё за Квест в Ростове-на-Дону. Работаем без выходных с 10:00 до 23:00. Записывайтесь на игру на сайте.,Приключенческий квест Ночь в музее. Ограбление - компания Чё за Квест в Ростове-на-Дону. Работаем без выходных с 10:00 до 23:00. Записывайтесь на игру на сайте.,Квест Ночь в музее. Ограбление,Квест Ночь в музее. Ограбление
https://xn--80aehcht5ci1b.xn--p1ai/kvest_v_realnosti_ograblenie_banka_bumazhniy_dom,"Fri, 22 May 2026 08:10:45 GMT","Fri, 22 May 2026 08:10:45 GMT",,unchanged,Ограбление банка. Бумажный дом - весёлый квест от компании «Чё За Квест»,Ограбление банка. Бумажный дом - весёлый квест от компании «Чё За Квест»,Весёлый квест Ограбление банка в Ростове-на-Дону. Работаем без выходных с 10:00 до 23:00. Записывайтесь на игру на сайте. Компания Чё за Квест.,Весёлый квест Ограбление банка в Ростове-на-Дону. Работаем без выходных с 10:00 до 23:00. Записывайтесь на игру на сайте. Компания Чё за Квест.,Квест Ограбление банка. Бумажный дом,Квест Ограбление банка. Бумажный дом
https://xn--80aehcht5ci1b.xn--p1ai/kvest_v_realnosti_ono_3,"Wed, 24 Jun 2026 17:07:26 GMT","Wed, 24 Jun 2026 17:07:26 GMT",,unchanged,Error,Error,,,,
https://xn--80aehcht5ci1b.xn--p1ai/kvest_v_realnosti_pirats_karibskogo_morya,"Wed, 24 Jun 2026 17:07:26 GMT","Wed, 24 Jun 2026 17:07:26 GMT",,unchanged,Error,Error,,,,
https://xn--80aehcht5ci1b.xn--p1ai/kvest_v_realnosti_psihbolnitsa,"Fri, 22 May 2026 08:10:45 GMT","Fri, 22 May 2026 08:10:45 GMT",,unchanged,Хоррор квест Психбольница в Ростове-на-Дону,Хоррор квест Психбольница в Ростове-на-Дону,Страшный квест Психбольница с элементами пряток от компании Чё за Квест в Ростове-на-Дону. Работаем без выходных с 10:00 до 23:00. Записывайтесь на игру на сайте.,Страшный квест Психбольница с элементами пряток от компании Чё за Квест в Ростове-на-Дону. Работаем без выходных с 10:00 до 23:00. Записывайтесь на игру на сайте.,Квест Психбольница,Квест Психбольница
https://xn--80aehcht5ci1b.xn--p1ai/kvest_v_realnosti_sherlock_holms,"Fri, 22 May 2026 08:10:45 GMT","Fri, 22 May 2026 08:10:45 GMT",,unchanged,Ты детектив? Приходи на квест Шерлок Холмс в Ростове-на-Дону,Ты детектив? Приходи на квест Шерлок Холмс в Ростове-на-Дону,Шерлок Холмс - квест-расследование в Ростове-на-Дону от компании Чё за Квест. Работаем без выходных с 10:00 до 23:00. Записывайтесь на игру на сайте.,Шерлок Холмс - квест-расследование в Ростове-на-Дону от компании Чё за Квест. Работаем без выходных с 10:00 до 23:00. Записывайтесь на игру на сайте.,Квест Шерлок холмс,Квест Шерлок холмс
https://xn--80aehcht5ci1b.xn--p1ai/kvest_v_realnosti_wednesday,"Fri, 22 May 2026 08:10:46 GMT","Fri, 22 May 2026 08:10:46 GMT",,unchanged,Уэнсдей - квест в Ростове-на-Дону,Уэнсдей - квест в Ростове-на-Дону,Приключенческий квест Уэнсдей от компании Чё За Квест в Ростове-на-Дону. Работаем без выходных с 10:00 до 23:00. Записывайтесь на игру на сайте.,Приключенческий квест Уэнсдей от компании Чё За Квест в Ростове-на-Дону. Работаем без выходных с 10:00 до 23:00. Записывайтесь на игру на сайте.,Квест Уэнсдей. Новая битва,Квест Уэнсдей. Новая битва
https://xn--80aehcht5ci1b.xn--p1ai/kvest_v_realnosti_zamok_drakuly,"Fri, 22 May 2026 08:10:47 GMT","Fri, 22 May 2026 08:10:47 GMT",,unchanged,Квест «Замок Графа Дракулы» - от «Чё За Квест»,Квест «Замок Графа Дракулы» - от «Чё За Квест»,Квест Замок Дракулы от компании Чё За Квест в Ростове-на-Дону. Работаем без выходных с 10:00 до 23:00. Записывайтесь на игру на сайте.,Квест Замок Дракулы от компании Чё За Квест в Ростове-на-Дону. Работаем без выходных с 10:00 до 23:00. Записывайтесь на игру на сайте.,Квест Замок Графа Дракулы,Квест Замок Графа Дракулы
https://xn--80aehcht5ci1b.xn--p1ai/kvest_v_realnosti_zapad,"Fri, 22 May 2026 08:10:51 GMT","Fri, 22 May 2026 08:10:51 GMT",,unchanged,Дикий Запад - квест в Ростове-на-Дону,Дикий Запад - квест в Ростове-на-Дону,Квест в Дикий Запад от компании Чё За Квест в Ростове-на-Дону. Работаем без выходных с 10:00 до 23:00. Записывайтесь на игру на сайте.,Квест в Дикий Запад от компании Чё За Квест в Ростове-на-Дону. Работаем без выходных с 10:00 до 23:00. Записывайтесь на игру на сайте.,Квест Дикий Запад,Квест Дикий Запад
https://xn--80aehcht5ci1b.xn--p1ai/madagaskar-hunter,"Sun, 12 Feb 2023 10:26:34 GMT","Sun, 12 Feb 2023 10:26:34 GMT",,unchanged,«Мадагаскар» - для КвестХантер,«Мадагаскар» - для КвестХантер,"На юге Африки расположен солнечный остров Мадагаскар, который славится своим обилием дружелюбных животных! Наши главные герои - лев (Алекс), жираф (Мелман), зебра (Марти), бегемот (Глория) - провели своё беззаботное детство на Мадагаскаре.. Но однажды бандиты похитили наших животных и поместили их в центральный Зоопарк Нью-Йорка, так их счастливой жизни на острове пришёл конец.. Чтобы помочь животным вернуться на Родину, нам надо с вами пройти этот квест и решить все задачи!","На юге Африки расположен солнечный остров Мадагаскар, который славится своим обилием дружелюбных животных! Наши главные герои - лев (Алекс), жираф (Мелман), зебра (Марти), бегемот (Глория) - провели своё беззаботное детство на Мадагаскаре.. Но однажды бандиты похитили наших животных и поместили их в центральный Зоопарк Нью-Йорка, так их счастливой жизни на острове пришёл конец.. Чтобы помочь животным вернуться на Родину, нам надо с вами пройти этот квест и решить все задачи!",,
https://xn--80aehcht5ci1b.xn--p1ai/madagaskar-kvesttam,"Sun, 12 Feb 2023 10:26:38 GMT","Sun, 12 Feb 2023 10:26:38 GMT",,unchanged,«Мадагаскар» - для КвестТам,«Мадагаскар» - для КвестТам,"На юге Африки расположен солнечный остров Мадагаскар, который славится своим обилием дружелюбных животных! Наши главные герои - лев (Алекс), жираф (Мелман), зебра (Марти), бегемот (Глория) - провели своё беззаботное детство на Мадагаскаре.. Но однажды бандиты похитили наших животных и поместили их в центральный Зоопарк Нью-Йорка, так их счастливой жизни на острове пришёл конец.. Чтобы помочь животным вернуться на Родину, нам надо с вами пройти этот квест и решить все задачи!","На юге Африки расположен солнечный остров Мадагаскар, который славится своим обилием дружелюбных животных! Наши главные герои - лев (Алекс), жираф (Мелман), зебра (Марти), бегемот (Глория) - провели своё беззаботное детство на Мадагаскаре.. Но однажды бандиты похитили наших животных и поместили их в центральный Зоопарк Нью-Йорка, так их счастливой жизни на острове пришёл конец.. Чтобы помочь животным вернуться на Родину, нам надо с вами пройти этот квест и решить все задачи!",,
https://xn--80aehcht5ci1b.xn--p1ai/magnitogorskaya1,"Thu, 04 Jun 2026 17:19:49 GMT","Thu, 04 Jun 2026 17:19:49 GMT",,unchanged,Че За Квест на Магнитогорской 1 в Ростове-на-Дону,Че За Квест на Магнитогорской 1 в Ростове-на-Дону,Квесты в Ростове-на-Дону на улице Магнитогорской 1 от компании Че За Квест. Работаем без выходных с 10:00 до 01:00 Записывайтесь на игру на сайте.,Квесты в Ростове-на-Дону на улице Магнитогорской 1 от компании Че За Квест. Работаем без выходных с 10:00 до 01:00 Записывайтесь на игру на сайте.,Че За Квест на Магнитогорской 1,Че За Квест на Магнитогорской 1
https://xn--80aehcht5ci1b.xn--p1ai/meet,"Wed, 24 Jun 2026 17:07:26 GMT","Wed, 24 Jun 2026 17:07:26 GMT",,unchanged,Error,Error,,,,
https://xn--80aehcht5ci1b.xn--p1ai/minecraft,"Fri, 22 May 2026 08:10:53 GMT","Fri, 22 May 2026 08:10:53 GMT",,unchanged,Квест в стиле Майнкрафт в Ростове-на-Дону,Квест в стиле Майнкрафт в Ростове-на-Дону,День рождения под ключ в Ростове-на-Дону. Шоу Майнкрафт на детский праздник. Работаем без выходных с 10:00 до 23:00. Бронируйте на сайте.,День рождения под ключ в Ростове-на-Дону. Шоу Майнкрафт на детский праздник. Работаем без выходных с 10:00 до 23:00. Бронируйте на сайте.,Квест Майнкрафт,Квест Майнкрафт
https://xn--80aehcht5ci1b.xn--p1ai/minecraft-lend,"Wed, 24 Jun 2026 17:07:20 GMT","Wed, 24 Jun 2026 17:07:20 GMT",,unchanged,"Детский день рождения в стиле ""Майнкрафт"" в Ростове-на-Дону | Скидки и Акции","Детский день рождения в стиле ""Майнкрафт"" в Ростове-на-Дону | Скидки и Акции",День рождения под ключ в Ростове-на-Дону. Шоу Майнкрафт на детский праздник.,День рождения под ключ в Ростове-на-Дону. Шоу Майнкрафт на детский праздник.,Незабываемый праздник в настоящем квесте с любимыми героями,Незабываемый праздник в настоящем квесте с любимыми героями
https://xn--80aehcht5ci1b.xn--p1ai/mira27,"Fri, 22 May 2026 08:11:12 GMT","Fri, 22 May 2026 08:11:12 GMT",,unchanged,Че За Квест на Мира 27 в Ростове-на-Дону,Че За Квест на Мира 27 в Ростове-на-Дону,Квесты в Ростове-на-Дону на улице Мира 27 от компании Че За Квест. Работаем без выходных с 10:00 до 23:00. Записывайтесь на игру на сайте.,Квесты в Ростове-на-Дону на улице Мира 27 от компании Че За Квест. Работаем без выходных с 10:00 до 23:00. Записывайтесь на игру на сайте.,Че За Квест на проспекте Мира 27,Че За Квест на проспекте Мира 27
https://xn--80aehcht5ci1b.xn--p1ai/mystery_shack,"Fri, 22 May 2026 08:10:56 GMT","Fri, 22 May 2026 08:10:56 GMT",,unchanged,Хижина Чудес - весёлый квест от компании «Чё За Квест»,Хижина Чудес - весёлый квест от компании «Чё За Квест»,Весёлый квест Хижина Чудес в Ростове-на-Дону. Работаем без выходных с 10:00 до 23:00. Записывайтесь на игру на сайте. Компания Чё за Квест.,Весёлый квест Хижина Чудес в Ростове-на-Дону. Работаем без выходных с 10:00 до 23:00. Записывайтесь на игру на сайте. Компания Чё за Квест.,Хижина Чудес,Хижина Чудес
https://xn--80aehcht5ci1b.xn--p1ai/nagibina14,"Fri, 22 May 2026 08:11:13 GMT","Fri, 22 May 2026 08:11:13 GMT",,unchanged,Че За Квест на Нагибина 14а в Ростове-на-Дону,Че За Квест на Нагибина 14а в Ростове-на-Дону,Квесты в Ростове-на-Дону на проспекте Михаила Нагибина 14а от компании Че За Квест. Работаем без выходных с 10:00 до 23:00. Записывайтесь на игру на сайте.,Квесты в Ростове-на-Дону на проспекте Михаила Нагибина 14а от компании Че За Квест. Работаем без выходных с 10:00 до 23:00. Записывайтесь на игру на сайте.,Че За Квест на проспекте Михаила Нагибина 14а,Че За Квест на проспекте Михаила Нагибина 14а
https://xn--80aehcht5ci1b.xn--p1ai/nansena107,"Fri, 22 May 2026 08:11:11 GMT","Fri, 22 May 2026 08:11:11 GMT",,unchanged,Че За Квест на Нансена 107/1 в Ростове-на-Дону,Че За Квест на Нансена 107/1 в Ростове-на-Дону,Квесты в Ростове-на-Дону на улице Нансена 107/1 от компании Че За Квест. Работаем без выходных с 10:00 до 23:00. Записывайтесь на игру на сайте.,Квесты в Ростове-на-Дону на улице Нансена 107/1 от компании Че За Квест. Работаем без выходных с 10:00 до 23:00. Записывайтесь на игру на сайте.,Че За Квест на Нансена 107/1,Че За Квест на Нансена 107/1
https://xn--80aehcht5ci1b.xn--p1ai/new-year,"Wed, 24 Jun 2026 17:07:24 GMT","Wed, 24 Jun 2026 17:07:24 GMT",,unchanged,"Новый год в Чё За Квест в Ростове-на-Дону, цены, программы","Новый год в Чё За Квест в Ростове-на-Дону, цены, программы","День рождения — это особенный момент в жизни каждого человека. Провести его незабываемо и с комфортом можно в студии праздников, где все внимание уделяется только вам и вашим близким. Мы предлагаем полный комплекс услуг «под ключ», который сделает ваш праздник волшебным.","День рождения — это особенный момент в жизни каждого человека. Провести его незабываемо и с комфортом можно в студии праздников, где все внимание уделяется только вам и вашим близким. Мы предлагаем полный комплекс услуг «под ключ», который сделает ваш праздник волшебным.",Новогодний праздник для школьников,Новогодний праздник для школьников
https://xn--80aehcht5ci1b.xn--p1ai/new-year-2025,"Fri, 10 Apr 2026 09:53:52 GMT","Fri, 10 Apr 2026 09:53:52 GMT",,unchanged,Новогодний праздник для детей в Ростове-на-Дону. Новый год 2025.,Новогодний праздник для детей в Ростове-на-Дону. Новый год 2025.,"Отметить Новый год в квесте и VR для детей 6-17 лет в Ростове-на-Дону. Организуем Новогодний прздник. Шоу-квесты, мастер классы и конкурсы.","Отметить Новый год в квесте и VR для детей 6-17 лет в Ростове-на-Дону. Организуем Новогодний прздник. Шоу-квесты, мастер классы и конкурсы.",,
https://xn--80aehcht5ci1b.xn--p1ai/noch-hunter,"Sun, 12 Feb 2023 10:26:36 GMT","Sun, 12 Feb 2023 10:26:36 GMT",,unchanged,«Ночь в музее.Ограбление» - для КвестХантер,«Ночь в музее.Ограбление» - для КвестХантер,"Вы – команда профессионалов, лучших грабителей, которых выбрали, чтобы совершить ограбление века! Нужно выкрасть самый ценный экспонат из Музея Современного Искусства! У вас есть ровно один час, пока один из охранников вышел за пончиками. Время пошло!","Вы – команда профессионалов, лучших грабителей, которых выбрали, чтобы совершить ограбление века! Нужно выкрасть самый ценный экспонат из Музея Современного Искусства! У вас есть ровно один час, пока один из охранников вышел за пончиками. Время пошло!",,
https://xn--80aehcht5ci1b.xn--p1ai/noch-kvesttam,"Sun, 12 Feb 2023 10:26:40 GMT","Sun, 12 Feb 2023 10:26:40 GMT",,unchanged,«Ночь в музее.Ограбление» - для КвестТам,«Ночь в музее.Ограбление» - для КвестТам,"Вы – команда профессионалов, лучших грабителей, которых выбрали, чтобы совершить ограбление века! Нужно выкрасть самый ценный экспонат из Музея Современного Искусства! У вас есть ровно один час, пока один из охранников вышел за пончиками. Время пошло!","Вы – команда профессионалов, лучших грабителей, которых выбрали, чтобы совершить ограбление века! Нужно выкрасть самый ценный экспонат из Музея Современного Искусства! У вас есть ровно один час, пока один из охранников вышел за пончиками. Время пошло!",,
https://xn--80aehcht5ci1b.xn--p1ai/ograblenie,"Wed, 24 Jun 2026 17:07:26 GMT","Wed, 24 Jun 2026 17:07:26 GMT",,unchanged,Error,Error,,,,
https://xn--80aehcht5ci1b.xn--p1ai/ono,"Fri, 22 May 2026 08:10:49 GMT","Fri, 22 May 2026 08:10:49 GMT",,unchanged,Хоррор квест ОНО в Ростове-на-Дону,Хоррор квест ОНО в Ростове-на-Дону,"Квест ОНО - хоррор от компании Чё За Квест в Ростове-на-Дону. Думаете, что попали в цирк ? Наш клоун докажет обратное . Работаем без выходных с 10:00 до 23:00. Записывайтесь на игру на сайте.","Квест ОНО - хоррор от компании Чё За Квест в Ростове-на-Дону. Думаете, что попали в цирк ? Наш клоун докажет обратное . Работаем без выходных с 10:00 до 23:00. Записывайтесь на игру на сайте.",Квест ОНО,Квест ОНО
https://xn--80aehcht5ci1b.xn--p1ai/ono-hunter,"Sun, 12 Feb 2023 10:26:34 GMT","Sun, 12 Feb 2023 10:26:34 GMT",,unchanged,«ОНО 3» - для КвестХантер,«ОНО 3» - для КвестХантер,"Каждые 27 лет ОНО приходит, чтоб полакомится страхами и отведать плоти мирных жителей небольшого городка, но на этот раз вы не намерены так просто сдаваться и решаете покончить с этим ужасом раз и навсегда. Спускаясь все ниже в логово кровожадного клоуна вы все больше понимаете: схватка будет нелёгкой, каждая клеточка дрожит от неизвестности, а тьма сгущается. Скелеты, которые вы так долго прятали, будут найдены. Сегодня то, что было сокрыто внутри и вызывало мурашки от одной только мысли превратится в явь. Кажется вы уже не одни. ОНО где-то рядом и уже облизывается в предвкушении. Поиграем?","Каждые 27 лет ОНО приходит, чтоб полакомится страхами и отведать плоти мирных жителей небольшого городка, но на этот раз вы не намерены так просто сдаваться и решаете покончить с этим ужасом раз и навсегда. Спускаясь все ниже в логово кровожадного клоуна вы все больше понимаете: схватка будет нелёгкой, каждая клеточка дрожит от неизвестности, а тьма сгущается. Скелеты, которые вы так долго прятали, будут найдены. Сегодня то, что было сокрыто внутри и вызывало мурашки от одной только мысли превратится в явь. Кажется вы уже не одни. ОНО где-то рядом и уже облизывается в предвкушении. Поиграем?",,
https://xn--80aehcht5ci1b.xn--p1ai/ono-kvesttam,"Sun, 12 Feb 2023 10:26:39 GMT","Sun, 12 Feb 2023 10:26:39 GMT",,unchanged,«ОНО 3» - для КвестТам,«ОНО 3» - для КвестТам,"Каждые 27 лет ОНО приходит, чтоб полакомится страхами и отведать плоти мирных жителей небольшого городка, но на этот раз вы не намерены так просто сдаваться и решаете покончить с этим ужасом раз и навсегда. Спускаясь все ниже в логово кровожадного клоуна вы все больше понимаете: схватка будет нелёгкой, каждая клеточка дрожит от неизвестности, а тьма сгущается. Скелеты, которые вы так долго прятали, будут найдены. Сегодня то, что было сокрыто внутри и вызывало мурашки от одной только мысли превратится в явь. Кажется вы уже не одни. ОНО где-то рядом и уже облизывается в предвкушении. Поиграем?","Каждые 27 лет ОНО приходит, чтоб полакомится страхами и отведать плоти мирных жителей небольшого городка, но на этот раз вы не намерены так просто сдаваться и решаете покончить с этим ужасом раз и навсегда. Спускаясь все ниже в логово кровожадного клоуна вы все больше понимаете: схватка будет нелёгкой, каждая клеточка дрожит от неизвестности, а тьма сгущается. Скелеты, которые вы так долго прятали, будут найдены. Сегодня то, что было сокрыто внутри и вызывало мурашки от одной только мысли превратится в явь. Кажется вы уже не одни. ОНО где-то рядом и уже облизывается в предвкушении. Поиграем?",,
https://xn--80aehcht5ci1b.xn--p1ai/page10719803.html,"Sun, 11 Jan 2026 18:05:21 GMT","Sun, 11 Jan 2026 18:05:20 GMT",h1,changed,«Чё За Квест» - квесты в реальности в Ростове-на-Дону,«Чё За Квест» - квесты в реальности в Ростове-на-Дону,"Что такое «Чё За Квест»? В замкнутой локации запирается команда от 2 до 10 человек, и за час, решая головоломки, подбирая коды, используя окружающие предметы, включая смекалку и выключая грубую физическую силу, Ты и твои «соседи» должны выбраться из комнаты.","Что такое «Чё За Квест»? В замкнутой локации запирается команда от 2 до 10 человек, и за час, решая головоломки, подбирая коды, используя окружающие предметы, включая смекалку и выключая грубую физическую силу, Ты и твои «соседи» должны выбраться из комнаты.", | 10 484 игрока поставили нам 10/10 | вам тоже понравится или вернем деньги без лишних вопросов | Квеструм №1 в Ростове для детей и взрослых,
https://xn--80aehcht5ci1b.xn--p1ai/page10784153.html,"Wed, 24 Jun 2026 17:07:26 GMT","Wed, 24 Jun 2026 17:07:26 GMT",,unchanged,Error,Error,,,,
https://xn--80aehcht5ci1b.xn--p1ai/page131787606.html,"Wed, 24 Jun 2026 17:07:26 GMT","Wed, 24 Jun 2026 17:07:26 GMT",,unchanged,Картинки для Нейросайтов,Картинки для Нейросайтов,НЕ УДАЛЯТЬ!,НЕ УДАЛЯТЬ!,,
https://xn--80aehcht5ci1b.xn--p1ai/page17601643.html,"Sun, 12 Feb 2023 10:25:57 GMT","Sun, 12 Feb 2023 10:25:57 GMT",,unchanged,Агрегатор без API (КвестХантер),Агрегатор без API (КвестХантер),Мы открыты и соблюдаем все необходимые меры. Даем маски бесплатно и обрабатываем руки антисептиком! Квесты в реальности для взрослых и детей. 10 разных сценариев. У нас более 900 проверенных отзывов - нам можно доверять.,Мы открыты и соблюдаем все необходимые меры. Даем маски бесплатно и обрабатываем руки антисептиком! Квесты в реальности для взрослых и детей. 10 разных сценариев. У нас более 900 проверенных отзывов - нам можно доверять.,Квеструм №1 в Ростове для детей и взрослых,Квеструм №1 в Ростове для детей и взрослых
https://xn--80aehcht5ci1b.xn--p1ai/page17601875.html,"Sun, 12 Feb 2023 10:26:00 GMT","Sun, 12 Feb 2023 10:26:00 GMT",,unchanged,«Ограбление банка. Бумажный дом» - для КвестХантер,«Ограбление банка. Бумажный дом» - для КвестХантер,"В стране наступили темные времена: экономика в упадке, цены, в отличие от зарплат, растут. Зато крупные корпорации, такие как EvilCorp, процветают. Пора положить конец этой несправедливости. Пора продумать план, заручиться поддержкой и совершить ограбление века! Вашей целью станет хранилище главного отделения EvilCorp, до отвала набитое деньгами и золотом. Но помните, что действовать необходимо очень быстро и аккуратно. У вас будет всего лишь 60 минут, чтобы добраться до хранилища, обойти систему безопасности, обчистить ячейки и сделать ноги.","В стране наступили темные времена: экономика в упадке, цены, в отличие от зарплат, растут. Зато крупные корпорации, такие как EvilCorp, процветают. Пора положить конец этой несправедливости. Пора продумать план, заручиться поддержкой и совершить ограбление века! Вашей целью станет хранилище главного отделения EvilCorp, до отвала набитое деньгами и золотом. Но помните, что действовать необходимо очень быстро и аккуратно. У вас будет всего лишь 60 минут, чтобы добраться до хранилища, обойти систему безопасности, обчистить ячейки и сделать ноги.",,
https://xn--80aehcht5ci1b.xn--p1ai/page17602182.html,"Sun, 12 Feb 2023 10:26:32 GMT","Sun, 12 Feb 2023 10:26:32 GMT",,unchanged,«Шерлок Холмс» - для КвестХантер,«Шерлок Холмс» - для КвестХантер,"Вы одни из лучших детективов в мире. Сам Шерлок Холмс заметил вас. Чтобы проверить ваши знания, он отправил вас на задание в логово масонов – разгадать их тайну. Посмотрим, справитесь ли вы за 60 минут!","Вы одни из лучших детективов в мире. Сам Шерлок Холмс заметил вас. Чтобы проверить ваши знания, он отправил вас на задание в логово масонов – разгадать их тайну. Посмотрим, справитесь ли вы за 60 минут!",,
https://xn--80aehcht5ci1b.xn--p1ai/page17602241.html,"Sun, 12 Feb 2023 10:26:32 GMT","Sun, 12 Feb 2023 10:26:32 GMT",,unchanged,«Побег из Алькатраса» - для КвестХантер,«Побег из Алькатраса» - для КвестХантер,"Знаменитый Алькатрас – остров, на котором ранее находилась сверхзащищенная и, пожалуй, самая популярная в мире тюрьма. Несмотря на то, что она прославилась как заведение, из которого практически невозможно сбежать, в 1962 году трое заключенных после длительной подготовки смогли улизнуть из-под бдительной стражи, затратив на это ровно час и подгадав время, когда в их секторе практически не было охраны. Чтобы выяснить, как они смогли это сделать, Федеральное бюро расследований нашло добровольцев – вас, у которых есть ровно 60 минут, чтобы понять, как преступники смогли преодолеть все ловушки Алькатраса.","Знаменитый Алькатрас – остров, на котором ранее находилась сверхзащищенная и, пожалуй, самая популярная в мире тюрьма. Несмотря на то, что она прославилась как заведение, из которого практически невозможно сбежать, в 1962 году трое заключенных после длительной подготовки смогли улизнуть из-под бдительной стражи, затратив на это ровно час и подгадав время, когда в их секторе практически не было охраны. Чтобы выяснить, как они смогли это сделать, Федеральное бюро расследований нашло добровольцев – вас, у которых есть ровно 60 минут, чтобы понять, как преступники смогли преодолеть все ловушки Алькатраса.",,
https://xn--80aehcht5ci1b.xn--p1ai/page17602499.html,"Sun, 12 Feb 2023 10:26:33 GMT","Sun, 12 Feb 2023 10:26:33 GMT",,unchanged,«Фантом» - для КвестХантер,«Фантом» - для КвестХантер,"После тяжелой недели вы решаете немного отдохнуть и пойти развеяться. Вы идете по улице и замечаете недалеко от вас тусклое свечение окон. Приглядевшись, вы видите, что это бар, он открылся недавно, над входом виднеется небольшая табличка с надписью «Фантом». Вы подходите ближе. Прямо возле двери вы обращаете внимание на странное объявление о поиске охранника в компанию Sigma Inc. Ходят слухи, что компания Сигма устраивает бесчеловечные опыты не только над животными, но и над людьми. Поговаривают, что в ходе этих ужасных экспериментов открылся портал в другой мир, из которого явилась отвратительная сущность... Но, кто знает, быть может, все это всего лишь слухи. Или, все-таки, Бар и компания Sigma как-то связаны? Вы не придаете этому значения и заходите внутрь бара ...","После тяжелой недели вы решаете немного отдохнуть и пойти развеяться. Вы идете по улице и замечаете недалеко от вас тусклое свечение окон. Приглядевшись, вы видите, что это бар, он открылся недавно, над входом виднеется небольшая табличка с надписью «Фантом». Вы подходите ближе. Прямо возле двери вы обращаете внимание на странное объявление о поиске охранника в компанию Sigma Inc. Ходят слухи, что компания Сигма устраивает бесчеловечные опыты не только над животными, но и над людьми. Поговаривают, что в ходе этих ужасных экспериментов открылся портал в другой мир, из которого явилась отвратительная сущность... Но, кто знает, быть может, все это всего лишь слухи. Или, все-таки, Бар и компания Sigma как-то связаны? Вы не придаете этому значения и заходите внутрь бара ...",,
https://xn--80aehcht5ci1b.xn--p1ai/page17602532.html,"Sun, 12 Feb 2023 10:26:33 GMT","Sun, 12 Feb 2023 10:26:33 GMT",,unchanged,«Дикий Запад» - для КвестХантер,«Дикий Запад» - для КвестХантер,"Вы когда-нибудь мечтали совершить путешествие во времени? В ходе квеста «Дикий запад» вам представится такая возможность. Вы окажетесь в Америке, в 1870 году. Тихий провинциальный городок Тиккун, что в штате Колумбия, переживает не лучшие времена. Некогда именно здесь появилась первая американская железная дорога. Спустя некоторое время после этого мэру города удалось заключить контракт на строительство верфи для дирижаблей. Однако волею рока именно здесь появились бандиты. Местный шериф сделал все возможное для того, чтобы поймать главаря по кличке Людоед. Попытка была успешной, но привела к неприятным последствиям. Банда окружила полицейский участок и выдвинула ультиматум. Требование было однозначным: «Или вы отпускаете Людоеда, или мы стираем участок с лица земли». А между тем, внутри оказались заперты и преступники, и полицейские, и даже несколько гражданских, мельком заглянувших в участок.","Вы когда-нибудь мечтали совершить путешествие во времени? В ходе квеста «Дикий запад» вам представится такая возможность. Вы окажетесь в Америке, в 1870 году. Тихий провинциальный городок Тиккун, что в штате Колумбия, переживает не лучшие времена. Некогда именно здесь появилась первая американская железная дорога. Спустя некоторое время после этого мэру города удалось заключить контракт на строительство верфи для дирижаблей. Однако волею рока именно здесь появились бандиты. Местный шериф сделал все возможное для того, чтобы поймать главаря по кличке Людоед. Попытка была успешной, но привела к неприятным последствиям. Банда окружила полицейский участок и выдвинула ультиматум. Требование было однозначным: «Или вы отпускаете Людоеда, или мы стираем участок с лица земли». А между тем, внутри оказались заперты и преступники, и полицейские, и даже несколько гражданских, мельком заглянувших в участок.",,
https://xn--80aehcht5ci1b.xn--p1ai/page17602569.html,"Sun, 12 Feb 2023 10:26:33 GMT","Sun, 12 Feb 2023 10:26:33 GMT",,unchanged,«Психбольница» - для КвестХантер,«Психбольница» - для КвестХантер,"Вы просыпаетесь в старой психиатрической лечебнице с диагнозом «шизофрения». Ваши мольбы и крики никто не услышит. Ровно через час вас отправят на прием «спасительной» лоботомии, после которой вы никогда не сможете вернуться к привычной жизни. Успеете сбежать за 60 минут?","Вы просыпаетесь в старой психиатрической лечебнице с диагнозом «шизофрения». Ваши мольбы и крики никто не услышит. Ровно через час вас отправят на прием «спасительной» лоботомии, после которой вы никогда не сможете вернуться к привычной жизни. Успеете сбежать за 60 минут?",,
https://xn--80aehcht5ci1b.xn--p1ai/page17602664.html,"Sun, 12 Feb 2023 10:26:33 GMT","Sun, 12 Feb 2023 10:26:33 GMT",,unchanged,«Мадагаскар» - для КвестХантер,«Мадагаскар» - для КвестХантер,"На юге Африки расположен солнечный остров Мадагаскар, который славится своим обилием дружелюбных животных! Наши главные герои - лев (Алекс), жираф (Мелман), зебра (Марти), бегемот (Глория) - провели своё беззаботное детство на Мадагаскаре.. Но однажды бандиты похитили наших животных и поместили их в центральный Зоопарк Нью-Йорка, так их счастливой жизни на острове пришёл конец.. Чтобы помочь животным вернуться на Родину, нам надо с вами пройти этот квест и решить все задачи!","На юге Африки расположен солнечный остров Мадагаскар, который славится своим обилием дружелюбных животных! Наши главные герои - лев (Алекс), жираф (Мелман), зебра (Марти), бегемот (Глория) - провели своё беззаботное детство на Мадагаскаре.. Но однажды бандиты похитили наших животных и поместили их в центральный Зоопарк Нью-Йорка, так их счастливой жизни на острове пришёл конец.. Чтобы помочь животным вернуться на Родину, нам надо с вами пройти этот квест и решить все задачи!",,
https://xn--80aehcht5ci1b.xn--p1ai/page17602693.html,"Sun, 12 Feb 2023 10:26:34 GMT","Sun, 12 Feb 2023 10:26:34 GMT",,unchanged,«Гарри Поттер и чулан для мётел» - для КвестХантер,«Гарри Поттер и чулан для мётел» - для КвестХантер,"В стране наступили темные времена: экономика в упадке, цены, в отличие от зарплат, растут. Зато крупные корпорации, такие как EvilCorp, процветают. Пора положить конец этой несправедливости. Пора продумать план, заручиться поддержкой и совершить ограбление века! Вашей целью станет хранилище главного отделения EvilCorp, до отвала набитое деньгами и золотом. Но помните, что действовать необходимо очень быстро и аккуратно. У вас будет всего лишь 60 минут, чтобы добраться до хранилища, обойти систему безопасности, обчистить ячейки и сделать ноги.","В стране наступили темные времена: экономика в упадке, цены, в отличие от зарплат, растут. Зато крупные корпорации, такие как EvilCorp, процветают. Пора положить конец этой несправедливости. Пора продумать план, заручиться поддержкой и совершить ограбление века! Вашей целью станет хранилище главного отделения EvilCorp, до отвала набитое деньгами и золотом. Но помните, что действовать необходимо очень быстро и аккуратно. У вас будет всего лишь 60 минут, чтобы добраться до хранилища, обойти систему безопасности, обчистить ячейки и сделать ноги.",,
https://xn--80aehcht5ci1b.xn--p1ai/page17602725.html,"Sun, 12 Feb 2023 10:26:34 GMT","Sun, 12 Feb 2023 10:26:34 GMT",,unchanged,«Пираты карибского моря» - для КвестХантер,«Пираты карибского моря» - для КвестХантер,"Вы – искатели приключений! Вам удалось раздобыть редкую карту, на которой сказано, где искать легендарный клад пиратов. Вы сразу же отправились на поиски сокровищ! Но как оказалось, морские волки бдительно охраняют свой клад... В момент, когда вы почти были у цели, на ваш корабль напали! Пираты пленили вас и собираются на рассвете скормить акулам! Морские разбойники опустошили несколько бутылок рома и теперь спят мертвецким сном. У вас появился шанс сбежать из своей клетки! Чтобы выбраться от пиратов, вам придется решить загадки и разгадать коды в каюте капитана на необитаемом острове и в хижине пиратов.","Вы – искатели приключений! Вам удалось раздобыть редкую карту, на которой сказано, где искать легендарный клад пиратов. Вы сразу же отправились на поиски сокровищ! Но как оказалось, морские волки бдительно охраняют свой клад... В момент, когда вы почти были у цели, на ваш корабль напали! Пираты пленили вас и собираются на рассвете скормить акулам! Морские разбойники опустошили несколько бутылок рома и теперь спят мертвецким сном. У вас появился шанс сбежать из своей клетки! Чтобы выбраться от пиратов, вам придется решить загадки и разгадать коды в каюте капитана на необитаемом острове и в хижине пиратов.",,
https://xn--80aehcht5ci1b.xn--p1ai/page17602753.html,"Sun, 12 Feb 2023 10:26:34 GMT","Sun, 12 Feb 2023 10:26:34 GMT",,unchanged,«ОНО 3» - для КвестХантер,«ОНО 3» - для КвестХантер,"Каждые 27 лет ОНО приходит, чтоб полакомится страхами и отведать плоти мирных жителей небольшого городка, но на этот раз вы не намерены так просто сдаваться и решаете покончить с этим ужасом раз и навсегда. Спускаясь все ниже в логово кровожадного клоуна вы все больше понимаете: схватка будет нелёгкой, каждая клеточка дрожит от неизвестности, а тьма сгущается. Скелеты, которые вы так долго прятали, будут найдены. Сегодня то, что было сокрыто внутри и вызывало мурашки от одной только мысли превратится в явь. Кажется вы уже не одни. ОНО где-то рядом и уже облизывается в предвкушении. Поиграем?","Каждые 27 лет ОНО приходит, чтоб полакомится страхами и отведать плоти мирных жителей небольшого городка, но на этот раз вы не намерены так просто сдаваться и решаете покончить с этим ужасом раз и навсегда. Спускаясь все ниже в логово кровожадного клоуна вы все больше понимаете: схватка будет нелёгкой, каждая клеточка дрожит от неизвестности, а тьма сгущается. Скелеты, которые вы так долго прятали, будут найдены. Сегодня то, что было сокрыто внутри и вызывало мурашки от одной только мысли превратится в явь. Кажется вы уже не одни. ОНО где-то рядом и уже облизывается в предвкушении. Поиграем?",,
https://xn--80aehcht5ci1b.xn--p1ai/page17602790.html,"Sun, 12 Feb 2023 10:26:35 GMT","Sun, 12 Feb 2023 10:26:35 GMT",,unchanged,«Замок Графа Дракулы» - для КвестХантер,«Замок Графа Дракулы» - для КвестХантер,"Вы попали в темницу замка графа Дракулы. До захода солнца остался всего час, после чего хозяин замка проснется, а вы уже никогда не увидите белый свет. Но у вас появился шанс сбежать: кому-то из предыдущих пленников это уже удалось, и он оставил вам свои подсказки... Сумейте выбраться до заката, и вы будете спасены.","Вы попали в темницу замка графа Дракулы. До захода солнца остался всего час, после чего хозяин замка проснется, а вы уже никогда не увидите белый свет. Но у вас появился шанс сбежать: кому-то из предыдущих пленников это уже удалось, и он оставил вам свои подсказки... Сумейте выбраться до заката, и вы будете спасены.",,
https://xn--80aehcht5ci1b.xn--p1ai/page17602829.html,"Sun, 12 Feb 2023 10:26:35 GMT","Sun, 12 Feb 2023 10:26:35 GMT",,unchanged,«Проклятие Аннабель» - для КвестХантер,«Проклятие Аннабель» - для КвестХантер,"Семья ваших друзей внезапно пропала. Последний раз их видели в вашей компании некоторое время назад. Полиция подозревает вас и намеревается задержать в самое ближайшее время. Чтобы избежать этого, вы решаете провести самостоятельное расследование тайны их исчезновения. И начать вы решаете с осмотра их квартиры. Возможно, вам удастся разгадать тайну исчезновения ваших друзей или, как минимум, создать себе достоверное алиби... У вас есть на это ровно час.","Семья ваших друзей внезапно пропала. Последний раз их видели в вашей компании некоторое время назад. Полиция подозревает вас и намеревается задержать в самое ближайшее время. Чтобы избежать этого, вы решаете провести самостоятельное расследование тайны их исчезновения. И начать вы решаете с осмотра их квартиры. Возможно, вам удастся разгадать тайну исчезновения ваших друзей или, как минимум, создать себе достоверное алиби... У вас есть на это ровно час.",,
https://xn--80aehcht5ci1b.xn--p1ai/page17602893.html,"Sun, 12 Feb 2023 10:26:35 GMT","Sun, 12 Feb 2023 10:26:35 GMT",,unchanged,«Дом Призраков» - для КвестХантер,«Дом Призраков» - для КвестХантер,"Когда-то, больше ста лет назад, в этом доме играл рояль, звучал детский смех и все в нем были счастливы. Но однажды в семье разыгралась страшная трагедия, после чего в доме остались лишь призраки... Поговаривают, что там поселился сам демон, и избавить дом от него сможет тот, кто соберет трех обезьян: «не вижу зла», «не слышу зла», «не говорю зла». Но вы не верите в эти сказки и решили все проверить сами. Возможно, именно вам удастся освободить призраков и избавить дом от демона. Удачи!","Когда-то, больше ста лет назад, в этом доме играл рояль, звучал детский смех и все в нем были счастливы. Но однажды в семье разыгралась страшная трагедия, после чего в доме остались лишь призраки... Поговаривают, что там поселился сам демон, и избавить дом от него сможет тот, кто соберет трех обезьян: «не вижу зла», «не слышу зла», «не говорю зла». Но вы не верите в эти сказки и решили все проверить сами. Возможно, именно вам удастся освободить призраков и избавить дом от демона. Удачи!",,
https://xn--80aehcht5ci1b.xn--p1ai/page17602934.html,"Sun, 12 Feb 2023 10:26:36 GMT","Sun, 12 Feb 2023 10:26:36 GMT",,unchanged,«Ночь в музее.Ограбление» - для КвестХантер,«Ночь в музее.Ограбление» - для КвестХантер,"Вы – команда профессионалов, лучших грабителей, которых выбрали, чтобы совершить ограбление века! Нужно выкрасть самый ценный экспонат из Музея Современного Искусства! У вас есть ровно один час, пока один из охранников вышел за пончиками. Время пошло!","Вы – команда профессионалов, лучших грабителей, которых выбрали, чтобы совершить ограбление века! Нужно выкрасть самый ценный экспонат из Музея Современного Искусства! У вас есть ровно один час, пока один из охранников вышел за пончиками. Время пошло!",,
https://xn--80aehcht5ci1b.xn--p1ai/page17602969.html,"Sun, 12 Feb 2023 10:26:36 GMT","Sun, 12 Feb 2023 10:26:36 GMT",,unchanged,«Гарри и последний крестраж» - для КвестХантер,«Гарри и последний крестраж» - для КвестХантер,"Вы – ученики самой известной школы магии и волшебства. Грядет финальная битва с Тем-Кого-Нельзя-Называть, и ваша задача – помочь Гарри ослабить силы Темного волшебника до финальной битвы, вам нужно найти и уничтожить его последний крестраж, о котором до сей поры никто не знал. До битвы остался ровно 1 час, и есть только 1 шанс на уничтожение крестража.","Вы – ученики самой известной школы магии и волшебства. Грядет финальная битва с Тем-Кого-Нельзя-Называть, и ваша задача – помочь Гарри ослабить силы Темного волшебника до финальной битвы, вам нужно найти и уничтожить его последний крестраж, о котором до сей поры никто не знал. До битвы остался ровно 1 час, и есть только 1 шанс на уничтожение крестража.",,
https://xn--80aehcht5ci1b.xn--p1ai/page17604184.html,"Sun, 12 Feb 2023 10:26:36 GMT","Sun, 12 Feb 2023 10:26:36 GMT",,unchanged,Агрегатор без API (КвестТам),Агрегатор без API (КвестТам),Мы открыты и соблюдаем все необходимые меры. Даем маски бесплатно и обрабатываем руки антисептиком! Квесты в реальности для взрослых и детей. 10 разных сценариев. У нас более 900 проверенных отзывов - нам можно доверять.,Мы открыты и соблюдаем все необходимые меры. Даем маски бесплатно и обрабатываем руки антисептиком! Квесты в реальности для взрослых и детей. 10 разных сценариев. У нас более 900 проверенных отзывов - нам можно доверять.,Квеструм №1 в Ростове для детей и взрослых,Квеструм №1 в Ростове для детей и взрослых
https://xn--80aehcht5ci1b.xn--p1ai/page17604510.html,"Sun, 12 Feb 2023 10:26:37 GMT","Sun, 12 Feb 2023 10:26:37 GMT",,unchanged,«Ограбление банка. Бумажный дом» - для КвестТам,«Ограбление банка. Бумажный дом» - для КвестТам,"В стране наступили темные времена: экономика в упадке, цены, в отличие от зарплат, растут. Зато крупные корпорации, такие как EvilCorp, процветают. Пора положить конец этой несправедливости. Пора продумать план, заручиться поддержкой и совершить ограбление века! Вашей целью станет хранилище главного отделения EvilCorp, до отвала набитое деньгами и золотом. Но помните, что действовать необходимо очень быстро и аккуратно. У вас будет всего лишь 60 минут, чтобы добраться до хранилища, обойти систему безопасности, обчистить ячейки и сделать ноги.","В стране наступили темные времена: экономика в упадке, цены, в отличие от зарплат, растут. Зато крупные корпорации, такие как EvilCorp, процветают. Пора положить конец этой несправедливости. Пора продумать план, заручиться поддержкой и совершить ограбление века! Вашей целью станет хранилище главного отделения EvilCorp, до отвала набитое деньгами и золотом. Но помните, что действовать необходимо очень быстро и аккуратно. У вас будет всего лишь 60 минут, чтобы добраться до хранилища, обойти систему безопасности, обчистить ячейки и сделать ноги.",,
https://xn--80aehcht5ci1b.xn--p1ai/page17604543.html,"Sun, 12 Feb 2023 10:26:37 GMT","Sun, 12 Feb 2023 10:26:37 GMT",,unchanged,«Шерлок Холмс» - для КвестТам,«Шерлок Холмс» - для КвестТам,"Вы одни из лучших детективов в мире. Сам Шерлок Холмс заметил вас. Чтобы проверить ваши знания, он отправил вас на задание в логово масонов – разгадать их тайну. Посмотрим, справитесь ли вы за 60 минут!","Вы одни из лучших детективов в мире. Сам Шерлок Холмс заметил вас. Чтобы проверить ваши знания, он отправил вас на задание в логово масонов – разгадать их тайну. Посмотрим, справитесь ли вы за 60 минут!",,
https://xn--80aehcht5ci1b.xn--p1ai/page17604674.html,"Sun, 12 Feb 2023 10:26:37 GMT","Sun, 12 Feb 2023 10:26:37 GMT",,unchanged,«Побег из Алькатраса» - для КвестТам,«Побег из Алькатраса» - для КвестТам,"Знаменитый Алькатрас – остров, на котором ранее находилась сверхзащищенная и, пожалуй, самая популярная в мире тюрьма. Несмотря на то, что она прославилась как заведение, из которого практически невозможно сбежать, в 1962 году трое заключенных после длительной подготовки смогли улизнуть из-под бдительной стражи, затратив на это ровно час и подгадав время, когда в их секторе практически не было охраны. Чтобы выяснить, как они смогли это сделать, Федеральное бюро расследований нашло добровольцев – вас, у которых есть ровно 60 минут, чтобы понять, как преступники смогли преодолеть все ловушки Алькатраса.","Знаменитый Алькатрас – остров, на котором ранее находилась сверхзащищенная и, пожалуй, самая популярная в мире тюрьма. Несмотря на то, что она прославилась как заведение, из которого практически невозможно сбежать, в 1962 году трое заключенных после длительной подготовки смогли улизнуть из-под бдительной стражи, затратив на это ровно час и подгадав время, когда в их секторе практически не было охраны. Чтобы выяснить, как они смогли это сделать, Федеральное бюро расследований нашло добровольцев – вас, у которых есть ровно 60 минут, чтобы понять, как преступники смогли преодолеть все ловушки Алькатраса.",,
https://xn--80aehcht5ci1b.xn--p1ai/page17604718.html,"Sun, 12 Feb 2023 10:26:38 GMT","Sun, 12 Feb 2023 10:26:37 GMT",,unchanged,«Фантом» - для КвестТам,«Фантом» - для КвестТам,"После тяжелой недели вы решаете немного отдохнуть и пойти развеяться. Вы идете по улице и замечаете недалеко от вас тусклое свечение окон. Приглядевшись, вы видите, что это бар, он открылся недавно, над входом виднеется небольшая табличка с надписью «Фантом». Вы подходите ближе. Прямо возле двери вы обращаете внимание на странное объявление о поиске охранника в компанию Sigma Inc. Ходят слухи, что компания Сигма устраивает бесчеловечные опыты не только над животными, но и над людьми. Поговаривают, что в ходе этих ужасных экспериментов открылся портал в другой мир, из которого явилась отвратительная сущность... Но, кто знает, быть может, все это всего лишь слухи. Или, все-таки, Бар и компания Sigma как-то связаны? Вы не придаете этому значения и заходите внутрь бара ...","После тяжелой недели вы решаете немного отдохнуть и пойти развеяться. Вы идете по улице и замечаете недалеко от вас тусклое свечение окон. Приглядевшись, вы видите, что это бар, он открылся недавно, над входом виднеется небольшая табличка с надписью «Фантом». Вы подходите ближе. Прямо возле двери вы обращаете внимание на странное объявление о поиске охранника в компанию Sigma Inc. Ходят слухи, что компания Сигма устраивает бесчеловечные опыты не только над животными, но и над людьми. Поговаривают, что в ходе этих ужасных экспериментов открылся портал в другой мир, из которого явилась отвратительная сущность... Но, кто знает, быть может, все это всего лишь слухи. Или, все-таки, Бар и компания Sigma как-то связаны? Вы не придаете этому значения и заходите внутрь бара ...",,
https://xn--80aehcht5ci1b.xn--p1ai/page17604750.html,"Sun, 12 Feb 2023 10:26:38 GMT","Sun, 12 Feb 2023 10:26:38 GMT",,unchanged,«Дикий Запад» - для КвестТам,«Дикий Запад» - для КвестТам,"Вы когда-нибудь мечтали совершить путешествие во времени? В ходе квеста «Дикий запад» вам представится такая возможность. Вы окажетесь в Америке, в 1870 году. Тихий провинциальный городок Тиккун, что в штате Колумбия, переживает не лучшие времена. Некогда именно здесь появилась первая американская железная дорога. Спустя некоторое время после этого мэру города удалось заключить контракт на строительство верфи для дирижаблей. Однако волею рока именно здесь появились бандиты. Местный шериф сделал все возможное для того, чтобы поймать главаря по кличке Людоед. Попытка была успешной, но привела к неприятным последствиям. Банда окружила полицейский участок и выдвинула ультиматум. Требование было однозначным: «Или вы отпускаете Людоеда, или мы стираем участок с лица земли». А между тем, внутри оказались заперты и преступники, и полицейские, и даже несколько гражданских, мельком заглянувших в участок.","Вы когда-нибудь мечтали совершить путешествие во времени? В ходе квеста «Дикий запад» вам представится такая возможность. Вы окажетесь в Америке, в 1870 году. Тихий провинциальный городок Тиккун, что в штате Колумбия, переживает не лучшие времена. Некогда именно здесь появилась первая американская железная дорога. Спустя некоторое время после этого мэру города удалось заключить контракт на строительство верфи для дирижаблей. Однако волею рока именно здесь появились бандиты. Местный шериф сделал все возможное для того, чтобы поймать главаря по кличке Людоед. Попытка была успешной, но привела к неприятным последствиям. Банда окружила полицейский участок и выдвинула ультиматум. Требование было однозначным: «Или вы отпускаете Людоеда, или мы стираем участок с лица земли». А между тем, внутри оказались заперты и преступники, и полицейские, и даже несколько гражданских, мельком заглянувших в участок.",,
https://xn--80aehcht5ci1b.xn--p1ai/page17605141.html,"Sun, 12 Feb 2023 10:26:38 GMT","Sun, 12 Feb 2023 10:26:38 GMT",,unchanged,«Психбольница» - для КвестТам,«Психбольница» - для КвестТам,"Вы просыпаетесь в старой психиатрической лечебнице с диагнозом «шизофрения». Ваши мольбы и крики никто не услышит. Ровно через час вас отправят на прием «спасительной» лоботомии, после которой вы никогда не сможете вернуться к привычной жизни. Успеете сбежать за 60 минут?","Вы просыпаетесь в старой психиатрической лечебнице с диагнозом «шизофрения». Ваши мольбы и крики никто не услышит. Ровно через час вас отправят на прием «спасительной» лоботомии, после которой вы никогда не сможете вернуться к привычной жизни. Успеете сбежать за 60 минут?",,
https://xn--80aehcht5ci1b.xn--p1ai/page17605205.html,"Sun, 12 Feb 2023 10:26:38 GMT","Sun, 12 Feb 2023 10:26:38 GMT",,unchanged,«Мадагаскар» - для КвестТам,«Мадагаскар» - для КвестТам,"На юге Африки расположен солнечный остров Мадагаскар, который славится своим обилием дружелюбных животных! Наши главные герои - лев (Алекс), жираф (Мелман), зебра (Марти), бегемот (Глория) - провели своё беззаботное детство на Мадагаскаре.. Но однажды бандиты похитили наших животных и поместили их в центральный Зоопарк Нью-Йорка, так их счастливой жизни на острове пришёл конец.. Чтобы помочь животным вернуться на Родину, нам надо с вами пройти этот квест и решить все задачи!","На юге Африки расположен солнечный остров Мадагаскар, который славится своим обилием дружелюбных животных! Наши главные герои - лев (Алекс), жираф (Мелман), зебра (Марти), бегемот (Глория) - провели своё беззаботное детство на Мадагаскаре.. Но однажды бандиты похитили наших животных и поместили их в центральный Зоопарк Нью-Йорка, так их счастливой жизни на острове пришёл конец.. Чтобы помочь животным вернуться на Родину, нам надо с вами пройти этот квест и решить все задачи!",,
https://xn--80aehcht5ci1b.xn--p1ai/page17605245.html,"Sun, 12 Feb 2023 10:26:39 GMT","Sun, 12 Feb 2023 10:26:39 GMT",,unchanged,«Гарри Поттер и чулан для мётел» - для КвестТам,«Гарри Поттер и чулан для мётел» - для КвестТам,"В стране наступили темные времена: экономика в упадке, цены, в отличие от зарплат, растут. Зато крупные корпорации, такие как EvilCorp, процветают. Пора положить конец этой несправедливости. Пора продумать план, заручиться поддержкой и совершить ограбление века! Вашей целью станет хранилище главного отделения EvilCorp, до отвала набитое деньгами и золотом. Но помните, что действовать необходимо очень быстро и аккуратно. У вас будет всего лишь 60 минут, чтобы добраться до хранилища, обойти систему безопасности, обчистить ячейки и сделать ноги.","В стране наступили темные времена: экономика в упадке, цены, в отличие от зарплат, растут. Зато крупные корпорации, такие как EvilCorp, процветают. Пора положить конец этой несправедливости. Пора продумать план, заручиться поддержкой и совершить ограбление века! Вашей целью станет хранилище главного отделения EvilCorp, до отвала набитое деньгами и золотом. Но помните, что действовать необходимо очень быстро и аккуратно. У вас будет всего лишь 60 минут, чтобы добраться до хранилища, обойти систему безопасности, обчистить ячейки и сделать ноги.",,
https://xn--80aehcht5ci1b.xn--p1ai/page17605296.html,"Sun, 12 Feb 2023 10:26:39 GMT","Sun, 12 Feb 2023 10:26:39 GMT",,unchanged,«Пираты карибского моря» - для КвестТам,«Пираты карибского моря» - для КвестТам,"Вы – искатели приключений! Вам удалось раздобыть редкую карту, на которой сказано, где искать легендарный клад пиратов. Вы сразу же отправились на поиски сокровищ! Но как оказалось, морские волки бдительно охраняют свой клад... В момент, когда вы почти были у цели, на ваш корабль напали! Пираты пленили вас и собираются на рассвете скормить акулам! Морские разбойники опустошили несколько бутылок рома и теперь спят мертвецким сном. У вас появился шанс сбежать из своей клетки! Чтобы выбраться от пиратов, вам придется решить загадки и разгадать коды в каюте капитана на необитаемом острове и в хижине пиратов.","Вы – искатели приключений! Вам удалось раздобыть редкую карту, на которой сказано, где искать легендарный клад пиратов. Вы сразу же отправились на поиски сокровищ! Но как оказалось, морские волки бдительно охраняют свой клад... В момент, когда вы почти были у цели, на ваш корабль напали! Пираты пленили вас и собираются на рассвете скормить акулам! Морские разбойники опустошили несколько бутылок рома и теперь спят мертвецким сном. У вас появился шанс сбежать из своей клетки! Чтобы выбраться от пиратов, вам придется решить загадки и разгадать коды в каюте капитана на необитаемом острове и в хижине пиратов.",,
https://xn--80aehcht5ci1b.xn--p1ai/page17605327.html,"Sun, 12 Feb 2023 10:26:39 GMT","Sun, 12 Feb 2023 10:26:39 GMT",,unchanged,«ОНО 3» - для КвестТам,«ОНО 3» - для КвестТам,"Каждые 27 лет ОНО приходит, чтоб полакомится страхами и отведать плоти мирных жителей небольшого городка, но на этот раз вы не намерены так просто сдаваться и решаете покончить с этим ужасом раз и навсегда. Спускаясь все ниже в логово кровожадного клоуна вы все больше понимаете: схватка будет нелёгкой, каждая клеточка дрожит от неизвестности, а тьма сгущается. Скелеты, которые вы так долго прятали, будут найдены. Сегодня то, что было сокрыто внутри и вызывало мурашки от одной только мысли превратится в явь. Кажется вы уже не одни. ОНО где-то рядом и уже облизывается в предвкушении. Поиграем?","Каждые 27 лет ОНО приходит, чтоб полакомится страхами и отведать плоти мирных жителей небольшого городка, но на этот раз вы не намерены так просто сдаваться и решаете покончить с этим ужасом раз и навсегда. Спускаясь все ниже в логово кровожадного клоуна вы все больше понимаете: схватка будет нелёгкой, каждая клеточка дрожит от неизвестности, а тьма сгущается. Скелеты, которые вы так долго прятали, будут найдены. Сегодня то, что было сокрыто внутри и вызывало мурашки от одной только мысли превратится в явь. Кажется вы уже не одни. ОНО где-то рядом и уже облизывается в предвкушении. Поиграем?",,
https://xn--80aehcht5ci1b.xn--p1ai/page17605351.html,"Sun, 12 Feb 2023 10:26:40 GMT","Sun, 12 Feb 2023 10:26:40 GMT",,unchanged,«Замок Графа Дракулы» - для КвестТам,«Замок Графа Дракулы» - для КвестТам,"Вы попали в темницу замка графа Дракулы. До захода солнца остался всего час, после чего хозяин замка проснется, а вы уже никогда не увидите белый свет. Но у вас появился шанс сбежать: кому-то из предыдущих пленников это уже удалось, и он оставил вам свои подсказки... Сумейте выбраться до заката, и вы будете спасены.","Вы попали в темницу замка графа Дракулы. До захода солнца остался всего час, после чего хозяин замка проснется, а вы уже никогда не увидите белый свет. Но у вас появился шанс сбежать: кому-то из предыдущих пленников это уже удалось, и он оставил вам свои подсказки... Сумейте выбраться до заката, и вы будете спасены.",,
https://xn--80aehcht5ci1b.xn--p1ai/page17605385.html,"Sun, 12 Feb 2023 10:26:40 GMT","Sun, 12 Feb 2023 10:26:40 GMT",,unchanged,«Проклятие Аннабель» - для КвестТам,«Проклятие Аннабель» - для КвестТам,"Семья ваших друзей внезапно пропала. Последний раз их видели в вашей компании некоторое время назад. Полиция подозревает вас и намеревается задержать в самое ближайшее время. Чтобы избежать этого, вы решаете провести самостоятельное расследование тайны их исчезновения. И начать вы решаете с осмотра их квартиры. Возможно, вам удастся разгадать тайну исчезновения ваших друзей или, как минимум, создать себе достоверное алиби... У вас есть на это ровно час.","Семья ваших друзей внезапно пропала. Последний раз их видели в вашей компании некоторое время назад. Полиция подозревает вас и намеревается задержать в самое ближайшее время. Чтобы избежать этого, вы решаете провести самостоятельное расследование тайны их исчезновения. И начать вы решаете с осмотра их квартиры. Возможно, вам удастся разгадать тайну исчезновения ваших друзей или, как минимум, создать себе достоверное алиби... У вас есть на это ровно час.",,
https://xn--80aehcht5ci1b.xn--p1ai/page17605408.html,"Sun, 12 Feb 2023 10:26:40 GMT","Sun, 12 Feb 2023 10:26:40 GMT",,unchanged,«Дом Призраков» - для КвестТам,«Дом Призраков» - для КвестТам,"Когда-то, больше ста лет назад, в этом доме играл рояль, звучал детский смех и все в нем были счастливы. Но однажды в семье разыгралась страшная трагедия, после чего в доме остались лишь призраки... Поговаривают, что там поселился сам демон, и избавить дом от него сможет тот, кто соберет трех обезьян: «не вижу зла», «не слышу зла», «не говорю зла». Но вы не верите в эти сказки и решили все проверить сами. Возможно, именно вам удастся освободить призраков и избавить дом от демона. Удачи!","Когда-то, больше ста лет назад, в этом доме играл рояль, звучал детский смех и все в нем были счастливы. Но однажды в семье разыгралась страшная трагедия, после чего в доме остались лишь призраки... Поговаривают, что там поселился сам демон, и избавить дом от него сможет тот, кто соберет трех обезьян: «не вижу зла», «не слышу зла», «не говорю зла». Но вы не верите в эти сказки и решили все проверить сами. Возможно, именно вам удастся освободить призраков и избавить дом от демона. Удачи!",,
https://xn--80aehcht5ci1b.xn--p1ai/page17605454.html,"Sun, 12 Feb 2023 10:26:40 GMT","Sun, 12 Feb 2023 10:26:40 GMT",,unchanged,«Ночь в музее.Ограбление» - для КвестТам,«Ночь в музее.Ограбление» - для КвестТам,"Вы – команда профессионалов, лучших грабителей, которых выбрали, чтобы совершить ограбление века! Нужно выкрасть самый ценный экспонат из Музея Современного Искусства! У вас есть ровно один час, пока один из охранников вышел за пончиками. Время пошло!","Вы – команда профессионалов, лучших грабителей, которых выбрали, чтобы совершить ограбление века! Нужно выкрасть самый ценный экспонат из Музея Современного Искусства! У вас есть ровно один час, пока один из охранников вышел за пончиками. Время пошло!",,
https://xn--80aehcht5ci1b.xn--p1ai/page17605476.html,"Sun, 12 Feb 2023 10:26:41 GMT","Sun, 12 Feb 2023 10:26:41 GMT",,unchanged,«Гарри и последний крестраж» - для КвестТам,«Гарри и последний крестраж» - для КвестТам,"Вы – ученики самой известной школы магии и волшебства. Грядет финальная битва с Тем-Кого-Нельзя-Называть, и ваша задача – помочь Гарри ослабить силы Темного волшебника до финальной битвы, вам нужно найти и уничтожить его последний крестраж, о котором до сей поры никто не знал. До битвы остался ровно 1 час, и есть только 1 шанс на уничтожение крестража.","Вы – ученики самой известной школы магии и волшебства. Грядет финальная битва с Тем-Кого-Нельзя-Называть, и ваша задача – помочь Гарри ослабить силы Темного волшебника до финальной битвы, вам нужно найти и уничтожить его последний крестраж, о котором до сей поры никто не знал. До битвы остался ровно 1 час, и есть только 1 шанс на уничтожение крестража.",,
https://xn--80aehcht5ci1b.xn--p1ai/page2770471.html,"Wed, 24 Jun 2026 17:07:26 GMT","Wed, 24 Jun 2026 17:07:26 GMT",,unchanged,Error,Error,,,,
https://xn--80aehcht5ci1b.xn--p1ai/page3376287.html,"Wed, 24 Jun 2026 17:07:26 GMT","Wed, 24 Jun 2026 17:07:26 GMT",,unchanged,Error,Error,,,,
https://xn--80aehcht5ci1b.xn--p1ai/page3406422.html,"Wed, 24 Jun 2026 17:07:26 GMT","Wed, 24 Jun 2026 17:07:26 GMT",,unchanged,Error,Error,,,,
https://xn--80aehcht5ci1b.xn--p1ai/page3915959.html,"Wed, 24 Jun 2026 17:07:26 GMT","Wed, 24 Jun 2026 17:07:26 GMT",,unchanged,Error,Error,,,,
https://xn--80aehcht5ci1b.xn--p1ai/page40355277.html,"Wed, 24 Jun 2026 17:07:23 GMT","Wed, 24 Jun 2026 17:07:23 GMT",h1,changed,Архив блоков,Архив блоков,Первые блоки под разные акции и праздники,Первые блоки под разные акции и праздники, | Квеструм №1 в Ростове для детей и взрослых | 10 484 игрока поставили нам 10/10 | вам тоже понравится или вернем деньги без лишних вопросов | Квеструм №1 в Ростове для детей и взрослых | До 30.10 посети любой квест | и получи билет на закрытую костюмированную вечеринку от ЧеЗаКвест! | Квеструм №1 в Ростове для детей и взрослых |  | 10 484 игрока поставили нам 10/10 | вам тоже понравится или вернем деньги без лишних вопросов | Квеструм №1 в Ростове для детей и взрослых | Квеструм №1 в Ростове для детей и взрослых | Подарите ребёнку лучший праздник | 8 идей: Как без лишних хлопот организовать День рождения ребенку,
https://xn--80aehcht5ci1b.xn--p1ai/page41891214.html,"Fri, 10 Apr 2026 09:53:50 GMT","Fri, 10 Apr 2026 09:53:50 GMT",,unchanged,Детский день рождения под ключ в Ростове-на-Дону| Скидки и Акции,Детский день рождения под ключ в Ростове-на-Дону| Скидки и Акции,День рождения под ключ в студии праздников,День рождения под ключ в студии праздников,Детские праздники и дни рождения,Детские праздники и дни рождения
https://xn--80aehcht5ci1b.xn--p1ai/page48039931.html,"Wed, 24 Jun 2026 17:07:26 GMT","Wed, 24 Jun 2026 17:07:26 GMT",,unchanged,Error,Error,,,,
https://xn--80aehcht5ci1b.xn--p1ai/page48687287.html,"Wed, 24 Jun 2026 17:07:20 GMT","Wed, 24 Jun 2026 17:07:20 GMT",,unchanged,Страница благодарности,Страница благодарности,Чё За Квест,Чё За Квест,,
https://xn--80aehcht5ci1b.xn--p1ai/page51322757.html,"Wed, 24 Jun 2026 17:07:20 GMT","Wed, 24 Jun 2026 17:07:20 GMT",,unchanged,Политика обработки персональных данных,Политика обработки персональных данных,,,,
https://xn--80aehcht5ci1b.xn--p1ai/page51922957.html,"Wed, 24 Jun 2026 17:07:26 GMT","Wed, 24 Jun 2026 17:07:26 GMT",,unchanged,Error,Error,,,,
https://xn--80aehcht5ci1b.xn--p1ai/page52903497.html,"Wed, 24 Jun 2026 17:07:21 GMT","Wed, 24 Jun 2026 17:07:21 GMT",,unchanged,Заявка из телеграмм (Агенство),Заявка из телеграмм (Агенство),,,,
https://xn--80aehcht5ci1b.xn--p1ai/page56207935.html,"Wed, 24 Jun 2026 17:07:21 GMT","Wed, 24 Jun 2026 17:07:21 GMT",,unchanged,Карточки квестов/корзина,Карточки квестов/корзина,,,,
https://xn--80aehcht5ci1b.xn--p1ai/page56559131.html,"Wed, 24 Jun 2026 17:07:20 GMT","Wed, 24 Jun 2026 17:07:20 GMT",,unchanged,Форма сбора контактов по программе лояльности,Форма сбора контактов по программе лояльности,,,,
https://xn--80aehcht5ci1b.xn--p1ai/page57141531.html,"Wed, 24 Jun 2026 17:07:21 GMT","Wed, 24 Jun 2026 17:07:21 GMT",,unchanged,Форма сбора контактов по сертификатам возвращаемости,Форма сбора контактов по сертификатам возвращаемости,,,,
https://xn--80aehcht5ci1b.xn--p1ai/page57307963.html,"Wed, 24 Jun 2026 17:07:20 GMT","Wed, 24 Jun 2026 17:07:20 GMT",,unchanged,"Детский день рождения в стиле ""Майнкрафт"" в Ростове-на-Дону | Скидки и Акции","Детский день рождения в стиле ""Майнкрафт"" в Ростове-на-Дону | Скидки и Акции",День рождения под ключ в Ростове-на-Дону. Шоу Майнкрафт на детский праздник.,День рождения под ключ в Ростове-на-Дону. Шоу Майнкрафт на детский праздник.,Незабываемый праздник в настоящем квесте с любимыми героями,Незабываемый праздник в настоящем квесте с любимыми героями
https://xn--80aehcht5ci1b.xn--p1ai/page59359589.html,"Fri, 10 Apr 2026 09:53:52 GMT","Fri, 10 Apr 2026 09:53:52 GMT",,unchanged,Новогодний праздник для детей в Ростове-на-Дону. Новый год 2025.,Новогодний праздник для детей в Ростове-на-Дону. Новый год 2025.,"Отметить Новый год в квесте и VR для детей 6-17 лет в Ростове-на-Дону. Организуем Новогодний прздник. Шоу-квесты, мастер классы и конкурсы.","Отметить Новый год в квесте и VR для детей 6-17 лет в Ростове-на-Дону. Организуем Новогодний прздник. Шоу-квесты, мастер классы и конкурсы.",,
https://xn--80aehcht5ci1b.xn--p1ai/page62529067.html,"Wed, 24 Jun 2026 17:07:20 GMT","Wed, 24 Jun 2026 17:07:20 GMT",,unchanged,Страница благодарности - Детские праздники,Страница благодарности - Детские праздники,,,,
https://xn--80aehcht5ci1b.xn--p1ai/page63266477.html,"Wed, 24 Jun 2026 17:07:21 GMT","Wed, 24 Jun 2026 17:07:21 GMT",,unchanged,"Детский день рождения в стиле сериала ""Игра в кальмара"" в Ростове-на-Дону | Скидки и Акции","Детский день рождения в стиле сериала ""Игра в кальмара"" в Ростове-на-Дону | Скидки и Акции","День рождения под ключ в Ростове-на-Дону. Квест ""Игра в кальмара"" на детский праздник.","День рождения под ключ в Ростове-на-Дону. Квест ""Игра в кальмара"" на детский праздник.",Детские праздники и дни рождения в стиле сериала «Игра в Кальмара» в Ростове-на-Дону,Детские праздники и дни рождения в стиле сериала «Игра в Кальмара» в Ростове-на-Дону
https://xn--80aehcht5ci1b.xn--p1ai/page64505705.html,"Wed, 24 Jun 2026 17:07:22 GMT","Wed, 24 Jun 2026 17:07:22 GMT",,unchanged,Детский день рождения в стиле игры ROBLOX в Ростове-на-Дону | Скидки и Акции,Детский день рождения в стиле игры ROBLOX в Ростове-на-Дону | Скидки и Акции,День рождения под ключ в Ростове-на-Дону. Квест-шоу РОБЛОКС на детский праздник.,День рождения под ключ в Ростове-на-Дону. Квест-шоу РОБЛОКС на детский праздник.,КВЕСТ-ШОУ по мотивам популярной игры для вашего праздника,КВЕСТ-ШОУ по мотивам популярной игры для вашего праздника
https://xn--80aehcht5ci1b.xn--p1ai/page69116991.html,"Wed, 24 Jun 2026 17:07:22 GMT","Wed, 24 Jun 2026 17:07:23 GMT",,unchanged,Детский день рождения в стиле игры ROBLOX в Ростове-на-Дону | Скидки и Акции,Детский день рождения в стиле игры ROBLOX в Ростове-на-Дону | Скидки и Акции,День рождения под ключ в Ростове-на-Дону. Квест-шоу РОБЛОКС на детский праздник.,День рождения под ключ в Ростове-на-Дону. Квест-шоу РОБЛОКС на детский праздник.,КВЕСТ-ШОУ по мотивам популярной игры для вашего праздника,КВЕСТ-ШОУ по мотивам популярной игры для вашего праздника
https://xn--80aehcht5ci1b.xn--p1ai/page71881007.html,"Wed, 24 Jun 2026 17:07:24 GMT","Wed, 24 Jun 2026 17:07:24 GMT",,unchanged,Все Alias-блоки (НЕ УДАЛЯТЬ),Все Alias-блоки (НЕ УДАЛЯТЬ),,,,
https://xn--80aehcht5ci1b.xn--p1ai/page7266054.html,"Wed, 24 Jun 2026 17:07:26 GMT","Wed, 24 Jun 2026 17:07:26 GMT",,unchanged,Header,Header,,,,
https://xn--80aehcht5ci1b.xn--p1ai/page7509361.html,"Wed, 24 Jun 2026 17:07:26 GMT","Wed, 24 Jun 2026 17:07:26 GMT",,unchanged,Error,Error,,,,
https://xn--80aehcht5ci1b.xn--p1ai/page7837595.html,"Wed, 24 Jun 2026 17:07:26 GMT","Wed, 24 Jun 2026 17:07:26 GMT",,unchanged,Скрипты в низу страницы,Скрипты в низу страницы,,,,
https://xn--80aehcht5ci1b.xn--p1ai/page87839976.html,"Wed, 24 Jun 2026 17:07:24 GMT","Wed, 24 Jun 2026 17:07:24 GMT",,unchanged,"Новый год в Чё За Квест в Ростове-на-Дону, цены, программы","Новый год в Чё За Квест в Ростове-на-Дону, цены, программы","День рождения — это особенный момент в жизни каждого человека. Провести его незабываемо и с комфортом можно в студии праздников, где все внимание уделяется только вам и вашим близким. Мы предлагаем полный комплекс услуг «под ключ», который сделает ваш праздник волшебным.","День рождения — это особенный момент в жизни каждого человека. Провести его незабываемо и с комфортом можно в студии праздников, где все внимание уделяется только вам и вашим близким. Мы предлагаем полный комплекс услуг «под ключ», который сделает ваш праздник волшебным.",Новогодний праздник для школьников,Новогодний праздник для школьников
https://xn--80aehcht5ci1b.xn--p1ai/party-games,"Fri, 22 May 2026 08:10:55 GMT","Fri, 22 May 2026 08:10:55 GMT",,unchanged,VR-игра PARTY GAMES,VR-игра PARTY GAMES,"Коллекция казуальных игр, разработанных специально для детей от 6 лет. Пять мини-игр с уникальной и в то же время простой механикой, тщательно проработанными картами и захватывающим и разнообразным геймплеем.","Коллекция казуальных игр, разработанных специально для детей от 6 лет. Пять мини-игр с уникальной и в то же время простой механикой, тщательно проработанными картами и захватывающим и разнообразным геймплеем.",PARTY GAMES,PARTY GAMES
https://xn--80aehcht5ci1b.xn--p1ai/patologiya,"Mon, 01 Jun 2026 12:31:57 GMT","Mon, 01 Jun 2026 12:31:57 GMT",,unchanged,Патология - страшный квест от компании «Чё За Квест»,Патология - страшный квест от компании «Чё За Квест»,Страшный квест Патология в Ростове-на-Дону. Работаем без выходных с 10:00 до 23:00. Записывайтесь на игру на сайте. Компания Чё За Квест.,Страшный квест Патология в Ростове-на-Дону. Работаем без выходных с 10:00 до 23:00. Записывайтесь на игру на сайте. Компания Чё За Квест.,Квест Патология,Квест Патология
https://xn--80aehcht5ci1b.xn--p1ai/pirate-hunter,"Sun, 12 Feb 2023 10:26:34 GMT","Sun, 12 Feb 2023 10:26:34 GMT",,unchanged,«Пираты карибского моря» - для КвестХантер,«Пираты карибского моря» - для КвестХантер,"Вы – искатели приключений! Вам удалось раздобыть редкую карту, на которой сказано, где искать легендарный клад пиратов. Вы сразу же отправились на поиски сокровищ! Но как оказалось, морские волки бдительно охраняют свой клад... В момент, когда вы почти были у цели, на ваш корабль напали! Пираты пленили вас и собираются на рассвете скормить акулам! Морские разбойники опустошили несколько бутылок рома и теперь спят мертвецким сном. У вас появился шанс сбежать из своей клетки! Чтобы выбраться от пиратов, вам придется решить загадки и разгадать коды в каюте капитана на необитаемом острове и в хижине пиратов.","Вы – искатели приключений! Вам удалось раздобыть редкую карту, на которой сказано, где искать легендарный клад пиратов. Вы сразу же отправились на поиски сокровищ! Но как оказалось, морские волки бдительно охраняют свой клад... В момент, когда вы почти были у цели, на ваш корабль напали! Пираты пленили вас и собираются на рассвете скормить акулам! Морские разбойники опустошили несколько бутылок рома и теперь спят мертвецким сном. У вас появился шанс сбежать из своей клетки! Чтобы выбраться от пиратов, вам придется решить загадки и разгадать коды в каюте капитана на необитаемом острове и в хижине пиратов.",,
https://xn--80aehcht5ci1b.xn--p1ai/pirate-kvesttam,"Sun, 12 Feb 2023 10:26:39 GMT","Sun, 12 Feb 2023 10:26:39 GMT",,unchanged,«Пираты карибского моря» - для КвестТам,«Пираты карибского моря» - для КвестТам,"Вы – искатели приключений! Вам удалось раздобыть редкую карту, на которой сказано, где искать легендарный клад пиратов. Вы сразу же отправились на поиски сокровищ! Но как оказалось, морские волки бдительно охраняют свой клад... В момент, когда вы почти были у цели, на ваш корабль напали! Пираты пленили вас и собираются на рассвете скормить акулам! Морские разбойники опустошили несколько бутылок рома и теперь спят мертвецким сном. У вас появился шанс сбежать из своей клетки! Чтобы выбраться от пиратов, вам придется решить загадки и разгадать коды в каюте капитана на необитаемом острове и в хижине пиратов.","Вы – искатели приключений! Вам удалось раздобыть редкую карту, на которой сказано, где искать легендарный клад пиратов. Вы сразу же отправились на поиски сокровищ! Но как оказалось, морские волки бдительно охраняют свой клад... В момент, когда вы почти были у цели, на ваш корабль напали! Пираты пленили вас и собираются на рассвете скормить акулам! Морские разбойники опустошили несколько бутылок рома и теперь спят мертвецким сном. У вас появился шанс сбежать из своей клетки! Чтобы выбраться от пиратов, вам придется решить загадки и разгадать коды в каюте капитана на необитаемом острове и в хижине пиратов.",,
https://xn--80aehcht5ci1b.xn--p1ai/pirati,"Fri, 22 May 2026 08:10:56 GMT","Fri, 22 May 2026 08:10:56 GMT",,unchanged,Пираты - весёлый квест от компании «Чё За Квест»,Пираты - весёлый квест от компании «Чё За Квест»,Весёлый квест Пираты в Ростове-на-Дону. Работаем без выходных с 10:00 до 23:00. Записывайтесь на игру на сайте. Компания Чё за Квест.,Весёлый квест Пираты в Ростове-на-Дону. Работаем без выходных с 10:00 до 23:00. Записывайтесь на игру на сайте. Компания Чё за Квест.,Пираты,Пираты
https://xn--80aehcht5ci1b.xn--p1ai/pl,"Wed, 24 Jun 2026 17:07:20 GMT","Wed, 24 Jun 2026 17:07:21 GMT",,unchanged,Форма сбора контактов по программе лояльности,Форма сбора контактов по программе лояльности,,,,
https://xn--80aehcht5ci1b.xn--p1ai/pobeg,"Fri, 22 May 2026 08:10:58 GMT","Fri, 22 May 2026 08:10:58 GMT",,unchanged,Побег из Шоушенка - весёлый квест от компании «Чё За Квест»,Побег из Шоушенка - весёлый квест от компании «Чё За Квест»,Весёлый квест Побег из Шоушенка в Ростове-на-Дону. Работаем без выходных с 10:00 до 23:00. Записывайтесь на игру на сайте. Компания Чё за Квест.,Весёлый квест Побег из Шоушенка в Ростове-на-Дону. Работаем без выходных с 10:00 до 23:00. Записывайтесь на игру на сайте. Компания Чё за Квест.,Побег из Шоушенка,Побег из Шоушенка
https://xn--80aehcht5ci1b.xn--p1ai/portal-strike,"Fri, 22 May 2026 08:10:54 GMT","Fri, 22 May 2026 08:10:54 GMT",,unchanged,VR-игра PORTAL STRIKE,VR-игра PORTAL STRIKE,"Приготовьтесь к захватывающим битвам с друзьями в Portal Strike! Эта игра представляет собой динамичный командный шутер в виртуальной реальности, напоминающий лазертаг, но с элементами, похожими на Counter-Strike. Разделитесь на команды или играйте каждый сам за себя, цель остаётся одной — уничтожить противника!","Приготовьтесь к захватывающим битвам с друзьями в Portal Strike! Эта игра представляет собой динамичный командный шутер в виртуальной реальности, напоминающий лазертаг, но с элементами, похожими на Counter-Strike. Разделитесь на команды или играйте каждый сам за себя, цель остаётся одной — уничтожить противника!",PORTAL STRIKE,PORTAL STRIKE
https://xn--80aehcht5ci1b.xn--p1ai/portal-strike-kids,"Fri, 22 May 2026 08:10:55 GMT","Fri, 22 May 2026 08:10:55 GMT",,unchanged,VR-игра PORTAL STRIKE KIDS,VR-игра PORTAL STRIKE KIDS,"Яркий PvP-шутер в аркадном стиле для свободного перемещения по виртуальным аренам, созданный для поклонников красочных миров, эстетики, вдохновленной Fortnite, и культовых персонажей.","Яркий PvP-шутер в аркадном стиле для свободного перемещения по виртуальным аренам, созданный для поклонников красочных миров, эстетики, вдохновленной Fortnite, и культовых персонажей.",PORTAL STRIKE KIDS,PORTAL STRIKE KIDS
https://xn--80aehcht5ci1b.xn--p1ai/portal-zombie,"Fri, 22 May 2026 08:10:55 GMT","Fri, 22 May 2026 08:10:56 GMT",,unchanged,VR-игра PORTAL ZOMBIE,VR-игра PORTAL ZOMBIE,"Совместная игра в жанре хоррор от первого лица, действие которой разворачивается в старом заброшенном особняке, подвергшемся нападению орд зомби. Объединяйтесь с друзьями, переживите многочисленные волны атак зомби и сразитесь с могущественным боссом, чтобы победить!","Совместная игра в жанре хоррор от первого лица, действие которой разворачивается в старом заброшенном особняке, подвергшемся нападению орд зомби. Объединяйтесь с друзьями, переживите многочисленные волны атак зомби и сразитесь с могущественным боссом, чтобы победить!",PORTAL ZOMBIE,PORTAL ZOMBIE
https://xn--80aehcht5ci1b.xn--p1ai/prazdnik-maxi,"Wed, 24 Jun 2026 17:07:26 GMT","Wed, 24 Jun 2026 17:07:26 GMT",,unchanged,Премиальный детский день рождения в Ростове-на-Дону под ключ | Чё за Квест,Премиальный детский день рождения в Ростове-на-Дону под ключ | Чё за Квест,"Премиальный детский праздник в Ростове-на-Дону на 3 часа: квест в лабиринте, банкет, две шоу-программы, стена-кидалка, вынос торта, комната для родителей и подарки гостям. Стоимость — 30 900 ₽ за 8 детей.","Премиальный детский праздник в Ростове-на-Дону на 3 часа: квест в лабиринте, банкет, две шоу-программы, стена-кидалка, вынос торта, комната для родителей и подарки гостям. Стоимость — 30 900 ₽ за 8 детей.",Яркий детский день рождения в Ростове,Яркий детский день рождения в Ростове
https://xn--80aehcht5ci1b.xn--p1ai/prazdniki-pod-kluch,"Fri, 10 Apr 2026 09:53:50 GMT","Fri, 10 Apr 2026 09:53:50 GMT",,unchanged,Детский день рождения под ключ в Ростове-на-Дону| Скидки и Акции,Детский день рождения под ключ в Ростове-на-Дону| Скидки и Акции,День рождения под ключ в студии праздников,День рождения под ключ в студии праздников,Детские праздники и дни рождения,Детские праздники и дни рождения
https://xn--80aehcht5ci1b.xn--p1ai/privacy,"Wed, 24 Jun 2026 17:07:20 GMT","Wed, 24 Jun 2026 17:07:20 GMT",,unchanged,Политика обработки персональных данных,Политика обработки персональных данных,,,,
https://xn--80aehcht5ci1b.xn--p1ai/prizrak-hunter,"Sun, 12 Feb 2023 10:26:35 GMT","Sun, 12 Feb 2023 10:26:35 GMT",,unchanged,«Дом Призраков» - для КвестХантер,«Дом Призраков» - для КвестХантер,"Когда-то, больше ста лет назад, в этом доме играл рояль, звучал детский смех и все в нем были счастливы. Но однажды в семье разыгралась страшная трагедия, после чего в доме остались лишь призраки... Поговаривают, что там поселился сам демон, и избавить дом от него сможет тот, кто соберет трех обезьян: «не вижу зла», «не слышу зла», «не говорю зла». Но вы не верите в эти сказки и решили все проверить сами. Возможно, именно вам удастся освободить призраков и избавить дом от демона. Удачи!","Когда-то, больше ста лет назад, в этом доме играл рояль, звучал детский смех и все в нем были счастливы. Но однажды в семье разыгралась страшная трагедия, после чего в доме остались лишь призраки... Поговаривают, что там поселился сам демон, и избавить дом от него сможет тот, кто соберет трех обезьян: «не вижу зла», «не слышу зла», «не говорю зла». Но вы не верите в эти сказки и решили все проверить сами. Возможно, именно вам удастся освободить призраков и избавить дом от демона. Удачи!",,
https://xn--80aehcht5ci1b.xn--p1ai/prizrak-kvesttam,"Sun, 12 Feb 2023 10:26:40 GMT","Sun, 12 Feb 2023 10:26:40 GMT",,unchanged,«Дом Призраков» - для КвестТам,«Дом Призраков» - для КвестТам,"Когда-то, больше ста лет назад, в этом доме играл рояль, звучал детский смех и все в нем были счастливы. Но однажды в семье разыгралась страшная трагедия, после чего в доме остались лишь призраки... Поговаривают, что там поселился сам демон, и избавить дом от него сможет тот, кто соберет трех обезьян: «не вижу зла», «не слышу зла», «не говорю зла». Но вы не верите в эти сказки и решили все проверить сами. Возможно, именно вам удастся освободить призраков и избавить дом от демона. Удачи!","Когда-то, больше ста лет назад, в этом доме играл рояль, звучал детский смех и все в нем были счастливы. Но однажды в семье разыгралась страшная трагедия, после чего в доме остались лишь призраки... Поговаривают, что там поселился сам демон, и избавить дом от него сможет тот, кто соберет трех обезьян: «не вижу зла», «не слышу зла», «не говорю зла». Но вы не верите в эти сказки и решили все проверить сами. Возможно, именно вам удастся освободить призраков и избавить дом от демона. Удачи!",,
https://xn--80aehcht5ci1b.xn--p1ai/pryatki_kids,"Fri, 22 May 2026 08:10:49 GMT","Fri, 22 May 2026 08:10:49 GMT",,unchanged,Квест в темноте Прятки KIDS в Ростове-на-Дону,Квест в темноте Прятки KIDS в Ростове-на-Дону,Прятки KIDS - квест в темноте в Ростове-на-Дону от компании Чё за Квест. Работаем без выходных с 10:00 до 23:00. Записывайтесь на игру на сайте.,Прятки KIDS - квест в темноте в Ростове-на-Дону от компании Чё за Квест. Работаем без выходных с 10:00 до 23:00. Записывайтесь на игру на сайте.,Квест Прятки KIDS,Квест Прятки KIDS
https://xn--80aehcht5ci1b.xn--p1ai/pryatki_portal,"Fri, 22 May 2026 08:10:50 GMT","Fri, 22 May 2026 08:10:50 GMT",,unchanged,Квест в лабиринте «Прятки. Портал в другое измерение» - в Ростове-на-Дону,Квест в лабиринте «Прятки. Портал в другое измерение» - в Ростове-на-Дону,Прятки Портал в другое Измерение - квест в лабиринте от компании Чё за Квест. Ростов-на-Дону. Работаем без выходных с 10:00 до 23:00. Записывайтесь на игру на сайте.,Прятки Портал в другое Измерение - квест в лабиринте от компании Чё за Квест. Ростов-на-Дону. Работаем без выходных с 10:00 до 23:00. Записывайтесь на игру на сайте.,Квест Прятки. Портал в другое измерение,Квест Прятки. Портал в другое измерение
https://xn--80aehcht5ci1b.xn--p1ai/pryatki_v_temnote,"Fri, 22 May 2026 08:10:50 GMT","Fri, 22 May 2026 08:10:50 GMT",,unchanged,«Прятки в темноте» Квест-лабиринт в Ростове-на-Дону,«Прятки в темноте» Квест-лабиринт в Ростове-на-Дону,Прятки в темноте - квест в тёмном лабиринте от компании Чё за Квест. Ростов-на-Дону. Работаем без выходных с 10:00 до 23:00. Записывайтесь на игру на сайте.,Прятки в темноте - квест в тёмном лабиринте от компании Чё за Квест. Ростов-на-Дону. Работаем без выходных с 10:00 до 23:00. Записывайтесь на игру на сайте.,Квест Прятки в темноте,Квест Прятки в темноте
https://xn--80aehcht5ci1b.xn--p1ai/psihbolnica-kvesttam,"Sun, 12 Feb 2023 10:26:38 GMT","Sun, 12 Feb 2023 10:26:38 GMT",,unchanged,«Психбольница» - для КвестТам,«Психбольница» - для КвестТам,"Вы просыпаетесь в старой психиатрической лечебнице с диагнозом «шизофрения». Ваши мольбы и крики никто не услышит. Ровно через час вас отправят на прием «спасительной» лоботомии, после которой вы никогда не сможете вернуться к привычной жизни. Успеете сбежать за 60 минут?","Вы просыпаетесь в старой психиатрической лечебнице с диагнозом «шизофрения». Ваши мольбы и крики никто не услышит. Ровно через час вас отправят на прием «спасительной» лоботомии, после которой вы никогда не сможете вернуться к привычной жизни. Успеете сбежать за 60 минут?",,
https://xn--80aehcht5ci1b.xn--p1ai/psihbolniza-hunter,"Sun, 12 Feb 2023 10:26:33 GMT","Sun, 12 Feb 2023 10:26:33 GMT",,unchanged,«Психбольница» - для КвестХантер,«Психбольница» - для КвестХантер,"Вы просыпаетесь в старой психиатрической лечебнице с диагнозом «шизофрения». Ваши мольбы и крики никто не услышит. Ровно через час вас отправят на прием «спасительной» лоботомии, после которой вы никогда не сможете вернуться к привычной жизни. Успеете сбежать за 60 минут?","Вы просыпаетесь в старой психиатрической лечебнице с диагнозом «шизофрения». Ваши мольбы и крики никто не услышит. Ровно через час вас отправят на прием «спасительной» лоботомии, после которой вы никогда не сможете вернуться к привычной жизни. Успеете сбежать за 60 минут?",,
https://xn--80aehcht5ci1b.xn--p1ai/puteshestvie,"Fri, 22 May 2026 08:10:57 GMT","Fri, 22 May 2026 08:10:57 GMT",,unchanged,Путешествие во времени - весёлый квест от компании «Чё За Квест»,Путешествие во времени - весёлый квест от компании «Чё За Квест»,Весёлый квест Путешествие во времени в Ростове-на-Дону. Работаем без выходных с 10:00 до 23:00. Записывайтесь на игру на сайте. Компания Чё за Квест.,Весёлый квест Путешествие во времени в Ростове-на-Дону. Работаем без выходных с 10:00 до 23:00. Записывайтесь на игру на сайте. Компания Чё за Квест.,Путешествие во времени,Путешествие во времени
https://xn--80aehcht5ci1b.xn--p1ai/roblox,"Fri, 22 May 2026 08:10:54 GMT","Fri, 22 May 2026 08:10:54 GMT",,unchanged,Квест в стиле Роблокс. Радужные Друзья в Ростове-на-Дону,Квест в стиле Роблокс. Радужные Друзья в Ростове-на-Дону,Роблокс - квест в стиле популярной игры в Ростове-на-Дону от компании Чё за Квест. Работаем без выходных с 10:00 до 23:00. Записывайтесь на игру на сайте.,Роблокс - квест в стиле популярной игры в Ростове-на-Дону от компании Чё за Квест. Работаем без выходных с 10:00 до 23:00. Записывайтесь на игру на сайте.,Квест в стиле Роблокс. Радужные Друзья,Квест в стиле Роблокс. Радужные Друзья
https://xn--80aehcht5ci1b.xn--p1ai/roblox-dors,"Fri, 22 May 2026 08:10:56 GMT","Fri, 22 May 2026 08:10:56 GMT",,unchanged,Квест в стиле Роблокс Дорс в Ростове-на-Дону,Квест в стиле Роблокс Дорс в Ростове-на-Дону,Квест Роблокс в Ростове-на-Дону. Работаем без выходных с 10:00 до 23:00. Записывайтесь на игру на сайте. Компания Чё За Квест.,Квест Роблокс в Ростове-на-Дону. Работаем без выходных с 10:00 до 23:00. Записывайтесь на игру на сайте. Компания Чё За Квест.,Квест в стиле Роблокс. Дорс,Квест в стиле Роблокс. Дорс
https://xn--80aehcht5ci1b.xn--p1ai/roblox-land,"Wed, 24 Jun 2026 17:07:22 GMT","Wed, 24 Jun 2026 17:07:22 GMT",,unchanged,Детский день рождения в стиле игры ROBLOX в Ростове-на-Дону | Скидки и Акции,Детский день рождения в стиле игры ROBLOX в Ростове-на-Дону | Скидки и Акции,День рождения под ключ в Ростове-на-Дону. Квест-шоу РОБЛОКС на детский праздник.,День рождения под ключ в Ростове-на-Дону. Квест-шоу РОБЛОКС на детский праздник.,КВЕСТ-ШОУ по мотивам популярной игры для вашего праздника,КВЕСТ-ШОУ по мотивам популярной игры для вашего праздника
https://xn--80aehcht5ci1b.xn--p1ai/rostov-99384,"Wed, 24 Jun 2026 17:07:26 GMT","Wed, 24 Jun 2026 17:07:26 GMT",,unchanged,Error,Error,,,,
https://xn--80aehcht5ci1b.xn--p1ai/sherlok-hunter,"Sun, 12 Feb 2023 10:26:32 GMT","Sun, 12 Feb 2023 10:26:32 GMT",,unchanged,«Шерлок Холмс» - для КвестХантер,«Шерлок Холмс» - для КвестХантер,"Вы одни из лучших детективов в мире. Сам Шерлок Холмс заметил вас. Чтобы проверить ваши знания, он отправил вас на задание в логово масонов – разгадать их тайну. Посмотрим, справитесь ли вы за 60 минут!","Вы одни из лучших детективов в мире. Сам Шерлок Холмс заметил вас. Чтобы проверить ваши знания, он отправил вас на задание в логово масонов – разгадать их тайну. Посмотрим, справитесь ли вы за 60 минут!",,
https://xn--80aehcht5ci1b.xn--p1ai/sherlok-kvesttam,"Sun, 12 Feb 2023 10:26:37 GMT","Sun, 12 Feb 2023 10:26:37 GMT",,unchanged,«Шерлок Холмс» - для КвестТам,«Шерлок Холмс» - для КвестТам,"Вы одни из лучших детективов в мире. Сам Шерлок Холмс заметил вас. Чтобы проверить ваши знания, он отправил вас на задание в логово масонов – разгадать их тайну. Посмотрим, справитесь ли вы за 60 минут!","Вы одни из лучших детективов в мире. Сам Шерлок Холмс заметил вас. Чтобы проверить ваши знания, он отправил вас на задание в логово масонов – разгадать их тайну. Посмотрим, справитесь ли вы за 60 минут!",,
https://xn--80aehcht5ci1b.xn--p1ai/shizofreniya,"Mon, 01 Jun 2026 12:23:54 GMT","Mon, 01 Jun 2026 12:23:54 GMT",,unchanged,Страшный квест Шизофрения в Ростове-на-Дону,Страшный квест Шизофрения в Ростове-на-Дону,Хоррор квест Шизофрения от компании Чё за Квест в Ростове-на-Дону. Работаем без выходных с 10:00 до 23:00. Записывайтесь на игру на сайте.,Хоррор квест Шизофрения от компании Чё за Квест в Ростове-на-Дону. Работаем без выходных с 10:00 до 23:00. Записывайтесь на игру на сайте.,Квест Шизофрения. Тени правды,Квест Шизофрения. Тени правды
https://xn--80aehcht5ci1b.xn--p1ai/soborni21,"Wed, 24 Jun 2026 17:07:26 GMT","Wed, 24 Jun 2026 17:07:26 GMT",,unchanged,Error,Error,,,,
https://xn--80aehcht5ci1b.xn--p1ai/sobornompereulog80,"Wed, 24 Jun 2026 17:07:26 GMT","Wed, 24 Jun 2026 17:07:26 GMT",,unchanged,Error,Error,,,,
https://xn--80aehcht5ci1b.xn--p1ai/socialicheskaya186,"Tue, 09 Jun 2026 13:41:47 GMT","Tue, 09 Jun 2026 13:41:47 GMT",,unchanged,Че За Квест на Социалистической 186 в Ростове-на-Дону,Че За Квест на Социалистической 186 в Ростове-на-Дону,Квесты в Ростове-на-Дону на Социалистической 186 от компании Че За Квест. Работем без выходных с 10:00 до 01:00. Записывайтесь на игру на сайте.,Квесты в Ростове-на-Дону на Социалистической 186 от компании Че За Квест. Работем без выходных с 10:00 до 01:00. Записывайтесь на игру на сайте.,Че За Квест на Социалистической 186,Че За Квест на Социалистической 186
https://xn--80aehcht5ci1b.xn--p1ai/sokolova23,"Wed, 24 Jun 2026 17:08:16 GMT","Wed, 24 Jun 2026 17:08:16 GMT",,unchanged,Че За Квест на Соколова 23 в Ростове-на-Дону,Че За Квест на Соколова 23 в Ростове-на-Дону,Квесты в Ростове-на-Дону на проспекте Соколова 23 от компании Че За Квест. Работем без выходных с 10:00 до 01:00. Записывайтесь на игру на сайте.,Квесты в Ростове-на-Дону на проспекте Соколова 23 от компании Че За Квест. Работем без выходных с 10:00 до 01:00. Записывайтесь на игру на сайте.,Чё за Квест на Соколова 23,Чё за Квест на Соколова 23
https://xn--80aehcht5ci1b.xn--p1ai/spasibo,"Wed, 24 Jun 2026 17:07:20 GMT","Wed, 24 Jun 2026 17:07:20 GMT",,unchanged,Страница благодарности,Страница благодарности,Чё За Квест,Чё За Квест,,
https://xn--80aehcht5ci1b.xn--p1ai/strashnye-kvesty,"Wed, 24 Jun 2026 17:07:24 GMT","Wed, 24 Jun 2026 17:07:24 GMT",,unchanged,Страшные квесты в Ростове,Страшные квесты в Ростове,,,Страшные квесты в Ростове-на-Дону,Страшные квесты в Ростове-на-Дону
https://xn--80aehcht5ci1b.xn--p1ai/sv,"Wed, 24 Jun 2026 17:07:21 GMT","Wed, 24 Jun 2026 17:07:21 GMT",,unchanged,Форма сбора контактов по сертификатам возвращаемости,Форма сбора контактов по сертификатам возвращаемости,,,,
https://xn--80aehcht5ci1b.xn--p1ai/tekhasskaya-reznya-benzopiloj,"Fri, 22 May 2026 08:10:52 GMT","Fri, 22 May 2026 08:10:52 GMT",,unchanged,Хоррор квест Техасская резня бензопилой -в Ростове-на-Дону,Хоррор квест Техасская резня бензопилой -в Ростове-на-Дону,Страшный квест Техасская резня бензопилой - хоррор от компании Чё За Квест в Ростове-на-Дону. Работаем без выходных с 10:00 до 23:00. Записывайтесь на игру на сайте.,Страшный квест Техасская резня бензопилой - хоррор от компании Чё За Квест в Ростове-на-Дону. Работаем без выходных с 10:00 до 23:00. Записывайтесь на игру на сайте.,Квест Техасская резня бензопилой,Квест Техасская резня бензопилой
https://xn--80aehcht5ci1b.xn--p1ai/ugon,"Fri, 22 May 2026 08:10:57 GMT","Fri, 22 May 2026 08:10:57 GMT",,unchanged,Фантастический угон - весёлый квест от компании «Чё За Квест»,Фантастический угон - весёлый квест от компании «Чё За Квест»,Весёлый квест Фантастический угон в Ростове-на-Дону. Работаем без выходных с 10:00 до 23:00. Записывайтесь на игру на сайте. Компания Чё за Квест.,Весёлый квест Фантастический угон в Ростове-на-Дону. Работаем без выходных с 10:00 до 23:00. Записывайтесь на игру на сайте. Компания Чё за Квест.,Фантастический угон,Фантастический угон
https://xn--80aehcht5ci1b.xn--p1ai/vypusknoj-kalmar,"Wed, 24 Jun 2026 17:07:22 GMT","Wed, 24 Jun 2026 17:07:22 GMT",,unchanged,"Выпускной 2026 в стиле сериала ""Игра в кальмара"" в Ростове-на-Дону | от 2700 руб. за ребенка","Выпускной 2026 в стиле сериала ""Игра в кальмара"" в Ростове-на-Дону | от 2700 руб. за ребенка","Выпускной под ключ в Ростове-на-Дону. Квест ""Игра в кальмара"" на детский выпускной.","Выпускной под ключ в Ростове-на-Дону. Квест ""Игра в кальмара"" на детский выпускной.",Выпускные 2026,Выпускные 2026
https://xn--80aehcht5ci1b.xn--p1ai/wednesday_ukradennaya_vesch,"Fri, 22 May 2026 08:10:48 GMT","Fri, 22 May 2026 08:10:48 GMT",,unchanged,Уэнсдей. Украденная вещь - квест в Ростове-на-Дону,Уэнсдей. Украденная вещь - квест в Ростове-на-Дону,Квест в лабиринте Уэнсдей. Потерянная душа от компании Чё За Квест в Ростове-на-Дону. Работаем без выходных с 10:00 до 23:00. Записывайтесь на игру на сайте.,Квест в лабиринте Уэнсдей. Потерянная душа от компании Чё За Квест в Ростове-на-Дону. Работаем без выходных с 10:00 до 23:00. Записывайтесь на игру на сайте.,Квест Уэнсдей. Потерянная душа,Квест Уэнсдей. Потерянная душа
https://xn--80aehcht5ci1b.xn--p1ai/wednesday-poteryannaya-dusha,"Fri, 22 May 2026 08:10:58 GMT","Fri, 22 May 2026 08:10:58 GMT",,unchanged,Уэнсдей. Потерянная душа - квест в Ростове-на-Дону,Уэнсдей. Потерянная душа - квест в Ростове-на-Дону,Квест в лабиринте Уэнсдей. Потерянная душа от компании Чё За Квест в Ростове-на-Дону. Работаем без выходных с 10:00 до 23:00. Записывайтесь на игру на сайте.,Квест в лабиринте Уэнсдей. Потерянная душа от компании Чё За Квест в Ростове-на-Дону. Работаем без выходных с 10:00 до 23:00. Записывайтесь на игру на сайте.,Квест Уэнсдей. Потерянная душа,Квест Уэнсдей. Потерянная душа
https://xn--80aehcht5ci1b.xn--p1ai/zamok-hunter,"Sun, 12 Feb 2023 10:26:35 GMT","Sun, 12 Feb 2023 10:26:35 GMT",,unchanged,«Замок Графа Дракулы» - для КвестХантер,«Замок Графа Дракулы» - для КвестХантер,"Вы попали в темницу замка графа Дракулы. До захода солнца остался всего час, после чего хозяин замка проснется, а вы уже никогда не увидите белый свет. Но у вас появился шанс сбежать: кому-то из предыдущих пленников это уже удалось, и он оставил вам свои подсказки... Сумейте выбраться до заката, и вы будете спасены.","Вы попали в темницу замка графа Дракулы. До захода солнца остался всего час, после чего хозяин замка проснется, а вы уже никогда не увидите белый свет. Но у вас появился шанс сбежать: кому-то из предыдущих пленников это уже удалось, и он оставил вам свои подсказки... Сумейте выбраться до заката, и вы будете спасены.",,
https://xn--80aehcht5ci1b.xn--p1ai/zvonok,"Fri, 22 May 2026 08:10:52 GMT","Fri, 22 May 2026 08:10:52 GMT",,unchanged,Звонок - страшный квест в Ростове-на-Дону,Звонок - страшный квест в Ростове-на-Дону,Хоррор квест Звонок в Ростове-на-Дону. Работаем без выходных с 10:00 до 23:00. Записывайтесь на игру на сайте. Компания Чё За Квест.,Хоррор квест Звонок в Ростове-на-Дону. Работаем без выходных с 10:00 до 23:00. Записывайтесь на игру на сайте. Компания Чё За Квест.,Квест Звонок,Квест Звонок
