path	size_bytes	kind
.deploy-verified	0	deployment_metadata
404.html	184915	site_content
40letpobedy216/index.html	1259241	site_content
_astro/404.astro_astro_type_script_index_0_lang.Dx4pYvRj.js	27	site_content
_astro/AzkabanArtboard.astro_astro_type_script_index_0_lang.jORg7bOQ.js	32	site_content
_astro/CallbackForm.astro_astro_type_script_index_0_lang.jORg7bOQ.js	32	site_content
_astro/CategoryPage.astro_astro_type_script_index_0_lang.DWofAOrb.js	54	site_content
_astro/HolidayPage.astro_astro_type_script_index_0_lang.DWofAOrb.js	54	site_content
_astro/InfoPage.astro_astro_type_script_index_0_lang.Dx4pYvRj.js	27	site_content
_astro/KidsArtboard.astro_astro_type_script_index_0_lang.jORg7bOQ.js	32	site_content
_astro/Layout.astro_astro_type_script_index_0_lang.XvDw8P96.js	3001	site_content
_astro/MagnitVenueHall.astro_astro_type_script_index_0_lang.5qNfn6yq.js	35	site_content
_astro/MaxiArtboard.astro_astro_type_script_index_0_lang.DLFOlFCI.js	3394	site_content
_astro/OnoVenueHall.astro_astro_type_script_index_0_lang.BMqATyro.js	580	site_content
_astro/PartyForm.astro_astro_type_script_index_0_lang.jORg7bOQ.js	32	site_content
_astro/PrebookingForm.astro_astro_type_script_index_0_lang.jORg7bOQ.js	32	site_content
_astro/QuestPage.astro_astro_type_script_index_0_lang.DWofAOrb.js	54	site_content
_astro/SourceSnapshotBody.astro_astro_type_script_index_0_lang.DIF0pUOB.js	88441	site_content
_astro/VenuePage.astro_astro_type_script_index_0_lang.DWofAOrb.js	54	site_content
_astro/VrBirthdayArtboard.astro_astro_type_script_index_0_lang.jORg7bOQ.js	32	site_content
_astro/VypusknojKalmarArtboard.astro_astro_type_script_index_0_lang.BVwcDoyJ.js	3182	site_content
_astro/index.astro_astro_type_script_index_0_lang.Dx4pYvRj.js	27	site_content
_astro/lead-form.rs7pXDF-.js	5109	site_content
_astro/main.L-wccv7T.js	7358	site_content
_astro/quizzes.7mYyoezj.js	27903	site_content
_astro/rows.B6lf2QBi.js	1302	site_content
_astro/slider-autoplay.Df10-dqp.js	601	site_content
_astro/t396-gallery.hof9EccI.js	2025	site_content
_redirects	4363	site_content
among_us/index.html	1129755	site_content
amongus-land/index.html	1554800	site_content
apple-touch-icon.png	9423	site_content
assets/_static/card_party_games.webp	29918	site_content
assets/_static/hero_dungeon_1200.webp	106790	site_content
assets/_static/hero_dungeon_760.webp	30544	site_content
assets/_static/hero_dungeon_900.webp	40396	site_content
assets/_static/map.png	65977	site_content
assets/_static/map.webp	51846	site_content
assets/_static/reviews.png	135988	site_content
assets/_static/reviews_desktop.webp	109186	site_content
assets/chezakvest.ru/for-Tilda/video-frame.html	792	site_content
assets/fonts.googleapis.com/css2	5661	site_content
assets/fonts.googleapis.com/css2.css.585049fd	3853	site_content
assets/fonts.googleapis.com/css2.css.b2740a4d	6573	site_content
assets/fonts.googleapis.com/gfont-0.css	3533	site_content
assets/fonts.googleapis.com/gfont-2.css	5997	site_content
assets/fonts.gstatic.com/s/montserrat/v31/JTUSjIg1_i6t8kCHKm459W1hyzbi.woff2	23828	site_content
assets/fonts.gstatic.com/s/montserrat/v31/JTUSjIg1_i6t8kCHKm459WRhyzbi.woff2	26368	site_content
assets/fonts.gstatic.com/s/montserrat/v31/JTUSjIg1_i6t8kCHKm459WZhyzbi.woff2	12928	site_content
assets/fonts.gstatic.com/s/montserrat/v31/JTUSjIg1_i6t8kCHKm459Wdhyzbi.woff2	70688	site_content
assets/fonts.gstatic.com/s/montserrat/v31/JTUSjIg1_i6t8kCHKm459Wlhyw.woff2	37956	site_content
assets/fonts.gstatic.com/s/nunito/v32/XRXV3I6Li01BKofIMeaBXso.woff2	20776	site_content
assets/fonts.gstatic.com/s/nunito/v32/XRXV3I6Li01BKofINeaB.woff2	39128	site_content
assets/fonts.gstatic.com/s/nunito/v32/XRXV3I6Li01BKofIO-aBXso.woff2	35588	site_content
assets/fonts.gstatic.com/s/nunito/v32/XRXV3I6Li01BKofIOOaBXso.woff2	28928	site_content
assets/fonts.gstatic.com/s/nunito/v32/XRXV3I6Li01BKofIOuaBXso.woff2	13096	site_content
assets/fonts.gstatic.com/s/ubuntu/v21/4iCs6KVjbNBYlgoKcQ72j00.woff2	46980	site_content
assets/fonts.gstatic.com/s/ubuntu/v21/4iCs6KVjbNBYlgoKcg72j00.woff2	24472	site_content
assets/fonts.gstatic.com/s/ubuntu/v21/4iCs6KVjbNBYlgoKcw72j00.woff2	14664	site_content
assets/fonts.gstatic.com/s/ubuntu/v21/4iCs6KVjbNBYlgoKew72j00.woff2	20852	site_content
assets/fonts.gstatic.com/s/ubuntu/v21/4iCs6KVjbNBYlgoKfA72j00.woff2	15068	site_content
assets/fonts.gstatic.com/s/ubuntu/v21/4iCs6KVjbNBYlgoKfw72.woff2	34924	site_content
assets/fonts.gstatic.com/s/ubuntu/v21/4iCv6KVjbNBYlgoCjC3js2yNL4U.woff2	13540	site_content
assets/fonts.gstatic.com/s/ubuntu/v21/4iCv6KVjbNBYlgoCjC3jsGyN.woff2	30508	site_content
assets/fonts.gstatic.com/s/ubuntu/v21/4iCv6KVjbNBYlgoCjC3jtGyNL4U.woff2	18668	site_content
assets/fonts.gstatic.com/s/ubuntu/v21/4iCv6KVjbNBYlgoCjC3jvGyNL4U.woff2	13432	site_content
assets/fonts.gstatic.com/s/ubuntu/v21/4iCv6KVjbNBYlgoCjC3jvWyNL4U.woff2	21812	site_content
assets/fonts.gstatic.com/s/ubuntu/v21/4iCv6KVjbNBYlgoCjC3jvmyNL4U.woff2	42480	site_content
assets/fonts.gstatic.com/s/ubuntu/v21/4iCv6KVjbNBYlgoCxCvjs2yNL4U.woff2	13156	site_content
assets/fonts.gstatic.com/s/ubuntu/v21/4iCv6KVjbNBYlgoCxCvjsGyN.woff2	29844	site_content
assets/fonts.gstatic.com/s/ubuntu/v21/4iCv6KVjbNBYlgoCxCvjtGyNL4U.woff2	18108	site_content
assets/fonts.gstatic.com/s/ubuntu/v21/4iCv6KVjbNBYlgoCxCvjvGyNL4U.woff2	13204	site_content
assets/fonts.gstatic.com/s/ubuntu/v21/4iCv6KVjbNBYlgoCxCvjvWyNL4U.woff2	20960	site_content
assets/fonts.gstatic.com/s/ubuntu/v21/4iCv6KVjbNBYlgoCxCvjvmyNL4U.woff2	38020	site_content
assets/optim.tildacdn.com/tild3030-3032-4366-b139-373938643134/-/format/webp/_005.png.webp	65168	site_content
assets/optim.tildacdn.com/tild3030-3237-4264-b564-333232633435/-/format/webp/image_2025-03-20_20-.jpg.webp	131346	site_content
assets/optim.tildacdn.com/tild3030-3733-4130-a463-326239306535/-/format/webp/photo_2024-11-02_03-.jpg.webp	75650	site_content
assets/optim.tildacdn.com/tild3030-6262-4366-a231-306133663765/-/format/webp/IMG_5254.JPG.webp	115430	site_content
assets/optim.tildacdn.com/tild3030-6432-4536-a464-383063376636/-/format/webp/photo_2024-06-18_21-.jpg.webp	99573	site_content
assets/optim.tildacdn.com/tild3030-6438-4966-a262-323663643765/-/format/webp/tempImage4rhrwp_1-2-.jpg.webp	131305	site_content
assets/optim.tildacdn.com/tild3030-6535-4132-b031-643164646536/-/resize/432x/-/format/webp/photo.jpg.webp	8192	site_content
assets/optim.tildacdn.com/tild3031-3131-4235-b264-633333313538/-/format/webp/Rectangle_15-2.png.webp	35974	site_content
assets/optim.tildacdn.com/tild3031-3364-4563-a332-386561363965/-/format/webp/zakrytaya_zona_ne_po.jpg.webp	35210	site_content
assets/optim.tildacdn.com/tild3031-3532-4465-a339-356432656336/-/format/webp/photo_54360476578361.jpg.webp	171898	site_content
assets/optim.tildacdn.com/tild3031-3765-4937-b337-353234323131/-/format/webp/_03-2.jpg.webp	143711	site_content
assets/optim.tildacdn.com/tild3031-6135-4864-b436-643738356635/-/format/webp/--2.jpg.webp	134390	site_content
assets/optim.tildacdn.com/tild3032-3465-4061-b637-333236636538/-/format/webp/photo_54360476578361.jpg.webp	197557	site_content
assets/optim.tildacdn.com/tild3032-3630-4539-b636-303163646634/-/resize/503x/-/format/webp/_.png.webp	25326	site_content
assets/optim.tildacdn.com/tild3032-3730-4137-a662-303536393730/-/format/webp/_DSC3628.jpg.webp	267784	site_content
assets/optim.tildacdn.com/tild3032-6236-4861-b833-313764363930/-/format/webp/photo_53980772950812.jpg.webp	148749	site_content
assets/optim.tildacdn.com/tild3032-6439-4438-a364-636166373435/-/format/webp/photo_53980772950812.jpg.webp	135796	site_content
assets/optim.tildacdn.com/tild3032-6535-4336-b833-356233373433/-/format/webp/_DSC7951_1-2.jpg.webp	88464	site_content
assets/optim.tildacdn.com/tild3032-6539-4530-a232-383538656536/-/format/webp/photo_53008932490047.jpg.webp	111899	site_content
assets/optim.tildacdn.com/tild3033-3665-4639-b938-343337306263/-/cover/432x432/center/center/-/format/webp/image-10-2.jpg.webp	24730	site_content
assets/optim.tildacdn.com/tild3033-3665-4639-b938-343337306263/-/cover/720x720/center/center/-/format/webp/image-10-2.jpg.webp	30232	site_content
assets/optim.tildacdn.com/tild3033-3665-4639-b938-343337306263/-/format/webp/image-10-2.jpg.webp	30232	site_content
assets/optim.tildacdn.com/tild3033-6361-4638-b338-393533636239/-/format/webp/photo_53980772950812.jpg.webp	117563	site_content
assets/optim.tildacdn.com/tild3033-6562-4166-b036-373561653764/-/format/webp/photo_53980772950812.jpg.webp	147432	site_content
assets/optim.tildacdn.com/tild3033-6662-4336-a263-623535623861/-/format/webp/_02.jpg.webp	103502	site_content
assets/optim.tildacdn.com/tild3034-3162-4732-b739-643339316438/-/format/webp/photo_53980772950812.jpg.webp	139023	site_content
assets/optim.tildacdn.com/tild3034-3338-4633-b931-346237636262/-/format/webp/IMG-20190510-WA0027j.jpg.webp	129456	site_content
assets/optim.tildacdn.com/tild3034-6437-4365-b664-636432373131/-/format/webp/-186-4_1200.jpg.webp	314586	site_content
assets/optim.tildacdn.com/tild3035-3236-4566-b762-376431663838/-/resize/360x480/-/format/webp/___2jpg.webp	48198	site_content
assets/optim.tildacdn.com/tild3035-3661-4434-b462-333032353334/-/format/webp/efea3ecc-785e-42ad-9.png.webp	491917	site_content
assets/optim.tildacdn.com/tild3035-3863-4332-b833-393664323961/-/format/webp/photo_2024-10-17_12-.png.webp	7306	site_content
assets/optim.tildacdn.com/tild3036-3065-4334-a462-373265623233/-/format/webp/_.png.webp	33610	site_content
assets/optim.tildacdn.com/tild3036-3135-4565-a334-323132306564/-/format/webp/photo_52719489404110.jpg.webp	92769	site_content
assets/optim.tildacdn.com/tild3036-3332-4162-a637-653863353739/-/format/webp/_3___-2.png.webp	157088	site_content
assets/optim.tildacdn.com/tild3036-3737-4534-b032-323133356339/-/format/webp/photo_54360476578361.jpg.webp	144789	site_content
assets/optim.tildacdn.com/tild3036-3966-4665-b638-346136633231/-/format/webp/konstantintaranov-13.jpg.webp	125411	site_content
assets/optim.tildacdn.com/tild3036-3966-4665-b638-346136633231/-/resize/700x500/-/format/webp/konstantintaranov-13.jpg.webp	68796	site_content
assets/optim.tildacdn.com/tild3037-3032-4162-a166-323433376164/-/format/webp/IMG_4091-2-2.JPG.webp	340332	site_content
assets/optim.tildacdn.com/tild3037-3062-4361-a566-333631623231/-/format/webp/447119e8-32a9-4300-b.png.webp	139024	site_content
assets/optim.tildacdn.com/tild3037-3233-4136-a531-386563636166/-/format/webp/IMG_8088.jpeg.webp	103054	site_content
assets/optim.tildacdn.com/tild3037-3236-4237-b563-663238316563/-/format/webp/3__.jpg.webp	115556	site_content
assets/optim.tildacdn.com/tild3037-3237-4338-a235-313736333666/-/format/webp/photo_53980772950812.jpg.webp	188951	site_content
assets/optim.tildacdn.com/tild3037-3437-4964-b562-616234306165/-/format/webp/konstantintaranov-15.jpg.webp	60298	site_content
assets/optim.tildacdn.com/tild3037-3861-4664-b532-303363396534/-/format/webp/DSC_0453900-2.jpg.webp	120166	site_content
assets/optim.tildacdn.com/tild3037-6263-4166-b661-313935623732/-/format/webp/photo_53980772950812.jpg.webp	147432	site_content
assets/optim.tildacdn.com/tild3037-6630-4131-a436-353564646231/-/format/webp/photo_53980772950812.jpg.webp	135796	site_content
assets/optim.tildacdn.com/tild3038-3731-4662-b566-626561666631/-/format/webp/XiQALg22sNI.jpg.webp	24288	site_content
assets/optim.tildacdn.com/tild3038-3761-4030-a233-663965656463/-/cover/800x500/center/center/-/format/webp/photo_52379156410360.jpg.webp	51860	site_content
assets/optim.tildacdn.com/tild3038-3761-4030-a233-663965656463/-/format/webp/photo_52379156410360.jpg.webp	102548	site_content
assets/optim.tildacdn.com/tild3038-6139-4537-b335-393765383864/-/format/webp/photo_2024-11-02_03-.jpg.webp	72843	site_content
assets/optim.tildacdn.com/tild3038-6232-4838-b335-393861333731/-/format/webp/photo_53980772950812.jpg.webp	117563	site_content
assets/optim.tildacdn.com/tild3039-3532-4635-a365-396262656337/-/format/webp/todo-lo-que-sabemos-.jpg.webp	103558	site_content
assets/optim.tildacdn.com/tild3039-3635-4437-b865-353334353166/-/resize/464x/-/format/webp/IMG_20230620_072401.jpg.webp	50931	site_content
assets/optim.tildacdn.com/tild3039-3837-4434-b439-353934353132/-/format/webp/photo_53980772950812.jpg.webp	138974	site_content
assets/optim.tildacdn.com/tild3039-3934-4030-a238-343937303464/-/format/webp/photo_53980772950812.jpg.webp	138974	site_content
assets/optim.tildacdn.com/tild3039-6164-4038-a565-316333343935/-/format/webp/image.png.webp	10992	site_content
assets/optim.tildacdn.com/tild3061-3031-4436-a266-663334333735/-/format/webp/photo_53980772950812.jpg.webp	117563	site_content
assets/optim.tildacdn.com/tild3061-6230-4634-b062-343035323734/-/format/webp/konstantintaranov-43.jpg.webp	63226	site_content
assets/optim.tildacdn.com/tild3061-6230-4634-b062-343035323734/-/resize/700x500/-/format/webp/konstantintaranov-43.jpg.webp	63226	site_content
assets/optim.tildacdn.com/tild3061-6232-4831-b031-613363616162/-/cover/385x386/center/center/-/format/webp/photo.png.webp	8824	site_content
assets/optim.tildacdn.com/tild3061-6232-4831-b031-613363616162/-/format/webp/photo.png.webp	7718	site_content
assets/optim.tildacdn.com/tild3062-3933-4561-b132-373762666335/-/cover/432x432/center/center/-/format/webp/image-12-2.jpg.webp	17452	site_content
assets/optim.tildacdn.com/tild3062-3933-4561-b132-373762666335/-/cover/720x720/center/center/-/format/webp/image-12-2.jpg.webp	20100	site_content
assets/optim.tildacdn.com/tild3062-3933-4561-b132-373762666335/-/format/webp/image-12-2.jpg.webp	36184	site_content
assets/optim.tildacdn.com/tild3062-6366-4862-b831-396263643731/-/format/webp/photo_54360476578361.jpg.webp	144789	site_content
assets/optim.tildacdn.com/tild3063-3562-4138-b939-336432383662/-/format/webp/photo_52379156410360.jpg.webp	103552	site_content
assets/optim.tildacdn.com/tild3063-3663-4262-b030-663964383163/-/format/webp/IMG_8203-2.jpg.webp	274075	site_content
assets/optim.tildacdn.com/tild3063-3761-4637-a132-366637613935/-/format/webp/photo_2024-11-11_12-.jpg.webp	415311	site_content
assets/optim.tildacdn.com/tild3063-6165-4332-b537-343336643363/-/format/webp/konstantintaranov-19.jpg.webp	109826	site_content
assets/optim.tildacdn.com/tild3063-6165-4332-b537-343336643363/-/resize/700x500/-/format/webp/konstantintaranov-19.jpg.webp	109826	site_content
assets/optim.tildacdn.com/tild3063-6235-4639-b163-326639613230/-/cover/385x386/center/center/-/format/webp/_-2.png.webp	6489	site_content
assets/optim.tildacdn.com/tild3063-6235-4639-b163-326639613230/-/format/webp/_-2.png.webp	6489	site_content
assets/optim.tildacdn.com/tild3063-6366-4335-b333-313261323431/-/format/webp/_.png.webp	269428	site_content
assets/optim.tildacdn.com/tild3063-6536-4135-b534-303138373736/-/format/webp/photo_54360476578361.jpg.webp	171898	site_content
assets/optim.tildacdn.com/tild3064-3661-4637-b066-383866666662/-/format/webp/hf_20260310_072251_a.jpeg.webp	70550	site_content
assets/optim.tildacdn.com/tild3064-3661-4637-b066-383866666662/-/resize/360x480/-/format/webp/hf_20260310_072251_a.jpeg.webp	64834	site_content
assets/optim.tildacdn.com/tild3065-3230-4933-a462-363565653331/-/format/webp/image_2025-03-20_20-.jpg.webp	31990	site_content
assets/optim.tildacdn.com/tild3065-6437-4530-a438-396637643730/-/format/webp/-2.png.webp	31702	site_content
assets/optim.tildacdn.com/tild3066-3235-4635-b363-383631386464/-/cover/385x386/center/center/-/format/webp/_.png.webp	9266	site_content
assets/optim.tildacdn.com/tild3066-3235-4635-b363-383631386464/-/format/webp/_.png.webp	7787	site_content
assets/optim.tildacdn.com/tild3066-3831-4161-a238-306261356138/-/format/webp/4.jpg.webp	430665	site_content
assets/optim.tildacdn.com/tild3066-6163-4165-b437-323735303534/-/format/webp/_.jpg.webp	72328	site_content
assets/optim.tildacdn.com/tild3130-3033-4535-a162-343364333431/-/format/webp/IMG_7067.jpg.webp	71028	site_content
assets/optim.tildacdn.com/tild3130-3138-4430-b964-343833366461/-/format/webp/photo_54360476578361.jpg.webp	144789	site_content
assets/optim.tildacdn.com/tild3130-3663-4231-b562-313835323233/-/format/webp/photo_53980772950812.jpg.webp	124419	site_content
assets/optim.tildacdn.com/tild3130-3766-4238-b765-623532333733/-/format/webp/photo_53572970444584.jpg.webp	61199	site_content
assets/optim.tildacdn.com/tild3130-6333-4233-b962-323365666336/-/format/webp/photo_53980772950812.jpg.webp	165692	site_content
assets/optim.tildacdn.com/tild3130-6361-4465-b433-633333646436/-/format/webp/IMG_8086.jpeg.webp	53719	site_content
assets/optim.tildacdn.com/tild3131-3730-4437-a366-306639646565/-/format/webp/Alert.png.webp	35274	site_content
assets/optim.tildacdn.com/tild3131-3839-4239-b362-666536373135/-/resize/432x/-/format/webp/photo.png.webp	12510	site_content
assets/optim.tildacdn.com/tild3131-3962-4737-a563-333063653761/-/cover/432x432/center/center/-/format/webp/image-2-2.jpg.webp	20932	site_content
assets/optim.tildacdn.com/tild3131-3962-4737-a563-333063653761/-/cover/720x720/center/center/-/format/webp/image-2-2.jpg.webp	24264	site_content
assets/optim.tildacdn.com/tild3131-3962-4737-a563-333063653761/-/format/webp/image-2-2.jpg.webp	24264	site_content
assets/optim.tildacdn.com/tild3132-3466-4838-b563-383163633963/-/format/webp/photo_52719489404110.jpg.webp	92769	site_content
assets/optim.tildacdn.com/tild3132-6661-4631-a163-663638303761/-/resize/432x/-/format/webp/photo.jpg.webp	15062	site_content
assets/optim.tildacdn.com/tild3132-6663-4233-a362-346662616166/-/format/webp/photo_53980772950812.jpg.webp	148749	site_content
assets/optim.tildacdn.com/tild3133-3462-4564-b565-643133353764/-/format/webp/photo_53980772950812.jpg.webp	188951	site_content
assets/optim.tildacdn.com/tild3133-3632-4236-b565-643739316433/-/format/webp/photo_53980772950812.jpg.webp	135796	site_content
assets/optim.tildacdn.com/tild3133-3664-4632-b566-643965636530/-/format/webp/photo_53980772950812.jpg.webp	104502	site_content
assets/optim.tildacdn.com/tild3133-6161-4466-b561-343833313535/-/format/webp/photo_53980772950812.jpg.webp	165692	site_content
assets/optim.tildacdn.com/tild3133-6431-4166-b735-646161306232/-/format/webp/photo_53572970444584.jpg.webp	70878	site_content
assets/optim.tildacdn.com/tild3133-6564-4565-a433-343732373035/-/format/webp/photo.png.webp	27202	site_content
assets/optim.tildacdn.com/tild3134-3362-4339-a262-323433306137/-/format/webp/image-6-2.png.webp	76449	site_content
assets/optim.tildacdn.com/tild3134-3432-4963-a465-326131613636/-/format/webp/IMG_1044-2.jpg.webp	299539	site_content
assets/optim.tildacdn.com/tild3134-3736-4464-b265-346165653161/-/cover/385x386/center/center/-/format/webp/-2.png.webp	6262	site_content
assets/optim.tildacdn.com/tild3134-3736-4464-b265-346165653161/-/format/webp/-2.png.webp	6262	site_content
assets/optim.tildacdn.com/tild3134-6239-4833-a138-616235643735/-/format/webp/_DSC3759.jpg.webp	81175	site_content
assets/optim.tildacdn.com/tild3134-6635-4765-a234-393534306164/-/format/webp/_04.jpg.webp	221017	site_content
assets/optim.tildacdn.com/tild3135-3666-4361-b433-383139353933/-/format/webp/photo_54360476578361.jpg.webp	171898	site_content
assets/optim.tildacdn.com/tild3135-3961-4766-a162-616633316635/-/format/webp/photo_53980772950812.jpg.webp	127115	site_content
assets/optim.tildacdn.com/tild3136-3236-4431-b962-383839363432/-/format/webp/Frame_3-2.png.webp	7071	site_content
assets/optim.tildacdn.com/tild3136-3536-4534-a131-313834643737/-/format/webp/photo_53980772950812.jpg.webp	165692	site_content
assets/optim.tildacdn.com/tild3136-3663-4131-a661-376563633434/-/format/webp/photo_53980772950812.jpg.webp	188951	site_content
assets/optim.tildacdn.com/tild3136-3766-4930-b332-366335366262/-/format/webp/IMG_7124_1.jpg.webp	21842	site_content
assets/optim.tildacdn.com/tild3136-3835-4336-b064-396164383736/-/format/webp/photo_53980772950812.jpg.webp	135796	site_content
assets/optim.tildacdn.com/tild3137-3839-4238-a536-626439323434/-/format/webp/IMG_7373-min_.jpg.webp	188195	site_content
assets/optim.tildacdn.com/tild3137-6139-4565-a434-333431353034/-/format/webp/noroot.png.webp	8384	site_content
assets/optim.tildacdn.com/tild3137-6330-4536-b465-636265356534/-/format/webp/photo_53980772950812.jpg.webp	127115	site_content
assets/optim.tildacdn.com/tild3137-6330-4662-b462-383136383132/-/format/webp/photo_53980772950812.jpg.webp	117563	site_content
assets/optim.tildacdn.com/tild3137-6331-4636-b564-346438323161/-/format/webp/LAT_0655.jpg.webp	168736	site_content
assets/optim.tildacdn.com/tild3137-6331-4636-b564-346438323161/-/resize/413x/-/format/webp/LAT_0655.jpg.webp	168736	site_content
assets/optim.tildacdn.com/tild3137-6331-4636-b564-346438323161/-/resize/900x600/-/format/webp/LAT_0655.jpg.webp	168736	site_content
assets/optim.tildacdn.com/tild3137-6539-4634-b662-643064613738/-/format/webp/photo_53980772950812.jpg.webp	127115	site_content
assets/optim.tildacdn.com/tild3138-3131-4462-a566-313037386365/-/format/webp/photo_53572970444584.jpg.webp	127132	site_content
assets/optim.tildacdn.com/tild3138-3537-4766-a130-313138353031/-/format/webp/_04.jpg.webp	260919	site_content
assets/optim.tildacdn.com/tild3138-3637-4138-b266-356262323132/-/format/webp/photo_53980772950812.jpg.webp	117563	site_content
assets/optim.tildacdn.com/tild3138-6361-4435-b864-623334303063/-/format/webp/photo_53980772950812.jpg.webp	139023	site_content
assets/optim.tildacdn.com/tild3139-3366-4137-a363-333637386633/-/format/webp/photo_53980772950812.jpg.webp	139023	site_content
assets/optim.tildacdn.com/tild3139-3466-4738-a434-353063663139/-/format/webp/__06.jpg.webp	187537	site_content
assets/optim.tildacdn.com/tild3139-6237-4963-b065-393234363734/-/resize/432x/-/format/webp/photo.png.webp	8968	site_content
assets/optim.tildacdn.com/tild3139-6432-4739-b835-623732366663/-/cover/432x432/center/center/-/format/webp/_.jpg.webp	18634	site_content
assets/optim.tildacdn.com/tild3139-6432-4739-b835-623732366663/-/cover/720x720/center/center/-/format/webp/_.jpg.webp	22752	site_content
assets/optim.tildacdn.com/tild3139-6432-4739-b835-623732366663/-/format/webp/_.jpg.webp	22752	site_content
assets/optim.tildacdn.com/tild3139-6464-4935-a662-356339383061/-/format/webp/photo_53980772950812.jpg.webp	165692	site_content
assets/optim.tildacdn.com/tild3161-3163-4636-b736-616238663563/-/format/webp/photo_53980772950812.jpg.webp	128360	site_content
assets/optim.tildacdn.com/tild3161-3338-4166-b039-303061633336/-/format/webp/2.png.webp	51978	site_content
assets/optim.tildacdn.com/tild3161-3533-4338-b736-633338643664/-/format/webp/photo_53980772950812.jpg.webp	127115	site_content
assets/optim.tildacdn.com/tild3161-3732-4636-b439-613837333465/-/format/webp/IMG_7124_1-2.jpg.webp	48262	site_content
assets/optim.tildacdn.com/tild3161-3738-4434-a537-626530323930/-/format/webp/mQXphvQ5ZIo.jpg.webp	73625	site_content
assets/optim.tildacdn.com/tild3161-3838-4437-b162-633936376562/-/format/webp/photo_2024-04-26_13-.jpg.webp	139046	site_content
assets/optim.tildacdn.com/tild3161-6133-4231-b238-633233393931/-/format/webp/__01.jpg.webp	209536	site_content
assets/optim.tildacdn.com/tild3161-6434-4064-b737-343166373335/-/format/webp/photo_53980772950812.jpg.webp	117563	site_content
assets/optim.tildacdn.com/tild3161-6532-4262-b863-656464316664/-/format/webp/_03.jpg.webp	191652	site_content
assets/optim.tildacdn.com/tild3162-3465-4533-b434-343139306132/-/format/webp/photo_2023-10-30_21-.jpg.webp	56846	site_content
assets/optim.tildacdn.com/tild3162-6262-4963-b839-626134383333/-/format/webp/photo_2024-10-30_14-.jpg.webp	167942	site_content
assets/optim.tildacdn.com/tild3163-3437-4364-a661-663534626230/-/format/webp/photo_2025-08-06_13-.jpg.webp	63476	site_content
assets/optim.tildacdn.com/tild3163-3439-4364-a534-616264623233/-/format/webp/photo_53980772950812.jpg.webp	128360	site_content
assets/optim.tildacdn.com/tild3163-6137-4063-a139-666130303664/-/resize/700x500/-/format/webp/ugonpng-2.webp	27124	site_content
assets/optim.tildacdn.com/tild3163-6266-4530-a136-376662333735/-/format/webp/6_like.png.webp	7732	site_content
assets/optim.tildacdn.com/tild3163-6466-4635-a162-383363633539/-/format/webp/image-8-2.jpg.webp	10808	site_content
assets/optim.tildacdn.com/tild3164-3031-4331-b838-383931313865/-/format/webp/40-__03.jpg.webp	194965	site_content
assets/optim.tildacdn.com/tild3164-3637-4665-a132-356361343561/-/format/webp/photo_52899088100156.jpg.webp	108504	site_content
assets/optim.tildacdn.com/tild3164-3962-4934-b037-333861616434/-/cover/385x386/center/center/-/format/webp/Portal_strike_ik-2.png.webp	6506	site_content
assets/optim.tildacdn.com/tild3164-3962-4934-b037-333861616434/-/format/webp/Portal_strike_ik-2.png.webp	6506	site_content
assets/optim.tildacdn.com/tild3164-3965-4363-b332-353362343933/-/format/webp/IMG_7067.jpg.webp	221311	site_content
assets/optim.tildacdn.com/tild3164-6630-4362-a561-313134366163/-/cover/385x386/center/center/-/format/webp/-2.png.webp	6402	site_content
assets/optim.tildacdn.com/tild3164-6630-4362-a561-313134366163/-/format/webp/-2.png.webp	6402	site_content
assets/optim.tildacdn.com/tild3164-6665-4035-b662-353137663663/-/resize/432x/-/format/webp/__.png.webp	21062	site_content
assets/optim.tildacdn.com/tild3164-6665-4738-a430-646237326530/-/format/webp/IMG_3502.jpg.webp	115186	site_content
assets/optim.tildacdn.com/tild3165-3161-4339-a166-353666616432/-/format/webp/____mini.png.webp	47204	site_content
assets/optim.tildacdn.com/tild3165-3365-4866-a536-643762633636/-/format/webp/IMG_1033-2.jpg.webp	286467	site_content
assets/optim.tildacdn.com/tild3165-3939-4561-b536-386234653237/-/format/webp/6_kids.png.webp	32052	site_content
assets/optim.tildacdn.com/tild3165-6366-4661-a465-633134346334/-/format/webp/__07.jpg.webp	204853	site_content
assets/optim.tildacdn.com/tild3165-6431-4336-b038-616431346461/-/format/webp/_2___-2.png.webp	131125	site_content
assets/optim.tildacdn.com/tild3165-6432-4132-a162-626336306239/-/format/webp/photo_2024-09-28_14-.jpg.webp	174454	site_content
assets/optim.tildacdn.com/tild3166-3333-4830-b366-646430366531/-/cover/432x432/center/center/-/format/webp/image-8-2.jpg.webp	18458	site_content
assets/optim.tildacdn.com/tild3166-3333-4830-b366-646430366531/-/cover/720x720/center/center/-/format/webp/image-8-2.jpg.webp	21328	site_content
assets/optim.tildacdn.com/tild3166-3333-4830-b366-646430366531/-/format/webp/image-8-2.jpg.webp	39846	site_content
assets/optim.tildacdn.com/tild3166-3365-4061-b531-623263643163/-/format/webp/_-3-2.png.webp	6018	site_content
assets/optim.tildacdn.com/tild3166-3464-4433-b835-626233396161/-/format/webp/photo_53980772950812.jpg.webp	125554	site_content
assets/optim.tildacdn.com/tild3166-6133-4265-b736-666331333162/-/format/webp/caed1ab0-dd5c-4e39-a.png.webp	59632	site_content
assets/optim.tildacdn.com/tild3166-6133-4532-a336-653830303563/-/cover/432x432/center/center/-/format/webp/photo_2024-10-30_14-.jpg.webp	43554	site_content
assets/optim.tildacdn.com/tild3166-6133-4532-a336-653830303563/-/format/webp/photo_2024-10-30_14-.jpg.webp	53510	site_content
assets/optim.tildacdn.com/tild3166-6133-4532-a336-653830303563/-/resize/360x480/-/format/webp/photo_2024-10-30_14-.jpg.webp	53510	site_content
assets/optim.tildacdn.com/tild3166-6538-4935-b165-663565333264/-/format/webp/35307069_82GF392814_.png.webp	3782	site_content
assets/optim.tildacdn.com/tild3230-3035-4234-b534-623639303036/-/format/webp/id_6386942333_0-2.png.webp	487376	site_content
assets/optim.tildacdn.com/tild3230-3035-4234-b534-623639303036/-/resize/600x500/-/format/webp/id_6386942333_0-2.png.webp	73450	site_content
assets/optim.tildacdn.com/tild3230-3130-4666-b838-363464313263/-/format/webp/1.jpg.webp	257922	site_content
assets/optim.tildacdn.com/tild3230-3335-4166-b761-306330313363/-/format/webp/IMG_8136-2.jpg.webp	252417	site_content
assets/optim.tildacdn.com/tild3230-3531-4838-b032-643161626561/-/format/webp/IMG_3972-2.png.webp	102768	site_content
assets/optim.tildacdn.com/tild3230-3735-4137-b162-636636363635/-/format/webp/photo_2024-10-30_14-.jpg.webp	168580	site_content
assets/optim.tildacdn.com/tild3231-3062-4564-b839-656362343063/-/format/webp/photo_53980772950812.jpg.webp	135796	site_content
assets/optim.tildacdn.com/tild3231-3136-4632-b935-616536336534/-/format/webp/photo_54360476578361.jpg.webp	144789	site_content
assets/optim.tildacdn.com/tild3231-3161-4232-b362-616361316236/-/format/webp/photo_53980772950812.jpg.webp	188951	site_content
assets/optim.tildacdn.com/tild3231-3232-4864-b834-313663353638/-/format/webp/noroot.png.webp	336653	site_content
assets/optim.tildacdn.com/tild3231-3731-4561-a464-363134633034/-/format/webp/_02.jpg.webp	300638	site_content
assets/optim.tildacdn.com/tild3231-6237-4439-a431-663866663831/-/format/webp/photo_53980772950812.jpg.webp	135796	site_content
assets/optim.tildacdn.com/tild3231-6263-4462-a438-376337363165/-/format/webp/photo_53980772950812.jpg.webp	125554	site_content
assets/optim.tildacdn.com/tild3231-6364-4363-a331-636238346133/-/format/webp/IMG_3948.png.webp	263245	site_content
assets/optim.tildacdn.com/tild3231-6461-4964-b234-396262613566/-/format/webp/IMG_7064-2.jpg.webp	100391	site_content
assets/optim.tildacdn.com/tild3231-6466-4162-a665-353764346531/-/format/webp/3__.png.webp	17208	site_content
assets/optim.tildacdn.com/tild3231-6564-4735-a239-353165663535/-/resize/268x/-/format/webp/noroot.png.webp	18366	site_content
assets/optim.tildacdn.com/tild3232-3166-4131-b933-363936383837/-/format/webp/photo_52379156410360.jpg.webp	74478	site_content
assets/optim.tildacdn.com/tild3232-3631-4834-a636-396533313730/-/format/webp/photo_53980772950812.jpg.webp	139023	site_content
assets/optim.tildacdn.com/tild3232-6634-4239-b238-323232363765/-/format/webp/IMG_1038-2.jpg.webp	180612	site_content
assets/optim.tildacdn.com/tild3233-3264-4466-a466-623635663661/-/cover/432x432/center/center/-/format/webp/image-6-2.jpg.webp	21100	site_content
assets/optim.tildacdn.com/tild3233-3264-4466-a466-623635663661/-/cover/720x720/center/center/-/format/webp/image-6-2.jpg.webp	25318	site_content
assets/optim.tildacdn.com/tild3233-3264-4466-a466-623635663661/-/format/webp/image-6-2.jpg.webp	25318	site_content
assets/optim.tildacdn.com/tild3233-3962-4638-a563-303664613363/-/format/webp/___3__-2.jpg.webp	273931	site_content
assets/optim.tildacdn.com/tild3233-6138-4361-b463-306237343332/-/format/webp/photo_53980772950812.jpg.webp	148749	site_content
assets/optim.tildacdn.com/tild3234-3134-4166-a434-386630616463/-/format/webp/photo_53980772950812.jpg.webp	104502	site_content
assets/optim.tildacdn.com/tild3234-3264-4237-b530-653662303034/-/format/webp/_-.png.webp	9480	site_content
assets/optim.tildacdn.com/tild3234-3765-4963-b735-646238303664/-/format/webp/_mini.png.webp	20065	site_content
assets/optim.tildacdn.com/tild3234-3937-4435-b039-636130626562/-/format/webp/photo_53980772950812.jpg.webp	165692	site_content
assets/optim.tildacdn.com/tild3235-3366-4134-b739-643464343062/-/format/webp/IMG_7067.jpg.webp	221311	site_content
assets/optim.tildacdn.com/tild3235-3538-4433-b735-396236303862/-/format/webp/image-10-2.png.webp	70763	site_content
assets/optim.tildacdn.com/tild3235-3935-4063-b933-346639363931/-/format/webp/noroot.png.webp	423060	site_content
assets/optim.tildacdn.com/tild3236-3232-4839-b637-666466343066/-/format/webp/-.jpg.webp	41270	site_content
assets/optim.tildacdn.com/tild3236-3235-4661-a364-393039323432/-/format/webp/image_5-2.png.webp	4776	site_content
assets/optim.tildacdn.com/tild3236-3762-4262-b865-396561326632/-/format/webp/photo_54360476578361.jpg.webp	171898	site_content
assets/optim.tildacdn.com/tild3236-3935-4534-b935-396264636334/-/format/webp/_03.jpg.webp	261783	site_content
assets/optim.tildacdn.com/tild3236-6533-4365-b739-303235346133/-/format/webp/photo_2024-03-12_10-.png.webp	5940	site_content
assets/optim.tildacdn.com/tild3236-6634-4161-b739-303963653530/-/format/webp/photo_2024-09-28_14-.jpg.webp	162657	site_content
assets/optim.tildacdn.com/tild3237-3431-4333-b639-393938383232/-/cover/600x400/center/center/-/format/webp/photo_53980772950812.jpg.webp	124419	site_content
assets/optim.tildacdn.com/tild3237-3431-4333-b639-393938383232/-/format/webp/photo_53980772950812.jpg.webp	124419	site_content
assets/optim.tildacdn.com/tild3237-3530-4565-b864-333261343235/-/format/webp/id_6386942333_0.jpg.webp	187839	site_content
assets/optim.tildacdn.com/tild3237-3664-4263-b133-346137303465/-/format/webp/2_.jpg.webp	33838	site_content
assets/optim.tildacdn.com/tild3237-6132-4362-b863-323738323737/-/format/webp/photo_53980772950812.jpg.webp	128360	site_content
assets/optim.tildacdn.com/tild3238-6261-4135-b662-646561666538/-/format/webp/VR3.jpg.webp	29798	site_content
assets/optim.tildacdn.com/tild3238-6330-4231-b466-633862643461/-/format/webp/IMG_4978-2.JPG.webp	140337	site_content
assets/optim.tildacdn.com/tild3238-6666-4435-b464-323238343131/-/format/webp/photo_53980772950812.jpg.webp	148749	site_content
assets/optim.tildacdn.com/tild3239-3266-4333-b436-343564313430/-/format/webp/image_2025-03-20_20-.jpg.webp	55958	site_content
assets/optim.tildacdn.com/tild3239-3565-4161-a230-323732646465/-/format/webp/6_ruka.png.webp	12295	site_content
assets/optim.tildacdn.com/tild3239-6162-4163-a632-643330623031/-/format/webp/photo_53980772950812.jpg.webp	139023	site_content
assets/optim.tildacdn.com/tild3261-3066-4736-a165-633262636166/-/format/webp/IMG_4022.png.webp	464352	site_content
assets/optim.tildacdn.com/tild3261-3365-4262-b463-643735613366/-/cover/312x300/center/center/-/format/webp/-_.jpg.webp	26674	site_content
assets/optim.tildacdn.com/tild3261-3365-4262-b463-643735613366/-/format/webp/-_.jpg.webp	64662	site_content
assets/optim.tildacdn.com/tild3261-3664-4132-a136-613138663433/-/format/webp/photo_53980772950812.jpg.webp	127115	site_content
assets/optim.tildacdn.com/tild3261-3861-4161-a132-343039636666/-/format/webp/photo_2024-10-30_14-.jpg.webp	112440	site_content
assets/optim.tildacdn.com/tild3262-3064-4230-a161-343766366539/-/format/webp/oe7znOyNE8A.jpg.webp	185756	site_content
assets/optim.tildacdn.com/tild3262-3239-4538-b930-393964393236/-/format/webp/photo_53572970444584.jpg.webp	113792	site_content
assets/optim.tildacdn.com/tild3262-3538-4264-b334-643032306331/-/format/webp/photo_53980772950812.jpg.webp	124419	site_content
assets/optim.tildacdn.com/tild3262-6235-4464-b131-613734346230/-/cover/432x432/center/center/-/format/webp/image-5-2.jpg.webp	25198	site_content
assets/optim.tildacdn.com/tild3262-6235-4464-b131-613734346230/-/cover/720x720/center/center/-/format/webp/image-5-2.jpg.webp	28628	site_content
assets/optim.tildacdn.com/tild3262-6235-4464-b131-613734346230/-/format/webp/image-5-2.jpg.webp	28628	site_content
assets/optim.tildacdn.com/tild3262-6430-4635-b532-306233653561/-/cover/312x300/center/center/-/format/webp/_2.jpg.webp	23414	site_content
assets/optim.tildacdn.com/tild3262-6430-4635-b532-306233653561/-/format/webp/_2.jpg.webp	70682	site_content
assets/optim.tildacdn.com/tild3262-6433-4162-b664-613830646439/-/format/webp/photo_53980772950812.jpg.webp	124419	site_content
assets/optim.tildacdn.com/tild3262-6436-4363-b739-376537656134/-/format/webp/photo_3_2026-03-31_1.jpg.webp	128746	site_content
assets/optim.tildacdn.com/tild3262-6631-4431-a561-306538386366/-/format/webp/photo_53980772950812.jpg.webp	147432	site_content
assets/optim.tildacdn.com/tild3262-6633-4261-b034-306663306138/-/format/webp/photo_53980772950812.jpg.webp	125554	site_content
assets/optim.tildacdn.com/tild3263-3064-4561-b762-373933613562/-/cover/432x432/center/center/-/format/webp/image-4-2.jpg.webp	32358	site_content
assets/optim.tildacdn.com/tild3263-3064-4561-b762-373933613562/-/cover/720x720/center/center/-/format/webp/image-4-2.jpg.webp	39068	site_content
assets/optim.tildacdn.com/tild3263-3064-4561-b762-373933613562/-/format/webp/image-4-2.jpg.webp	39068	site_content
assets/optim.tildacdn.com/tild3263-3338-4534-a339-303161393735/-/format/webp/Rectangle_25_1.png.webp	15910	site_content
assets/optim.tildacdn.com/tild3263-3961-4436-a631-393033346665/-/format/webp/photo_53980772950812.jpg.webp	124419	site_content
assets/optim.tildacdn.com/tild3263-6232-4166-a166-346337306562/-/format/webp/IMG_4097.png.webp	32988	site_content
assets/optim.tildacdn.com/tild3263-6436-4134-a466-383565363962/-/cover/385x386/center/center/-/format/webp/_-2.png.webp	6482	site_content
assets/optim.tildacdn.com/tild3263-6436-4134-a466-383565363962/-/format/webp/_-2.png.webp	6482	site_content
assets/optim.tildacdn.com/tild3263-6538-4537-b934-343064323136/-/resize/118x/-/format/webp/gift--v1.png.webp	1620	site_content
assets/optim.tildacdn.com/tild3263-6634-4134-a536-616334323639/-/format/webp/photo_54360476578361.jpg.webp	171898	site_content
assets/optim.tildacdn.com/tild3263-6637-4530-a436-373065646637/-/resize/464x/-/format/webp/IMG_20230619_232452.jpg.webp	24162	site_content
assets/optim.tildacdn.com/tild3263-6639-4732-b039-303735623963/-/format/webp/photo_53980772950812.jpg.webp	138974	site_content
assets/optim.tildacdn.com/tild3264-3538-4530-b761-666561356535/-/resize/508x/-/format/webp/photo_2024-10-30_14-.jpg.webp	118838	site_content
assets/optim.tildacdn.com/tild3264-6331-4531-a661-356161626438/-/format/webp/IMG_1033-2.jpg.webp	177078	site_content
assets/optim.tildacdn.com/tild3265-3038-4238-b365-643839373336/-/format/webp/LAT_1323.jpg.webp	216826	site_content
assets/optim.tildacdn.com/tild3265-3038-4238-b365-643839373336/-/resize/400x600/-/format/webp/LAT_1323.jpg.webp	216826	site_content
assets/optim.tildacdn.com/tild3265-3038-4238-b365-643839373336/-/resize/413x/-/format/webp/LAT_1323.jpg.webp	216826	site_content
assets/optim.tildacdn.com/tild3265-3530-4264-a166-666632666162/-/format/webp/photo_2024-09-29_19-.jpg.webp	113310	site_content
assets/optim.tildacdn.com/tild3265-3662-4234-a165-333231386363/-/format/webp/photo_54360476578361.jpg.webp	144789	site_content
assets/optim.tildacdn.com/tild3265-3832-4332-b966-666264643834/-/format/webp/photo_54360476578361.jpg.webp	197557	site_content
assets/optim.tildacdn.com/tild3265-6366-4766-b836-626631383035/-/format/webp/Frame_1328-2.png.webp	968	site_content
assets/optim.tildacdn.com/tild3266-3662-4161-b962-386137353831/-/format/webp/_.jpg.webp	44260	site_content
assets/optim.tildacdn.com/tild3266-3862-4736-a538-393232393631/-/cover/312x300/center/center/-/format/webp/photo.jpg.webp	24748	site_content
assets/optim.tildacdn.com/tild3266-3862-4736-a538-393232393631/-/format/webp/photo.jpg.webp	56976	site_content
assets/optim.tildacdn.com/tild3266-6337-4239-b435-326335323831/-/format/webp/IMG_7068-2.jpg.webp	93120	site_content
assets/optim.tildacdn.com/tild3266-6464-4234-b632-363433633132/-/format/webp/photo_53980772950812.jpg.webp	127115	site_content
assets/optim.tildacdn.com/tild3266-6530-4961-b639-656630353465/-/format/webp/noroot.png.webp	13440	site_content
assets/optim.tildacdn.com/tild3330-3232-4134-b163-383764643764/-/format/webp/photo_53572970444584.jpg.webp	47687	site_content
assets/optim.tildacdn.com/tild3330-6134-4531-a661-303463373338/-/format/webp/IMG_8080.jpeg.webp	63848	site_content
assets/optim.tildacdn.com/tild3330-6162-4634-b438-326430353462/-/format/webp/photo_54360476578361.jpg.webp	197557	site_content
assets/optim.tildacdn.com/tild3330-6531-4137-a536-363161383330/-/format/webp/photo_53980772950812.jpg.webp	138974	site_content
assets/optim.tildacdn.com/tild3331-3336-4630-a235-306563346364/-/format/webp/IMG_3785-2.jpg.webp	122628	site_content
assets/optim.tildacdn.com/tild3331-3631-4465-b366-346562643965/-/format/webp/photo_53980772950812.jpg.webp	148749	site_content
assets/optim.tildacdn.com/tild3331-3730-4336-a539-636562313931/-/format/webp/image_2025-03-20_20-.jpg.webp	66754	site_content
assets/optim.tildacdn.com/tild3331-3733-4434-b033-653035316437/-/format/webp/photo_53980772950812.jpg.webp	188951	site_content
assets/optim.tildacdn.com/tild3331-3761-4964-b965-353634653033/-/format/webp/-6_1_1.png.webp	4064	site_content
assets/optim.tildacdn.com/tild3331-6231-4664-b832-356461313162/-/format/webp/Frame_9-3-2.jpg.webp	100414	site_content
assets/optim.tildacdn.com/tild3331-6262-4230-b339-303765306337/-/cover/385x386/center/center/-/format/webp/_-2.png.webp	8828	site_content
assets/optim.tildacdn.com/tild3331-6262-4230-b339-303765306337/-/format/webp/_-2.png.webp	7704	site_content
assets/optim.tildacdn.com/tild3332-3038-4537-b337-633361343030/-/format/webp/IMG_8171-2.jpg.webp	158039	site_content
assets/optim.tildacdn.com/tild3332-3061-4661-b738-346636633462/-/format/webp/tempImage4rhrwp_1-3-.jpg.webp	112318	site_content
assets/optim.tildacdn.com/tild3332-3062-4631-a564-336364316163/-/format/webp/_mini.jpg.webp	61026	site_content
assets/optim.tildacdn.com/tild3332-3631-4139-b461-356434323833/-/format/webp/photo_53980772950812.jpg.webp	125554	site_content
assets/optim.tildacdn.com/tild3332-3938-4331-a335-616663393862/-/resize/432x/-/format/webp/_____.jpg.webp	18766	site_content
assets/optim.tildacdn.com/tild3332-6264-4336-b838-653837663738/-/format/webp/photo_53980772950812.jpg.webp	138974	site_content
assets/optim.tildacdn.com/tild3332-6366-4664-a439-383565303333/-/format/webp/photo_53980772950812.jpg.webp	165692	site_content
assets/optim.tildacdn.com/tild3332-6536-4637-b834-313664333835/-/format/webp/photo_54360476578361.jpg.webp	197557	site_content
assets/optim.tildacdn.com/tild3334-3266-4730-b161-396130386635/-/format/webp/photo_54360476578361.jpg.webp	197557	site_content
assets/optim.tildacdn.com/tild3334-3861-4761-b062-316531666361/-/format/webp/photo_53980772950812.jpg.webp	117563	site_content
assets/optim.tildacdn.com/tild3334-3966-4964-b430-373265343261/-/format/webp/159d9f2ed569252f19c5.jpeg.webp	56702	site_content
assets/optim.tildacdn.com/tild3334-6265-4539-a161-376638336433/-/resize/288x/-/format/webp/6.png.webp	3614	site_content
assets/optim.tildacdn.com/tild3334-6536-4064-b536-333631396136/-/format/webp/photo_53980772950812.jpg.webp	127115	site_content
assets/optim.tildacdn.com/tild3335-3233-4432-b162-373762303263/-/format/webp/IMG_3904.png.webp	54320	site_content
assets/optim.tildacdn.com/tild3335-3234-4436-b234-323861623736/-/format/webp/photo_53980772950812.jpg.webp	125554	site_content
assets/optim.tildacdn.com/tild3335-3365-4131-b130-663135343131/-/cover/385x386/center/center/-/format/webp/__.png.webp	7651	site_content
assets/optim.tildacdn.com/tild3335-3365-4131-b130-663135343131/-/format/webp/__.png.webp	7651	site_content
assets/optim.tildacdn.com/tild3335-6132-4762-a137-383439616162/-/format/webp/_DSC7951_1.jpg.webp	143937	site_content
assets/optim.tildacdn.com/tild3335-6262-4835-a133-666639343438/-/format/webp/photo_53980772950812.jpg.webp	127115	site_content
assets/optim.tildacdn.com/tild3336-3434-4738-a362-643937653036/-/format/webp/photo_52899088100156.jpg.webp	121494	site_content
assets/optim.tildacdn.com/tild3336-3831-4462-a235-356130663131/-/format/webp/_01-2.jpg.webp	44738	site_content
assets/optim.tildacdn.com/tild3336-3930-4237-b936-373031366464/-/resize/464x/-/format/webp/IMG_20230619_225859.jpg.webp	22948	site_content
assets/optim.tildacdn.com/tild3336-3936-4038-a130-386465316361/-/format/webp/photo_53980772950812.jpg.webp	127115	site_content
assets/optim.tildacdn.com/tild3336-3962-4636-b635-353661393635/-/format/webp/photo_53980772950812.jpg.webp	117563	site_content
assets/optim.tildacdn.com/tild3337-3334-4564-b733-663864376532/-/cover/432x432/center/center/-/format/webp/noroot.png.webp	23698	site_content
assets/optim.tildacdn.com/tild3337-3334-4564-b733-663864376532/-/format/webp/noroot.png.webp	27970	site_content
assets/optim.tildacdn.com/tild3337-3465-4164-b862-663864643264/-/cover/385x386/center/center/-/format/webp/Party_games_ik-2.png.webp	6462	site_content
assets/optim.tildacdn.com/tild3337-3465-4164-b862-663864643264/-/format/webp/Party_games_ik-2.png.webp	6462	site_content
assets/optim.tildacdn.com/tild3337-3664-4230-b831-396462356266/-/format/webp/photo_54360476578361.jpg.webp	197557	site_content
assets/optim.tildacdn.com/tild3337-3666-4237-b830-313666316639/-/format/webp/IMAGE_2021-11-24_140.jpg.webp	29624	site_content
assets/optim.tildacdn.com/tild3338-3530-4636-b430-646534396663/-/format/webp/image_4.jpg.webp	207825	site_content
assets/optim.tildacdn.com/tild3338-6164-4032-b863-663238343730/-/format/webp/sila_mysli_ogrableni.jpg.webp	162342	site_content
assets/optim.tildacdn.com/tild3338-6438-4235-a433-333733313761/-/format/webp/photo_54360476578361.jpg.webp	171898	site_content
assets/optim.tildacdn.com/tild3338-6439-4466-b038-303931333530/-/format/webp/9f14ec0d-9aa4-437f-9.png.webp	11524	site_content
assets/optim.tildacdn.com/tild3338-6663-4530-b239-303462383033/-/format/webp/photo_53980772950812.jpg.webp	124419	site_content
assets/optim.tildacdn.com/tild3339-3138-4634-b061-656462366138/-/format/webp/photo_53980772950812.jpg.webp	165692	site_content
assets/optim.tildacdn.com/tild3361-3138-4962-b233-633164663065/-/format/webp/LAT_3538.jpg.webp	250002	site_content
assets/optim.tildacdn.com/tild3361-3138-4962-b233-633164663065/-/resize/413x/-/format/webp/LAT_3538.jpg.webp	250002	site_content
assets/optim.tildacdn.com/tild3361-3138-4962-b233-633164663065/-/resize/900x600/-/format/webp/LAT_3538.jpg.webp	104998	site_content
assets/optim.tildacdn.com/tild3361-3363-4264-b635-393438343031/-/format/webp/photo_53980772950812.jpg.webp	135796	site_content
assets/optim.tildacdn.com/tild3361-3434-4239-b839-373566653432/-/format/webp/17653056227838269517.png.webp	17330	site_content
assets/optim.tildacdn.com/tild3361-3565-4131-b432-656133393663/-/format/webp/photo_54360476578361.jpg.webp	197557	site_content
assets/optim.tildacdn.com/tild3361-3633-4331-b836-623236333232/-/format/webp/image_2.jpg.webp	142270	site_content
assets/optim.tildacdn.com/tild3362-3035-4262-b831-663664356131/-/format/webp/photo_54360476578361.jpg.webp	171898	site_content
assets/optim.tildacdn.com/tild3362-3230-4738-b063-333765613863/-/format/webp/Rectangle_15-3.png.webp	15228	site_content
assets/optim.tildacdn.com/tild3362-3333-4035-b466-303137303731/-/resize/464x/-/format/webp/IMG_20230619_225835.jpg.webp	31138	site_content
assets/optim.tildacdn.com/tild3362-3466-4237-a634-303533353234/-/format/webp/konstantintaranov-68.jpg.webp	128717	site_content
assets/optim.tildacdn.com/tild3362-6333-4631-a435-656361646166/-/format/webp/_14.png.webp	88740	site_content
assets/optim.tildacdn.com/tild3362-6437-4534-a633-376164383763/-/format/webp/IMG_4091-2.JPG.webp	321346	site_content
assets/optim.tildacdn.com/tild3363-3166-4535-b262-346337323033/-/format/webp/konstantintaranov-15.jpg.webp	60298	site_content
assets/optim.tildacdn.com/tild3363-3462-4233-a662-326533643163/-/resize/464x/-/format/webp/IMG_20230620_072334.jpg.webp	60523	site_content
assets/optim.tildacdn.com/tild3363-3735-4236-a431-326334383233/-/cover/385x386/center/center/-/format/webp/_-2.png.webp	6406	site_content
assets/optim.tildacdn.com/tild3363-3735-4236-a431-326334383233/-/format/webp/_-2.png.webp	6406	site_content
assets/optim.tildacdn.com/tild3363-6232-4931-a638-333437306365/-/format/webp/_1___-2.png.webp	170596	site_content
assets/optim.tildacdn.com/tild3363-6532-4530-b365-313661643537/-/format/webp/IMG_4406_1.jpg.webp	35386	site_content
assets/optim.tildacdn.com/tild3364-3332-4138-a232-613136353466/-/cover/432x432/center/center/-/format/webp/8.png.webp	46656	site_content
assets/optim.tildacdn.com/tild3364-3332-4138-a232-613136353466/-/format/webp/8.png.webp	144688	site_content
assets/optim.tildacdn.com/tild3364-3332-4138-a232-613136353466/-/resize/360x480/-/format/webp/8.png.webp	68022	site_content
assets/optim.tildacdn.com/tild3364-3732-4438-b037-303831643365/-/format/webp/photo_53980772950812.jpg.webp	124419	site_content
assets/optim.tildacdn.com/tild3364-6436-4831-a437-363436366534/-/format/webp/ugon3jpg.jpg.webp	108119	site_content
assets/optim.tildacdn.com/tild3365-3336-4232-b966-663430316334/-/resize/96x/-/format/webp/Cartoon_Boy_Harry_Ho.png.webp	4070	site_content
assets/optim.tildacdn.com/tild3365-3635-4465-b335-343632663439/-/format/webp/photo_52899088100156.jpg.webp	108927	site_content
assets/optim.tildacdn.com/tild3365-6339-4435-a633-623833323735/-/format/webp/noroot.png.webp	694535	site_content
assets/optim.tildacdn.com/tild3366-3234-4162-a438-313830646264/-/format/webp/image_2025-03-20_20-.jpg.webp	119637	site_content
assets/optim.tildacdn.com/tild3366-3531-4662-a133-663031393735/-/format/webp/image_3.jpg.webp	167243	site_content
assets/optim.tildacdn.com/tild3366-3532-4235-a531-333765366464/-/format/webp/LAT_3415.jpg.webp	233038	site_content
assets/optim.tildacdn.com/tild3366-3663-4536-a538-373466313034/-/format/webp/-2.png.webp	83929	site_content
assets/optim.tildacdn.com/tild3366-3663-4536-a538-373466313034/-/resize/360x480/-/format/webp/-2.png.webp	28250	site_content
assets/optim.tildacdn.com/tild3366-6331-4039-a231-616434333137/-/format/webp/photo_53980772950812.jpg.webp	138974	site_content
assets/optim.tildacdn.com/tild3366-6365-4762-b665-633666363431/-/format/webp/_2.jpg.webp	102729	site_content
assets/optim.tildacdn.com/tild3366-6639-4233-a231-333165653232/-/format/webp/psiqui.jpg.webp	3568	site_content
assets/optim.tildacdn.com/tild3430-3333-4134-b838-386338626265/-/format/webp/photo_2023-12-15_21-.jpg.webp	137112	site_content
assets/optim.tildacdn.com/tild3430-3930-4437-b335-623937323737/-/format/webp/IMG_7151.jpg.webp	76164	site_content
assets/optim.tildacdn.com/tild3430-6638-4439-a131-656338356632/-/format/webp/generated-image_2-2.png.webp	162518	site_content
assets/optim.tildacdn.com/tild3431-3038-4362-b232-386265383466/-/resize/312x/-/format/webp/8.png.webp	3384	site_content
assets/optim.tildacdn.com/tild3431-3131-4165-b431-303130383039/-/format/webp/photo_53980772950812.jpg.webp	139023	site_content
assets/optim.tildacdn.com/tild3431-3631-4338-a263-343265383664/-/format/webp/noroot.png.webp	275516	site_content
assets/optim.tildacdn.com/tild3431-6433-4432-b436-306234343764/-/format/webp/_DSC3628.jpg.webp	283078	site_content
assets/optim.tildacdn.com/tild3431-6537-4539-b938-346138366463/-/format/webp/____.png.webp	248566	site_content
assets/optim.tildacdn.com/tild3431-6537-4539-b938-346138366463/-/resize/360x480/-/format/webp/____.png.webp	26178	site_content
assets/optim.tildacdn.com/tild3432-6136-4333-b532-663661646264/-/format/webp/photo_2024-11-11_12-.jpg.webp	111899	site_content
assets/optim.tildacdn.com/tild3432-6533-4630-b836-303966313936/-/format/webp/photo_54360476578361.jpg.webp	197557	site_content
assets/optim.tildacdn.com/tild3433-3961-4432-b335-643539633837/-/format/webp/photo_53980772950812.jpg.webp	128360	site_content
assets/optim.tildacdn.com/tild3433-6130-4436-b261-646362633366/-/format/webp/image_2025-03-20_20-.jpg.webp	117774	site_content
assets/optim.tildacdn.com/tild3433-6262-4231-b832-646365383035/-/format/webp/image_2025-03-20_20-.jpg.webp	99623	site_content
assets/optim.tildacdn.com/tild3434-3033-4334-b365-613737306239/-/format/webp/IMG_3428.jpg.webp	102220	site_content
assets/optim.tildacdn.com/tild3434-3462-4665-b535-383435633563/-/format/webp/image-15-2.png.webp	26876	site_content
assets/optim.tildacdn.com/tild3434-3737-4263-a364-616564326139/-/resize/312x/-/format/webp/8.png.webp	3384	site_content
assets/optim.tildacdn.com/tild3434-6135-4537-b932-666563363536/-/resize/86x/-/format/webp/Colorful_BalloonsH03.png.webp	2724	site_content
assets/optim.tildacdn.com/tild3434-6236-4666-b730-653163336530/-/format/webp/_VR.jpg.webp	110776	site_content
assets/optim.tildacdn.com/tild3434-6238-4464-a161-353336666462/-/format/webp/-3-2.png.webp	6052	site_content
assets/optim.tildacdn.com/tild3434-6330-4661-b163-643832373066/-/format/webp/photo_53980772950812.jpg.webp	135796	site_content
assets/optim.tildacdn.com/tild3435-3438-4236-b135-386433353562/-/format/webp/3.jpg.webp	132298	site_content
assets/optim.tildacdn.com/tild3435-3464-4339-b730-363863653365/-/resize/312x/-/format/webp/8.png.webp	3384	site_content
assets/optim.tildacdn.com/tild3435-3562-4164-a165-336265323434/-/format/webp/photo_52245135305926.jpg.webp	104375	site_content
assets/optim.tildacdn.com/tild3435-3664-4963-b337-336266343361/-/format/webp/photo_2024-10-30_14-.jpg.webp	168580	site_content
assets/optim.tildacdn.com/tild3435-3665-4064-a336-653663386664/-/format/webp/konstantintaranov-24.jpg.webp	59303	site_content
assets/optim.tildacdn.com/tild3435-6363-4039-a638-313563306366/-/format/webp/IMG_1044-2.jpg.webp	194020	site_content
assets/optim.tildacdn.com/tild3435-6363-4039-a638-313563306366/-/resize/600x500/-/format/webp/IMG_1044-2.jpg.webp	51770	site_content
assets/optim.tildacdn.com/tild3436-3237-4962-b861-363137613336/-/format/webp/IMG_1044-2.jpg.webp	299539	site_content
assets/optim.tildacdn.com/tild3436-3664-4361-b363-363263316463/-/cover/432x432/center/center/-/format/webp/image-8-2.jpg.webp	38132	site_content
assets/optim.tildacdn.com/tild3436-3664-4361-b363-363263316463/-/cover/720x720/center/center/-/format/webp/image-8-2.jpg.webp	38132	site_content
assets/optim.tildacdn.com/tild3436-3664-4361-b363-363263316463/-/format/webp/image-8-2.jpg.webp	85487	site_content
assets/optim.tildacdn.com/tild3436-3932-4230-a333-306431393562/-/format/webp/photo_53980772950812.jpg.webp	104502	site_content
assets/optim.tildacdn.com/tild3436-3937-4739-a232-396434386430/-/format/webp/photo_53980772950812.jpg.webp	135796	site_content
assets/optim.tildacdn.com/tild3436-6163-4230-a436-396166336332/-/format/webp/konstantintaranov-24.jpg.webp	173828	site_content
assets/optim.tildacdn.com/tild3436-6338-4664-b166-313534303164/-/format/webp/photo_53980772950812.jpg.webp	125554	site_content
assets/optim.tildacdn.com/tild3436-6365-4665-a465-343439316163/-/cover/385x386/center/center/-/format/webp/_-2.png.webp	6460	site_content
assets/optim.tildacdn.com/tild3436-6365-4665-a465-343439316163/-/format/webp/_-2.png.webp	6460	site_content
assets/optim.tildacdn.com/tild3436-6536-4239-b265-303332356330/-/resize/432x/-/format/webp/image_4.png.webp	21826	site_content
assets/optim.tildacdn.com/tild3436-6537-4738-a333-343966386138/-/cover/432x432/center/center/-/format/webp/__1-2.jpg.webp	8950	site_content
assets/optim.tildacdn.com/tild3436-6537-4738-a333-343966386138/-/cover/720x720/center/center/-/format/webp/__1-2.jpg.webp	10582	site_content
assets/optim.tildacdn.com/tild3436-6537-4738-a333-343966386138/-/format/webp/__1-2.jpg.webp	10582	site_content
assets/optim.tildacdn.com/tild3437-3336-4535-a431-396335396138/-/format/webp/_DSC3759.jpg.webp	200792	site_content
assets/optim.tildacdn.com/tild3437-3364-4164-a336-626632303339/-/format/webp/Rectangle_13.png.webp	512	site_content
assets/optim.tildacdn.com/tild3437-3438-4735-a337-356561303564/-/format/webp/Rectangle_19_2_1.png.webp	10224	site_content
assets/optim.tildacdn.com/tild3437-6265-4936-b663-343363396631/-/format/webp/photo_53980772950812.jpg.webp	117563	site_content
assets/optim.tildacdn.com/tild3437-6335-4161-b461-356264313063/-/format/webp/photo_53572970444584.jpg.webp	104368	site_content
assets/optim.tildacdn.com/tild3438-3334-4261-b638-646138333864/-/format/webp/photo_53980772950812.jpg.webp	127115	site_content
assets/optim.tildacdn.com/tild3438-3366-4137-b166-303763313235/-/format/webp/_-2.jpg.webp	116996	site_content
assets/optim.tildacdn.com/tild3438-6635-4239-b832-316235643134/-/format/webp/pngwingcom_2.png.webp	51650	site_content
assets/optim.tildacdn.com/tild3439-3531-4535-b661-393264383037/-/format/webp/__.jpg.webp	40962	site_content
assets/optim.tildacdn.com/tild3439-3531-4535-b661-393264383037/-/resize/360x480/-/format/webp/__.jpg.webp	27592	site_content
assets/optim.tildacdn.com/tild3439-6362-4561-a465-303634663163/-/resize/145x/-/format/webp/birthday-cake.png.webp	3258	site_content
assets/optim.tildacdn.com/tild3439-6639-4161-a465-633437616538/-/format/webp/photo_53980772950812.jpg.webp	148749	site_content
assets/optim.tildacdn.com/tild3461-3431-4563-b862-636431393338/-/format/webp/photo_53980772950812.jpg.webp	139023	site_content
assets/optim.tildacdn.com/tild3461-3638-4839-b762-326438376439/-/resize/432x/-/format/webp/photo.png.webp	15114	site_content
assets/optim.tildacdn.com/tild3461-6136-4333-a537-373638646330/-/format/webp/photo_5_2026-03-31_1.jpg.webp	115412	site_content
assets/optim.tildacdn.com/tild3462-3063-4037-b630-326564326130/-/format/webp/IMG_7291_1.jpg.webp	252690	site_content
assets/optim.tildacdn.com/tild3462-3335-4439-a234-316530653936/-/resize/432x/-/format/webp/photo.png.webp	15956	site_content
assets/optim.tildacdn.com/tild3462-3338-4131-b463-323965323630/-/format/webp/photo_53980772950812.jpg.webp	127115	site_content
assets/optim.tildacdn.com/tild3462-6263-4762-b631-306534323266/-/format/webp/image_2025-03-20_20-.jpg.webp	70440	site_content
assets/optim.tildacdn.com/tild3462-6361-4331-a530-613138666131/-/format/webp/_st_block.png.webp	18704	site_content
assets/optim.tildacdn.com/tild3462-6466-4866-a638-643237646232/-/format/webp/2.jpg.webp	258356	site_content
assets/optim.tildacdn.com/tild3462-6565-4131-b138-666134393862/-/resize/62x/-/format/webp/__2GIS.png.webp	2730	site_content
assets/optim.tildacdn.com/tild3463-3235-4764-a365-363934623766/-/format/webp/photo_53980772950812.jpg.webp	138974	site_content
assets/optim.tildacdn.com/tild3463-3463-4331-a230-663637383439/-/format/webp/IMG_7291_1-2.jpg.webp	252690	site_content
assets/optim.tildacdn.com/tild3463-3931-4833-b565-346437376365/-/format/webp/_GPT_light.png.webp	6758	site_content
assets/optim.tildacdn.com/tild3463-6436-4134-b337-313532393038/-/format/webp/photo_53980772950812.jpg.webp	128360	site_content
assets/optim.tildacdn.com/tild3463-6537-4334-b764-356130383639/-/format/webp/_.jpg.webp	667599	site_content
assets/optim.tildacdn.com/tild3464-3462-4065-b462-353931643230/-/format/webp/__.jpg.webp	23462	site_content
assets/optim.tildacdn.com/tild3464-3761-4133-b563-306136346438/-/resize/432x/-/format/webp/__copia2x.png.webp	23028	site_content
assets/optim.tildacdn.com/tild3464-6263-4732-b533-343632613635/-/format/webp/photo_53980772950812.jpg.webp	125554	site_content
assets/optim.tildacdn.com/tild3464-6465-4562-b034-303732373233/-/format/webp/photo_53572970444584.jpg.webp	110294	site_content
assets/optim.tildacdn.com/tild3464-6665-4961-b665-363365666438/-/format/webp/___st_block.png.webp	89409	site_content
assets/optim.tildacdn.com/tild3465-3166-4761-b836-663563373561/-/format/webp/LAT_6106-2.jpg.webp	222298	site_content
assets/optim.tildacdn.com/tild3465-6631-4734-a366-633732343135/-/format/webp/photo_53980772950812.jpg.webp	127115	site_content
assets/optim.tildacdn.com/tild3466-3134-4363-b064-613538316266/-/format/webp/6_baloon2.png.webp	5658	site_content
assets/optim.tildacdn.com/tild3466-3163-4433-b838-633538383363/-/format/webp/photo_53572970444584.jpg.webp	42523	site_content
assets/optim.tildacdn.com/tild3466-3961-4332-b732-643132326637/-/format/webp/-3-2.png.webp	6110	site_content
assets/optim.tildacdn.com/tild3466-3963-4064-b831-353563623839/-/format/webp/photo_2023-10-30_21-.jpg.webp	37459	site_content
assets/optim.tildacdn.com/tild3466-6130-4564-a365-643635333331/-/format/webp/__________01-2.jpg.webp	273287	site_content
assets/optim.tildacdn.com/tild3466-6166-4663-a234-666264393264/-/format/webp/Rectangle_21_1.png.webp	6132	site_content
assets/optim.tildacdn.com/tild3530-3135-4366-b466-643965336563/-/format/webp/bombaquest_hostel_ph.jpg.webp	32486	site_content
assets/optim.tildacdn.com/tild3530-3537-4161-b065-343062393764/-/format/webp/IMG_4988.JPG.webp	77334	site_content
assets/optim.tildacdn.com/tild3530-3639-4334-b535-393261663462/-/format/webp/photo_53980772950812.jpg.webp	128360	site_content
assets/optim.tildacdn.com/tild3530-6437-4531-b939-363662633635/-/format/webp/DSC_04741500-2.jpg.webp	279850	site_content
assets/optim.tildacdn.com/tild3531-3133-4733-b165-373166376233/-/format/webp/photo_2024-09-28_14-.jpg.webp	162657	site_content
assets/optim.tildacdn.com/tild3531-3330-4161-b134-313666653439/-/cover/385x386/center/center/-/format/webp/__.png.webp	6051	site_content
assets/optim.tildacdn.com/tild3531-3330-4161-b134-313666653439/-/format/webp/__.png.webp	6051	site_content
assets/optim.tildacdn.com/tild3531-3365-4539-a439-636435326565/-/format/webp/photo_2024-10-30_14-.jpg.webp	111770	site_content
assets/optim.tildacdn.com/tild3531-3431-4138-a463-636636326662/-/format/webp/photo_53616418204901.jpg.webp	32454	site_content
assets/optim.tildacdn.com/tild3531-3431-4138-a463-636636326662/-/resize/700x500/-/format/webp/photo_53616418204901.jpg.webp	25812	site_content
assets/optim.tildacdn.com/tild3531-6466-4433-b361-333161316364/-/format/webp/ugon4jpg.jpg.webp	112651	site_content
assets/optim.tildacdn.com/tild3532-3133-4462-b232-626435626664/-/cover/432x432/center/center/-/format/webp/image-7.jpg.webp	18750	site_content
assets/optim.tildacdn.com/tild3532-3133-4462-b232-626435626664/-/cover/720x720/center/center/-/format/webp/image-7.jpg.webp	22916	site_content
assets/optim.tildacdn.com/tild3532-3133-4462-b232-626435626664/-/format/webp/image-7.jpg.webp	47752	site_content
assets/optim.tildacdn.com/tild3532-3434-4664-a464-366335343238/-/format/webp/-.jpg.webp	52170	site_content
assets/optim.tildacdn.com/tild3533-3162-4566-a339-353761623963/-/format/webp/IMG_7369-min_.jpg.webp	309816	site_content
assets/optim.tildacdn.com/tild3533-3732-4261-b638-653664626333/-/format/webp/photo_54360476578361.jpg.webp	144789	site_content
assets/optim.tildacdn.com/tild3533-6262-4464-a465-383865646636/-/format/webp/_1___-2.png.webp	136692	site_content
assets/optim.tildacdn.com/tild3534-3065-4366-b032-643862373131/-/format/webp/photo_53980772950812.jpg.webp	135796	site_content
assets/optim.tildacdn.com/tild3534-3237-4062-b433-336239353838/-/format/webp/image_2025-03-20_20-.jpg.webp	141438	site_content
assets/optim.tildacdn.com/tild3534-6330-4462-a634-663966653565/-/format/webp/photo_53980772950812.jpg.webp	128360	site_content
assets/optim.tildacdn.com/tild3535-3437-4837-b939-646237636439/-/format/webp/photo.jpg.webp	74554	site_content
assets/optim.tildacdn.com/tild3535-3764-4434-a365-643361393266/-/format/webp/Zs7eA0Sjryk-2.jpg.webp	201572	site_content
assets/optim.tildacdn.com/tild3535-6233-4538-a466-616232376431/-/format/webp/photo_53980772950812.jpg.webp	188951	site_content
assets/optim.tildacdn.com/tild3535-6637-4238-b435-386537363864/-/cover/385x386/center/center/-/format/webp/_-2.png.webp	6427	site_content
assets/optim.tildacdn.com/tild3535-6637-4238-b435-386537363864/-/format/webp/_-2.png.webp	6427	site_content
assets/optim.tildacdn.com/tild3535-6639-4365-a165-343265326163/-/resize/122x/-/format/webp/party-baloons.png.webp	3064	site_content
assets/optim.tildacdn.com/tild3535-6662-4837-a163-653431623335/-/format/webp/_.jpg.webp	221893	site_content
assets/optim.tildacdn.com/tild3536-3238-4562-b034-363735306338/-/format/webp/photo_53980772950812.jpg.webp	127115	site_content
assets/optim.tildacdn.com/tild3536-3538-4666-a132-313662373136/-/format/webp/photo_51931340829162.jpg.webp	50141	site_content
assets/optim.tildacdn.com/tild3536-6331-4565-b461-316465303434/-/resize/432x/-/format/webp/2.png.webp	24796	site_content
assets/optim.tildacdn.com/tild3537-3136-4665-b339-363339353138/-/format/webp/IMG_7336.JPG.webp	71201	site_content
assets/optim.tildacdn.com/tild3537-3165-4761-b034-376439383831/-/format/webp/photo_53980772950812.jpg.webp	148749	site_content
assets/optim.tildacdn.com/tild3537-3832-4066-b739-316135663030/-/format/webp/photo_53572970444584.jpg.webp	60434	site_content
assets/optim.tildacdn.com/tild3537-3932-4835-a238-393030646235/-/resize/432x/-/format/webp/3.png.webp	39416	site_content
assets/optim.tildacdn.com/tild3537-6261-4833-a161-303633303830/-/format/webp/_.png.webp	36258	site_content
assets/optim.tildacdn.com/tild3538-3034-4562-b134-363432653434/-/format/webp/photo_2_2026-03-31_1.jpg.webp	174305	site_content
assets/optim.tildacdn.com/tild3538-3263-4132-b165-343561663431/-/format/webp/_1_1.png.webp	9838	site_content
assets/optim.tildacdn.com/tild3538-6264-4565-b034-313961353532/-/format/webp/celebrate_bg2x.png.webp	3601	site_content
assets/optim.tildacdn.com/tild3538-6338-4039-b662-323163633930/-/format/webp/image-5-2.png.webp	18906	site_content
assets/optim.tildacdn.com/tild3539-3134-4464-b135-623733336463/-/format/webp/photo_54360476578361.jpg.webp	171898	site_content
assets/optim.tildacdn.com/tild3539-3436-4132-a533-303639653139/-/format/webp/__.png.webp	59444	site_content
assets/optim.tildacdn.com/tild3539-6136-4636-b164-653365373039/-/format/webp/IMG_5252.JPG.webp	140292	site_content
assets/optim.tildacdn.com/tild3539-6139-4038-b330-633032643165/-/format/webp/photo_53980772950812.jpg.webp	147432	site_content
assets/optim.tildacdn.com/tild3561-3036-4763-a633-393338336536/-/format/webp/_DSC3787.jpg.webp	269422	site_content
assets/optim.tildacdn.com/tild3561-3066-4630-a432-646466366434/-/format/webp/A1-sr82sdjk_1.jpg.webp	82040	site_content
assets/optim.tildacdn.com/tild3561-3066-4630-a432-646466366434/-/resize/700x500/-/format/webp/A1-sr82sdjk_1.jpg.webp	82040	site_content
assets/optim.tildacdn.com/tild3561-3265-4439-a235-336566643861/-/format/webp/photo_53980772950812.jpg.webp	148749	site_content
assets/optim.tildacdn.com/tild3561-3266-4635-b264-643032336637/-/format/webp/IMG_7151.jpg.webp	34834	site_content
assets/optim.tildacdn.com/tild3561-3538-4131-b830-633538336332/-/format/webp/photo_53980772950812.jpg.webp	188951	site_content
assets/optim.tildacdn.com/tild3561-6434-4235-b832-663937623132/-/format/webp/photo_53980772950812.jpg.webp	139023	site_content
assets/optim.tildacdn.com/tild3562-6531-4230-b139-626431326534/-/format/webp/photo_54360476578361.jpg.webp	171898	site_content
assets/optim.tildacdn.com/tild3563-3231-4235-a638-323266316466/-/resize/432x/-/format/webp/photo.png.webp	11480	site_content
assets/optim.tildacdn.com/tild3563-3866-4465-b733-396634386336/-/format/webp/photo_53980772950812.jpg.webp	117563	site_content
assets/optim.tildacdn.com/tild3563-6236-4435-b539-336539323632/-/format/webp/_st_block.png.webp	57233	site_content
assets/optim.tildacdn.com/tild3564-3134-4832-b935-343137363033/-/format/webp/IMG_5253.JPG.webp	85316	site_content
assets/optim.tildacdn.com/tild3564-3163-4131-b439-336266663830/-/format/webp/IMG_1044-2.jpg.webp	299539	site_content
assets/optim.tildacdn.com/tild3564-3234-4635-b733-396466643433/-/cover/432x432/center/center/-/format/webp/image-4-2.jpg.webp	18428	site_content
assets/optim.tildacdn.com/tild3564-3234-4635-b733-396466643433/-/cover/720x720/center/center/-/format/webp/image-4-2.jpg.webp	22452	site_content
assets/optim.tildacdn.com/tild3564-3234-4635-b733-396466643433/-/format/webp/image-4-2.jpg.webp	22452	site_content
assets/optim.tildacdn.com/tild3564-3266-4737-b762-336361313533/-/format/webp/upload_4b5390b409699.jpg.webp	140365	site_content
assets/optim.tildacdn.com/tild3564-3634-4833-a136-306662366536/-/format/webp/photo_53980772950812.jpg.webp	128360	site_content
assets/optim.tildacdn.com/tild3564-6265-4539-a135-306162373764/-/format/webp/photo_53980772950812.jpg.webp	128360	site_content
assets/optim.tildacdn.com/tild3564-6538-4438-b563-356663383339/-/format/webp/_big.png.webp	48746	site_content
assets/optim.tildacdn.com/tild3565-3134-4038-b361-303965633364/-/cover/385x386/center/center/-/format/webp/Portal_kids_ik-2.png.webp	6475	site_content
assets/optim.tildacdn.com/tild3565-3134-4038-b361-303965633364/-/format/webp/Portal_kids_ik-2.png.webp	6475	site_content
assets/optim.tildacdn.com/tild3565-3664-4137-b335-613338366333/-/format/webp/Frame_10-2.png.webp	119108	site_content
assets/optim.tildacdn.com/tild3565-3665-4264-a438-616436393633/-/format/webp/IMG_7370-min_.jpg.webp	273881	site_content
assets/optim.tildacdn.com/tild3565-6334-4163-b966-373864306535/-/format/webp/photo_51931340829162.jpg.webp	68328	site_content
assets/optim.tildacdn.com/tild3565-6635-4734-a638-333266646665/-/format/webp/IMG_1036-2.jpg.webp	176822	site_content
assets/optim.tildacdn.com/tild3566-3064-4133-b831-356261366238/-/cover/385x386/center/center/-/format/webp/_-2.png.webp	6439	site_content
assets/optim.tildacdn.com/tild3566-3064-4133-b831-356261366238/-/format/webp/_-2.png.webp	6439	site_content
assets/optim.tildacdn.com/tild3566-3334-4266-b763-316464653961/-/format/webp/__04.jpg.webp	234906	site_content
assets/optim.tildacdn.com/tild3566-3334-4966-b035-636432313661/-/format/webp/LAT_5835.jpg.webp	132790	site_content
assets/optim.tildacdn.com/tild3566-6532-4739-b064-616439373539/-/format/webp/_02.jpg.webp	257010	site_content
assets/optim.tildacdn.com/tild3630-3738-4462-b561-326632646165/-/resize/464x/-/format/webp/_611.jpg.webp	25954	site_content
assets/optim.tildacdn.com/tild3630-3936-4736-b639-666332353035/-/format/webp/photo_51931340829162.jpg.webp	96823	site_content
assets/optim.tildacdn.com/tild3630-6161-4661-a438-353830323130/-/format/webp/V401L1aEwOw.jpg.webp	102936	site_content
assets/optim.tildacdn.com/tild3631-3238-4461-b861-373661653063/-/format/webp/photo_54360476578361.jpg.webp	144789	site_content
assets/optim.tildacdn.com/tild3631-3532-4362-b837-383436653862/-/format/webp/5.jpg.webp	95270	site_content
assets/optim.tildacdn.com/tild3631-3836-4531-b039-303431663735/-/resize/312x/-/format/webp/8.png.webp	3384	site_content
assets/optim.tildacdn.com/tild3631-3837-4233-b766-626566656633/-/resize/432x/-/format/webp/_.jpg.webp	11320	site_content
assets/optim.tildacdn.com/tild3631-3966-4631-b364-386531666161/-/format/webp/photo_53980772950812.jpg.webp	188951	site_content
assets/optim.tildacdn.com/tild3631-6235-4938-a232-613361373432/-/format/webp/-4_1_1.png.webp	3508	site_content
assets/optim.tildacdn.com/tild3631-6561-4163-a562-373162363738/-/format/webp/photo_53980772950812.jpg.webp	148749	site_content
assets/optim.tildacdn.com/tild3632-6536-4331-a666-316464363066/-/format/webp/IMG_8085.jpeg.webp	51932	site_content
assets/optim.tildacdn.com/tild3633-3864-4139-a536-353762633861/-/format/webp/photo_53980772950812.jpg.webp	128360	site_content
assets/optim.tildacdn.com/tild3633-3964-4262-b731-333734383564/-/resize/360x480/-/format/webp/IMG_8011jpg-2-2.webp	34806	site_content
assets/optim.tildacdn.com/tild3633-6661-4062-a230-666666333164/-/format/webp/photo_53980772950812.jpg.webp	104502	site_content
assets/optim.tildacdn.com/tild3634-3037-4639-b762-303561396361/-/cover/432x432/center/center/-/format/webp/_.jpg.webp	21548	site_content
assets/optim.tildacdn.com/tild3634-3037-4639-b762-303561396361/-/cover/720x720/center/center/-/format/webp/_.jpg.webp	21548	site_content
assets/optim.tildacdn.com/tild3634-3037-4639-b762-303561396361/-/format/webp/_.jpg.webp	167355	site_content
assets/optim.tildacdn.com/tild3634-3830-4237-a465-383064306538/-/format/webp/IMG_1036-2.jpg.webp	286587	site_content
assets/optim.tildacdn.com/tild3634-6533-4130-b366-363162356230/-/format/webp/photo_53572970444584.jpg.webp	128222	site_content
assets/optim.tildacdn.com/tild3635-3630-4064-a633-353864623630/-/format/webp/photo_53980772950812.jpg.webp	139023	site_content
assets/optim.tildacdn.com/tild3635-3962-4134-b738-353735346234/-/resize/268x/-/format/webp/noroot.png.webp	12580	site_content
assets/optim.tildacdn.com/tild3635-3963-4039-b139-663737666633/-/format/webp/-_.jpg.webp	19508	site_content
assets/optim.tildacdn.com/tild3635-6339-4061-b636-663137336132/-/format/webp/photo_54360476578361.jpg.webp	197557	site_content
assets/optim.tildacdn.com/tild3636-3065-4131-b932-363537666234/-/format/webp/_01-2.jpg.webp	54221	site_content
assets/optim.tildacdn.com/tild3636-3362-4766-a430-363931386332/-/format/webp/_02.jpg.webp	205543	site_content
assets/optim.tildacdn.com/tild3636-3835-4665-b338-666330336136/-/format/webp/_.jpg.webp	31012	site_content
assets/optim.tildacdn.com/tild3636-6463-4332-a131-313030313561/-/resize/464x/-/format/webp/_1861.jpg.webp	26985	site_content
assets/optim.tildacdn.com/tild3637-3061-4731-a133-386233363737/-/format/webp/Rectangle_13.png.webp	512	site_content
assets/optim.tildacdn.com/tild3637-6236-4832-b162-363931626431/-/resize/464x/-/format/webp/IMG_20230620_072429.jpg.webp	26858	site_content
assets/optim.tildacdn.com/tild3637-6531-4837-a666-353738376338/-/format/webp/photo_2024-12-09_16-.jpg.webp	82664	site_content
assets/optim.tildacdn.com/tild3638-3337-4261-b839-663838356334/-/format/webp/_DSC7951_1.jpg.webp	82598	site_content
assets/optim.tildacdn.com/tild3638-3766-4361-a663-623630343166/-/format/webp/_01_1_1.png.webp	6750	site_content
assets/optim.tildacdn.com/tild3638-3830-4435-b338-613130383133/-/format/webp/photo_53980772950812.jpg.webp	104502	site_content
assets/optim.tildacdn.com/tild3638-3933-4365-b238-646136326562/-/format/webp/photo_2024-10-30_14-.jpg.webp	140921	site_content
assets/optim.tildacdn.com/tild3638-6264-4237-b062-646161343632/-/resize/312x/-/format/webp/8.png.webp	3384	site_content
assets/optim.tildacdn.com/tild3638-6430-4263-a639-616163316136/-/format/webp/noroot.png.webp	35042	site_content
assets/optim.tildacdn.com/tild3638-6666-4562-b830-626435653662/-/format/webp/bombaquest_hostel_po.png.webp	6430	site_content
assets/optim.tildacdn.com/tild3639-3032-4062-b030-346363616339/-/format/webp/IMG_1037-2.jpg.webp	301923	site_content
assets/optim.tildacdn.com/tild3639-3136-4430-b835-343236396231/-/format/webp/apple-phone.png.webp	1330	site_content
assets/optim.tildacdn.com/tild3639-3736-4464-b865-313663313264/-/format/webp/kgb3jpg-2.jpg.webp	61789	site_content
assets/optim.tildacdn.com/tild3661-3134-4161-a335-303036323164/-/format/webp/photo_53980772950812.jpg.webp	138974	site_content
assets/optim.tildacdn.com/tild3661-3139-4836-a462-623334613064/-/format/webp/photo_53980772950812.jpg.webp	139023	site_content
assets/optim.tildacdn.com/tild3661-6333-4335-b964-653234633737/-/format/webp/IMG_8198-2.jpg.webp	161351	site_content
assets/optim.tildacdn.com/tild3662-6466-4436-a636-376234363361/-/format/webp/photo_2024-06-18_21-.jpg.webp	106554	site_content
assets/optim.tildacdn.com/tild3662-6664-4032-b135-663138643665/-/format/webp/photo_2024-06-08_14-.jpg.webp	103210	site_content
assets/optim.tildacdn.com/tild3662-6664-4263-b233-303834376233/-/format/webp/photo_53980772950812.jpg.webp	117563	site_content
assets/optim.tildacdn.com/tild3663-3261-4938-b137-663238346265/-/format/webp/1.jpg.webp	345618	site_content
assets/optim.tildacdn.com/tild3663-3263-4136-b831-333631343265/-/format/webp/IMG_7151.jpg.webp	156908	site_content
assets/optim.tildacdn.com/tild3663-3435-4437-b134-323835643532/-/format/webp/tempImageRF9AD7_1-2.png.webp	166098	site_content
assets/optim.tildacdn.com/tild3663-3664-4330-a539-633964316138/-/format/webp/photo_53980772950812.jpg.webp	128360	site_content
assets/optim.tildacdn.com/tild3663-6130-4235-a337-613939363766/-/format/webp/noroot.png.webp	59334	site_content
assets/optim.tildacdn.com/tild3664-3031-4764-a336-356365656532/-/format/webp/IMG_3437.jpg.webp	150492	site_content
assets/optim.tildacdn.com/tild3664-3038-4131-b635-643935393636/-/format/webp/_02-2.jpg.webp	153610	site_content
assets/optim.tildacdn.com/tild3664-3132-4533-b166-343833663462/-/format/webp/photo_53980772950812.jpg.webp	124419	site_content
assets/optim.tildacdn.com/tild3664-3863-4964-a135-323536623164/-/format/webp/Fondo.png.webp	203120	site_content
assets/optim.tildacdn.com/tild3664-6534-4130-a135-343364363036/-/format/webp/photo_53980772950812.jpg.webp	125554	site_content
assets/optim.tildacdn.com/tild3664-6666-4330-b165-666161616538/-/format/webp/photo_53980772950812.jpg.webp	147432	site_content
assets/optim.tildacdn.com/tild3665-3238-4465-a464-613766613634/-/resize/73x/-/format/webp/__.png.webp	3006	site_content
assets/optim.tildacdn.com/tild3665-6366-4531-a235-666333626462/-/format/webp/IMG_7452_1.jpg.webp	199692	site_content
assets/optim.tildacdn.com/tild3665-6436-4665-b563-356139333732/-/format/webp/_.jpg.webp	161076	site_content
assets/optim.tildacdn.com/tild3665-6436-4665-b563-356139333732/-/resize/422x/-/format/webp/_.jpg.webp	161076	site_content
assets/optim.tildacdn.com/tild3665-6436-4665-b563-356139333732/-/resize/900x600/-/format/webp/_.jpg.webp	161076	site_content
assets/optim.tildacdn.com/tild3666-3063-4234-b666-333334363733/-/format/webp/Dw9p2Cs30WY-2_1-2-2.png.webp	22572	site_content
assets/optim.tildacdn.com/tild3666-3161-4534-a230-353131636338/-/format/webp/zakrytaya_zona_ne_po.jpg.webp	20166	site_content
assets/optim.tildacdn.com/tild3666-3161-4534-a230-353131636338/-/resize/360x480/-/format/webp/zakrytaya_zona_ne_po.jpg.webp	20166	site_content
assets/optim.tildacdn.com/tild3666-3363-4430-b737-616439363137/-/cover/312x300/center/center/-/format/webp/-_.jpg.webp	20692	site_content
assets/optim.tildacdn.com/tild3666-3363-4430-b737-616439363137/-/format/webp/-_.jpg.webp	45694	site_content
assets/optim.tildacdn.com/tild3666-3839-4231-b764-666564343739/-/format/webp/__2_1_1.png.webp	7972	site_content
assets/optim.tildacdn.com/tild3666-6138-4338-a530-316361626164/-/format/webp/4.png.webp	253172	site_content
assets/optim.tildacdn.com/tild3666-6239-4730-b039-633034313630/-/format/webp/IMG_4405_1.jpg.webp	50954	site_content
assets/optim.tildacdn.com/tild3730-3134-4232-a663-646465323631/-/format/webp/702b5a78-c903-4fbe-a.jpg.webp	97788	site_content
assets/optim.tildacdn.com/tild3730-3631-4664-a639-323638656165/-/format/webp/3__.png.webp	19284	site_content
assets/optim.tildacdn.com/tild3730-6165-4931-a165-613739666661/-/format/webp/40-__04.jpg.webp	189027	site_content
assets/optim.tildacdn.com/tild3730-6234-4861-b766-303230653932/-/format/webp/IMG_1033-2.jpg.webp	177078	site_content
assets/optim.tildacdn.com/tild3730-6236-4162-b032-663630336533/-/cover/385x386/center/center/-/format/webp/___-2.png.webp	6471	site_content
assets/optim.tildacdn.com/tild3730-6236-4162-b032-663630336533/-/format/webp/___-2.png.webp	6471	site_content
assets/optim.tildacdn.com/tild3730-6433-4639-b934-633037323135/-/format/webp/photo.jpg.webp	42914	site_content
assets/optim.tildacdn.com/tild3730-6634-4766-a632-656164343433/-/format/webp/_007__ROBLOX_.png.webp	52934	site_content
assets/optim.tildacdn.com/tild3731-3232-4436-b333-323936633465/-/format/webp/IMG_7412_1.jpg.webp	177294	site_content
assets/optim.tildacdn.com/tild3731-3637-4335-b032-373935646366/-/format/webp/IMG_4030.png.webp	483515	site_content
assets/optim.tildacdn.com/tild3731-3738-4332-b939-393364666163/-/format/webp/photo_53980772950812.jpg.webp	139023	site_content
assets/optim.tildacdn.com/tild3731-6330-4232-a339-393461633861/-/format/webp/photo_53980772950812.jpg.webp	104502	site_content
assets/optim.tildacdn.com/tild3732-3063-4964-a530-356663333365/-/format/webp/Rectangle_15-3.png.webp	15228	site_content
assets/optim.tildacdn.com/tild3732-3261-4132-b237-623736373435/-/format/webp/photo_52379156410360.jpg.webp	103552	site_content
assets/optim.tildacdn.com/tild3732-6337-4561-a263-363062343735/-/resize/464x/-/format/webp/_1031.jpg.webp	71571	site_content
assets/optim.tildacdn.com/tild3733-3134-4666-a534-353134336435/-/format/webp/photo_53980772950812.jpg.webp	138974	site_content
assets/optim.tildacdn.com/tild3733-3232-4239-a336-353934333862/-/format/webp/_-2.png.webp	6013	site_content
assets/optim.tildacdn.com/tild3733-3266-4434-b933-636336313937/-/format/webp/photo_20325-05-13_11.png.webp	115702	site_content
assets/optim.tildacdn.com/tild3733-3361-4461-b737-366638383531/-/resize/39x/-/format/webp/fire.png.webp	1034	site_content
assets/optim.tildacdn.com/tild3733-3361-4461-b737-366638383531/-/resize/43x/-/format/webp/fire.png.webp	1096	site_content
assets/optim.tildacdn.com/tild3733-3361-4461-b737-366638383531/-/resize/48x/-/format/webp/fire.png.webp	1192	site_content
assets/optim.tildacdn.com/tild3733-6162-4939-a131-326461653038/-/cover/385x386/center/center/-/format/webp/_-2.png.webp	6279	site_content
assets/optim.tildacdn.com/tild3733-6162-4939-a131-326461653038/-/format/webp/_-2.png.webp	6279	site_content
assets/optim.tildacdn.com/tild3733-6262-4038-b535-356466353961/-/format/webp/photo_52379156410360.jpg.webp	102548	site_content
assets/optim.tildacdn.com/tild3734-3063-4631-a131-653635366164/-/cover/432x432/center/center/-/format/webp/2____.jpg.webp	40108	site_content
assets/optim.tildacdn.com/tild3734-3063-4631-a131-653635366164/-/format/webp/2____.jpg.webp	62362	site_content
assets/optim.tildacdn.com/tild3734-3131-4163-b964-303038613966/-/format/webp/6.jpg.webp	287654	site_content
assets/optim.tildacdn.com/tild3734-3361-4337-b335-356330383539/-/format/webp/image-18-04-25-06-09.jpg.webp	513284	site_content
assets/optim.tildacdn.com/tild3734-3631-4438-a539-303930323932/-/format/webp/-5.png.webp	79081	site_content
assets/optim.tildacdn.com/tild3734-6332-4632-b631-323466393135/-/resize/464x/-/format/webp/IMG_20230619_232314.jpg.webp	9222	site_content
assets/optim.tildacdn.com/tild3734-6436-4435-a365-623034666262/-/format/webp/IMG_8250-2.jpg.webp	277496	site_content
assets/optim.tildacdn.com/tild3734-6466-4635-a231-613734666632/-/format/webp/photo_53980772950812.jpg.webp	147432	site_content
assets/optim.tildacdn.com/tild3734-6661-4134-a233-313131643536/-/format/webp/image_2025-03-20_20-.jpg.webp	66754	site_content
assets/optim.tildacdn.com/tild3735-3264-4562-b662-623630666434/-/format/webp/photo_53980772950812.jpg.webp	127115	site_content
assets/optim.tildacdn.com/tild3735-3539-4438-b366-623066333434/-/format/webp/__08.jpg.webp	151716	site_content
assets/optim.tildacdn.com/tild3735-3830-4030-a365-653138353865/-/format/webp/5.jpg.webp	410746	site_content
assets/optim.tildacdn.com/tild3736-3437-4861-a361-656332336234/-/format/webp/photo_53980772950812.jpg.webp	104502	site_content
assets/optim.tildacdn.com/tild3736-3734-4235-b061-363564636134/-/format/webp/IMG_1049-2.jpg.webp	552535	site_content
assets/optim.tildacdn.com/tild3736-3836-4132-b430-653734356133/-/resize/432x/-/format/webp/image_7.png.webp	15874	site_content
assets/optim.tildacdn.com/tild3736-3939-4566-b135-396565346237/-/format/webp/photo_53980772950812.jpg.webp	138974	site_content
assets/optim.tildacdn.com/tild3736-6130-4661-a561-366163396461/-/format/webp/LAT_3451.jpg.webp	223994	site_content
assets/optim.tildacdn.com/tild3736-6130-4661-a561-366163396461/-/resize/413x/-/format/webp/LAT_3451.jpg.webp	223994	site_content
assets/optim.tildacdn.com/tild3736-6130-4661-a561-366163396461/-/resize/900x600/-/format/webp/LAT_3451.jpg.webp	223994	site_content
assets/optim.tildacdn.com/tild3736-6165-4564-b366-353337653061/-/format/webp/IMG_1036-2.jpg.webp	286587	site_content
assets/optim.tildacdn.com/tild3736-6532-4434-a639-383362356332/-/format/webp/photo_53572970444584.jpg.webp	72566	site_content
assets/optim.tildacdn.com/tild3736-6566-4130-b964-323431313835/-/format/webp/photo_53572970444584.jpg.webp	57558	site_content
assets/optim.tildacdn.com/tild3737-3234-4264-b831-313335323964/-/format/webp/123.jpg.webp	109311	site_content
assets/optim.tildacdn.com/tild3737-3239-4961-b162-666333333563/-/format/webp/2.jpg.webp	404106	site_content
assets/optim.tildacdn.com/tild3737-3733-4164-a234-343462326538/-/format/webp/IMG_8245-2.jpg.webp	259257	site_content
assets/optim.tildacdn.com/tild3737-6133-4062-a432-356661643237/-/format/webp/kids-min.png.webp	155344	site_content
assets/optim.tildacdn.com/tild3737-6464-4266-b265-393030366439/-/format/webp/4__.png.webp	4904	site_content
assets/optim.tildacdn.com/tild3738-3139-4135-a466-653532396362/-/cover/432x432/center/center/-/format/webp/image-13-2.jpg.webp	48434	site_content
assets/optim.tildacdn.com/tild3738-3139-4135-a466-653532396362/-/cover/720x720/center/center/-/format/webp/image-13-2.jpg.webp	57290	site_content
assets/optim.tildacdn.com/tild3738-3139-4135-a466-653532396362/-/format/webp/image-13-2.jpg.webp	116677	site_content
assets/optim.tildacdn.com/tild3738-3838-4165-b936-326132386131/-/format/webp/-4.png.webp	22718	site_content
assets/optim.tildacdn.com/tild3738-3861-4636-b531-376631326334/-/cover/312x300/center/center/-/format/webp/_.jpg.webp	32428	site_content
assets/optim.tildacdn.com/tild3738-3861-4636-b531-376631326334/-/format/webp/_.jpg.webp	76066	site_content
assets/optim.tildacdn.com/tild3738-6137-4533-a233-633534373733/-/format/webp/photo_52379156410360.jpg.webp	103552	site_content
assets/optim.tildacdn.com/tild3738-6661-4964-b966-396133323335/-/format/webp/Max_logo_2025.png.webp	79232	site_content
assets/optim.tildacdn.com/tild3739-3838-4330-b533-626330363832/-/cover/432x432/center/center/-/format/webp/image-9-2.jpg.webp	16996	site_content
assets/optim.tildacdn.com/tild3739-3838-4330-b533-626330363832/-/cover/720x720/center/center/-/format/webp/image-9-2.jpg.webp	16996	site_content
assets/optim.tildacdn.com/tild3739-3838-4330-b533-626330363832/-/format/webp/image-9-2.jpg.webp	50915	site_content
assets/optim.tildacdn.com/tild3739-3861-4237-b434-333732383561/-/resize/432x/-/format/webp/photo.png.webp	12574	site_content
assets/optim.tildacdn.com/tild3739-6633-4330-a365-353238616666/-/format/webp/noroot.png.webp	428	site_content
assets/optim.tildacdn.com/tild3761-3366-4363-a536-323665366534/-/format/webp/13683010_opposites11.jpg.webp	57158	site_content
assets/optim.tildacdn.com/tild3761-3735-4430-b832-373637653537/-/format/webp/__.jpg.webp	48645	site_content
assets/optim.tildacdn.com/tild3762-3563-4638-b163-303165633763/-/format/webp/_02-2.jpg.webp	153610	site_content
assets/optim.tildacdn.com/tild3762-3731-4234-a334-633439373735/-/cover/385x386/center/center/-/format/webp/_.png.webp	7679	site_content
assets/optim.tildacdn.com/tild3762-3731-4234-a334-633439373735/-/format/webp/_.png.webp	7679	site_content
assets/optim.tildacdn.com/tild3762-6435-4935-a634-343963633530/-/format/webp/photo_53980772950812.jpg.webp	138974	site_content
assets/optim.tildacdn.com/tild3762-6663-4535-b838-393363623333/-/format/webp/-4-2.png.webp	5996	site_content
assets/optim.tildacdn.com/tild3763-3032-4430-a234-333137626437/-/format/webp/photo_52899088100156.jpg.webp	93379	site_content
assets/optim.tildacdn.com/tild3763-3539-4565-b833-383165303864/-/format/webp/IMG_1033-2.jpg.webp	286467	site_content
assets/optim.tildacdn.com/tild3763-3637-4030-b861-323935633863/-/format/webp/OBJECTS_3.png.webp	5616	site_content
assets/optim.tildacdn.com/tild3763-3839-4662-a161-633239313535/-/format/webp/_.jpg.webp	76066	site_content
assets/optim.tildacdn.com/tild3763-3937-4432-b231-306330656631/-/format/webp/_1_1.png.webp	4044	site_content
assets/optim.tildacdn.com/tild3763-6131-4030-b665-386366376235/-/format/webp/IMG_4403_1.jpg.webp	137098	site_content
assets/optim.tildacdn.com/tild3764-3134-4165-b539-326138323366/-/format/webp/__mini.png.webp	31272	site_content
assets/optim.tildacdn.com/tild3764-6439-4433-a266-633336383865/-/cover/312x300/center/center/-/format/webp/-_.jpg.webp	18840	site_content
assets/optim.tildacdn.com/tild3764-6439-4433-a266-633336383865/-/format/webp/-_.jpg.webp	79330	site_content
assets/optim.tildacdn.com/tild3765-3063-4639-a136-663761623435/-/format/webp/Rectangle_13.png.webp	512	site_content
assets/optim.tildacdn.com/tild3765-6338-4238-b235-393130373731/-/format/webp/photo_53980772950812.jpg.webp	124419	site_content
assets/optim.tildacdn.com/tild3766-3134-4132-b636-393838303863/-/format/webp/-1.png.webp	91302	site_content
assets/optim.tildacdn.com/tild3766-3336-4566-a561-343366316235/-/format/webp/___3__-2.jpg.webp	195510	site_content
assets/optim.tildacdn.com/tild3766-6665-4764-b733-633830653331/-/format/webp/photo_54268975907855.jpg.webp	120499	site_content
assets/optim.tildacdn.com/tild3830-3130-4662-b562-386630333361/-/resize/268x/-/format/webp/noroot.png.webp	8556	site_content
assets/optim.tildacdn.com/tild3830-3366-4161-b636-373562633061/-/format/webp/photo_2023-11-20_22-.jpg.webp	22602	site_content
assets/optim.tildacdn.com/tild3830-3466-4131-a135-643631313539/-/format/webp/photo_53980772950812.jpg.webp	128360	site_content
assets/optim.tildacdn.com/tild3831-3937-4538-a538-333332363835/-/format/webp/photo_53980772950812.jpg.webp	147432	site_content
assets/optim.tildacdn.com/tild3831-6430-4734-b638-653936396464/-/format/webp/IMG_3972-round-corne.png.webp	103230	site_content
assets/optim.tildacdn.com/tild3831-6439-4633-a237-656166646538/-/format/webp/image_25-2.png.webp	117101	site_content
assets/optim.tildacdn.com/tild3832-3235-4561-a434-343734663562/-/format/webp/photo_1_2026-03-31_1.jpg.webp	227592	site_content
assets/optim.tildacdn.com/tild3832-3762-4130-b366-666366373136/-/format/webp/IMG_8136-2.jpg.webp	252417	site_content
assets/optim.tildacdn.com/tild3832-6137-4765-b131-376533323262/-/cover/432x432/center/center/-/format/webp/image-6-2.jpg.webp	13802	site_content
assets/optim.tildacdn.com/tild3832-6137-4765-b131-376533323262/-/cover/720x720/center/center/-/format/webp/image-6-2.jpg.webp	16804	site_content
assets/optim.tildacdn.com/tild3832-6137-4765-b131-376533323262/-/format/webp/image-6-2.jpg.webp	44772	site_content
assets/optim.tildacdn.com/tild3832-6333-4162-b062-636436653636/-/format/webp/photo_53980772950812.jpg.webp	188951	site_content
assets/optim.tildacdn.com/tild3832-6637-4762-a636-653361386261/-/format/webp/photo_54360476578361.jpg.webp	144789	site_content
assets/optim.tildacdn.com/tild3833-3035-4535-b066-656338353363/-/format/webp/photo_53980772950812.jpg.webp	125554	site_content
assets/optim.tildacdn.com/tild3833-3838-4464-a130-363435643466/-/format/webp/_DSC3751.jpg.webp	274310	site_content
assets/optim.tildacdn.com/tild3833-6162-4661-a631-346362346432/-/format/webp/_Portal_Strike.png.webp	63007	site_content
assets/optim.tildacdn.com/tild3833-6462-4661-b537-636630303762/-/format/webp/Max_logo_2025.png.webp	79232	site_content
assets/optim.tildacdn.com/tild3834-3038-4436-b963-396537376163/-/format/webp/photo_53980772950812.jpg.webp	138974	site_content
assets/optim.tildacdn.com/tild3834-3065-4234-b733-373432326139/-/format/webp/photo_53980772950812.jpg.webp	138974	site_content
assets/optim.tildacdn.com/tild3834-3730-4065-b561-363835313731/-/resize/268x/-/format/webp/noroot.png.webp	12320	site_content
assets/optim.tildacdn.com/tild3834-6264-4434-b061-333862343963/-/format/webp/noroot.png.webp	60154	site_content
assets/optim.tildacdn.com/tild3834-6661-4631-b465-663566313430/-/format/webp/photo_53980772950812.jpg.webp	188951	site_content
assets/optim.tildacdn.com/tild3835-3661-4232-b465-633561643637/-/format/webp/pngwingcom.png.webp	9700	site_content
assets/optim.tildacdn.com/tild3835-6133-4162-b037-613637386564/-/format/webp/Rectangle_15-2.png.webp	35974	site_content
assets/optim.tildacdn.com/tild3835-6531-4363-b763-363131396664/-/format/webp/photo_53980772950812.jpg.webp	139023	site_content
assets/optim.tildacdn.com/tild3835-6661-4365-b566-323263333537/-/format/webp/photo_53572970444584.jpg.webp	54110	site_content
assets/optim.tildacdn.com/tild3836-3363-4263-b364-663639633436/-/resize/312x/-/format/webp/8.png.webp	3384	site_content
assets/optim.tildacdn.com/tild3836-3863-4036-a134-323666323861/-/format/webp/photo_54360476578361.jpg.webp	197557	site_content
assets/optim.tildacdn.com/tild3836-6134-4037-a337-623736643465/-/resize/268x/-/format/webp/_.jpg.webp	31578	site_content
assets/optim.tildacdn.com/tild3836-6166-4131-a132-613330363133/-/format/webp/photo_53980772950812.jpg.webp	104502	site_content
assets/optim.tildacdn.com/tild3836-6664-4033-b861-313465643263/-/format/webp/3.jpg.webp	247792	site_content
assets/optim.tildacdn.com/tild3837-3064-4236-b233-326263633762/-/format/webp/photo_53572970444584.jpg.webp	63286	site_content
assets/optim.tildacdn.com/tild3837-3861-4633-a635-656137656437/-/format/webp/freepik__expand__303.jpeg.webp	18842	site_content
assets/optim.tildacdn.com/tild3837-6433-4363-b733-353863623438/-/format/webp/photo_53980772950812.jpg.webp	117563	site_content
assets/optim.tildacdn.com/tild3837-6438-4534-a139-623363356466/-/format/webp/photo_2023-12-15_16-.jpg.webp	149998	site_content
assets/optim.tildacdn.com/tild3837-6532-4039-b661-396235373135/-/format/webp/photo_53616418204901.jpg.webp	135752	site_content
assets/optim.tildacdn.com/tild3837-6538-4232-a237-386166376139/-/resize/312x/-/format/webp/8.png.webp	3384	site_content
assets/optim.tildacdn.com/tild3838-3633-4239-a539-643839373763/-/format/webp/IMG_1037-2.jpg.webp	301923	site_content
assets/optim.tildacdn.com/tild3838-3734-4030-b332-323136613165/-/format/webp/photo_54360476578361.jpg.webp	144789	site_content
assets/optim.tildacdn.com/tild3839-3433-4737-a130-393863316630/-/format/webp/photo_53980772950812.jpg.webp	125554	site_content
assets/optim.tildacdn.com/tild3839-3438-4135-a335-666434316132/-/format/webp/photo_2024-10-30_14-.jpg.webp	88214	site_content
assets/optim.tildacdn.com/tild3839-3531-4139-a534-353731353734/-/format/webp/photo_52920954208157.jpg.webp	194484	site_content
assets/optim.tildacdn.com/tild3839-6436-4735-a434-636630643635/-/format/webp/_3___-2.png.webp	122864	site_content
assets/optim.tildacdn.com/tild3861-3135-4930-b932-383731343136/-/resize/288x/-/format/webp/5.png.webp	3332	site_content
assets/optim.tildacdn.com/tild3861-6264-4665-b434-383666356563/-/format/webp/photo_2024-06-18_21-.jpg.webp	99573	site_content
assets/optim.tildacdn.com/tild3861-6631-4164-b161-643466643963/-/format/webp/photo_2024-10-30_14-.jpg.webp	140921	site_content
assets/optim.tildacdn.com/tild3862-3565-4339-b165-333431336461/-/format/webp/photo_53980772950812.jpg.webp	138974	site_content
assets/optim.tildacdn.com/tild3862-3664-4861-b539-326363333135/-/format/webp/DSC_04871500-2.jpg.webp	310316	site_content
assets/optim.tildacdn.com/tild3862-6331-4064-a366-313166363933/-/format/webp/-3_1_1.png.webp	2632	site_content
assets/optim.tildacdn.com/tild3862-6331-4263-b264-343334343765/-/format/webp/_.jpg.webp	46726	site_content
assets/optim.tildacdn.com/tild3863-3062-4336-b566-333335396135/-/resize/432x/-/format/webp/Desktop_-_11.png.webp	8014	site_content
assets/optim.tildacdn.com/tild3863-3430-4430-b763-323731343539/-/resize/464x/-/format/webp/IMG_20230620_071548.jpg.webp	16610	site_content
assets/optim.tildacdn.com/tild3863-6338-4439-b138-613661346564/-/format/webp/photo_54360476578361.jpg.webp	197557	site_content
assets/optim.tildacdn.com/tild3863-6562-4235-a565-366264346365/-/format/webp/photo_54360476578361.jpg.webp	197557	site_content
assets/optim.tildacdn.com/tild3864-3137-4236-a365-373065343230/-/format/webp/tempImage4rhrwp_1-4.jpg.webp	84195	site_content
assets/optim.tildacdn.com/tild3864-3733-4464-b066-343036663835/-/format/webp/photo_53980772950812.jpg.webp	127115	site_content
assets/optim.tildacdn.com/tild3865-3132-4864-a630-326531636333/-/cover/432x432/center/center/-/format/webp/eee8132230613e0ca1d5.jpg.webp	23202	site_content
assets/optim.tildacdn.com/tild3865-3132-4864-a630-326531636333/-/format/webp/eee8132230613e0ca1d5.jpg.webp	70242	site_content
assets/optim.tildacdn.com/tild3865-3132-4864-a630-326531636333/-/resize/360x480/-/format/webp/eee8132230613e0ca1d5.jpg.webp	21216	site_content
assets/optim.tildacdn.com/tild3865-3663-4265-a638-323935656638/-/format/webp/photo_53980772950812.jpg.webp	148749	site_content
assets/optim.tildacdn.com/tild3865-6232-4365-a335-666132343633/-/resize/464x/-/format/webp/_186.jpg.webp	35212	site_content
assets/optim.tildacdn.com/tild3865-6363-4236-a439-383866376234/-/format/webp/__-2-2.png.webp	5885	site_content
assets/optim.tildacdn.com/tild3866-3030-4031-b233-363461663364/-/format/webp/-186-3_1200.jpg.webp	289987	site_content
assets/optim.tildacdn.com/tild3866-3131-4234-a532-303033376539/-/format/webp/_.jpg.webp	45594	site_content
assets/optim.tildacdn.com/tild3866-3430-4761-b030-316163643965/-/format/webp/photo_53980772950812.jpg.webp	128360	site_content
assets/optim.tildacdn.com/tild3866-3434-4132-b131-343366316237/-/format/webp/photo_2024-11-02_03-.jpg.webp	133707	site_content
assets/optim.tildacdn.com/tild3866-3533-4664-b565-323764393061/-/format/webp/4.jpg.webp	339530	site_content
assets/optim.tildacdn.com/tild3866-3636-4465-a139-353231356137/-/format/webp/konstantintaranov-82.jpg.webp	39304	site_content
assets/optim.tildacdn.com/tild3866-3937-4662-a239-373636363938/-/format/webp/photo_53980772950812.jpg.webp	104502	site_content
assets/optim.tildacdn.com/tild3930-3135-4631-a234-346566633465/-/format/webp/Vmake-17076859581.jpg.webp	118590	site_content
assets/optim.tildacdn.com/tild3930-3466-4538-b432-393266336632/-/format/webp/photo_52899088100156.jpg.webp	123090	site_content
assets/optim.tildacdn.com/tild3930-3635-4538-b266-373631363239/-/format/webp/IMG_8258-2.jpg.webp	194162	site_content
assets/optim.tildacdn.com/tild3930-3639-4761-b334-356165633761/-/format/webp/photo_53980772950812.jpg.webp	147432	site_content
assets/optim.tildacdn.com/tild3930-3661-4939-a131-626663623631/-/format/webp/IMG_8094-2.jpg.webp	250835	site_content
assets/optim.tildacdn.com/tild3930-3837-4631-b939-373738376664/-/format/webp/photo_53980772950812.jpg.webp	188951	site_content
assets/optim.tildacdn.com/tild3930-6438-4463-b237-306432633962/-/format/webp/_Roblox.jpg.webp	85765	site_content
assets/optim.tildacdn.com/tild3931-3062-4939-a462-336362636535/-/format/webp/photo_53980772950812.jpg.webp	188951	site_content
assets/optim.tildacdn.com/tild3931-3963-4736-a263-653163353463/-/resize/268x/-/format/webp/_.jpg.webp	27878	site_content
assets/optim.tildacdn.com/tild3931-6261-4331-a661-366430393039/-/format/webp/photo_2024-06-18_21-.jpg.webp	99573	site_content
assets/optim.tildacdn.com/tild3932-3930-4965-b037-346137346631/-/format/webp/photo_53980772950812.jpg.webp	127115	site_content
assets/optim.tildacdn.com/tild3932-6462-4235-b765-613439633033/-/format/webp/photo_2023-12-15_21-.jpg.webp	134184	site_content
assets/optim.tildacdn.com/tild3933-3339-4530-b531-653164363762/-/format/webp/IMG_1049-2.jpg.webp	335316	site_content
assets/optim.tildacdn.com/tild3933-3630-4363-b365-643034363039/-/format/webp/konstantintaranov-11.jpg.webp	46312	site_content
assets/optim.tildacdn.com/tild3933-3866-4436-b233-626265633332/-/format/webp/DSC_4533_1.jpg.webp	112528	site_content
assets/optim.tildacdn.com/tild3934-3034-4630-a366-663230346237/-/format/webp/IMG_9395.jpg.webp	109006	site_content
assets/optim.tildacdn.com/tild3934-3734-4531-a263-366434623936/-/format/webp/_.jpg.webp	167355	site_content
assets/optim.tildacdn.com/tild3934-6164-4438-b236-303866333463/-/format/webp/photo_53572970444584.jpg.webp	92829	site_content
assets/optim.tildacdn.com/tild3934-6539-4333-a230-333536643337/-/format/webp/IMG_5257.JPG.webp	99434	site_content
assets/optim.tildacdn.com/tild3935-3238-4236-b538-313337383562/-/format/webp/photo_53572970444584.jpg.webp	76024	site_content
assets/optim.tildacdn.com/tild3935-3636-4335-a530-393030656534/-/format/webp/photo_53980772950812.jpg.webp	135796	site_content
assets/optim.tildacdn.com/tild3935-6531-4561-b534-313564333237/-/format/webp/photo.jpg.webp	96444	site_content
assets/optim.tildacdn.com/tild3935-6536-4930-b566-326339363830/-/format/webp/-_1_1.png.webp	10226	site_content
assets/optim.tildacdn.com/tild3935-6563-4533-a465-366234316133/-/format/webp/photo_53572970444584.jpg.webp	127132	site_content
assets/optim.tildacdn.com/tild3936-3338-4866-b639-363066663662/-/format/webp/IMG_8156-2.jpg.webp	268216	site_content
assets/optim.tildacdn.com/tild3936-3732-4435-a664-633066626337/-/format/webp/IMG_7068.jpg.webp	166499	site_content
assets/optim.tildacdn.com/tild3936-3835-4232-b561-623866623863/-/format/webp/noroot.png.webp	419670	site_content
assets/optim.tildacdn.com/tild3936-3839-4232-b334-356262643338/-/format/webp/photo_53980772950812.jpg.webp	135796	site_content
assets/optim.tildacdn.com/tild3936-3966-4764-a330-356562333766/-/format/webp/IMG_8088-2.jpg.webp	193096	site_content
assets/optim.tildacdn.com/tild3936-3966-4764-a330-356562333766/-/resize/700x500/-/format/webp/IMG_8088-2.jpg.webp	193096	site_content
assets/optim.tildacdn.com/tild3937-6139-4165-b563-393134313865/-/format/webp/Frame_9-2-2.jpg.webp	145739	site_content
assets/optim.tildacdn.com/tild3938-3132-4264-b439-643831653037/-/format/webp/IMG_5253.JPG.webp	85316	site_content
assets/optim.tildacdn.com/tild3938-3165-4030-a338-396663333963/-/format/webp/IMG_3786-2.jpg.webp	352246	site_content
assets/optim.tildacdn.com/tild3938-3165-4030-a338-396663333963/-/resize/700x500/-/format/webp/IMG_3786-2.jpg.webp	121018	site_content
assets/optim.tildacdn.com/tild3938-6339-4465-b631-356437313865/-/format/webp/photo_2024-09-28_14-.jpg.webp	181333	site_content
assets/optim.tildacdn.com/tild3938-6532-4162-a530-396538653433/-/format/webp/_DSC3701.jpg.webp	182468	site_content
assets/optim.tildacdn.com/tild3939-3032-4430-a531-363039626464/-/format/webp/IMG_4068.png.webp	909483	site_content
assets/optim.tildacdn.com/tild3939-3636-4437-a362-313730643038/-/resize/96x/-/format/webp/Low_Poly_Thought_Bub.png.webp	3004	site_content
assets/optim.tildacdn.com/tild3939-3765-4139-b036-343934613433/-/format/webp/photo_53980772950812.jpg.webp	117563	site_content
assets/optim.tildacdn.com/tild3939-3932-4463-a666-613932346232/-/format/webp/Frame_7-2.jpg.webp	44176	site_content
assets/optim.tildacdn.com/tild3939-6361-4832-a634-373430643761/-/format/webp/photo_53980772950812.jpg.webp	188951	site_content
assets/optim.tildacdn.com/tild3939-6533-4236-b561-353030356536/-/format/webp/photo_53980772950812.jpg.webp	188951	site_content
assets/optim.tildacdn.com/tild3961-3061-4231-a636-326561336230/-/cover/385x386/center/center/-/format/webp/___.png.webp	6029	site_content
assets/optim.tildacdn.com/tild3961-3061-4231-a636-326561336230/-/format/webp/___.png.webp	6029	site_content
assets/optim.tildacdn.com/tild3962-3037-4631-a463-663233666532/-/format/webp/photo_54360476578361.jpg.webp	144789	site_content
assets/optim.tildacdn.com/tild3962-3064-4039-a531-343538613834/-/format/webp/_photo_2024-04-26_13.jpg.webp	78944	site_content
assets/optim.tildacdn.com/tild3962-3634-4064-b833-363934383765/-/format/webp/_.jpg.webp	98970	site_content
assets/optim.tildacdn.com/tild3962-3635-4563-b464-373063613335/-/format/webp/40-__02.jpg.webp	160049	site_content
assets/optim.tildacdn.com/tild3962-3866-4962-a131-656166316462/-/format/webp/_03.jpg.webp	285287	site_content
assets/optim.tildacdn.com/tild3962-3961-4731-b134-316564313435/-/format/webp/photo_54360476578361.jpg.webp	144789	site_content
assets/optim.tildacdn.com/tild3962-6333-4563-b561-633735613664/-/format/webp/photo_53980772950812.jpg.webp	139023	site_content
assets/optim.tildacdn.com/tild3962-6435-4337-a333-393339336637/-/format/webp/_03-2.jpg.webp	143711	site_content
assets/optim.tildacdn.com/tild3963-3263-4839-a662-393736663663/-/format/webp/IMG_4406_1.jpg.webp	80123	site_content
assets/optim.tildacdn.com/tild3963-3266-4333-b862-323864643864/-/format/webp/photo.jpg.webp	96444	site_content
assets/optim.tildacdn.com/tild3963-3732-4166-a539-363730353534/-/format/webp/5r7rjcD-0ZE_1.jpg.webp	174936	site_content
assets/optim.tildacdn.com/tild3963-3738-4062-a565-356162353537/-/format/webp/photo_53980772950812.jpg.webp	148749	site_content
assets/optim.tildacdn.com/tild3963-3837-4330-b837-353436383036/-/format/webp/3.jpg.webp	291164	site_content
assets/optim.tildacdn.com/tild3963-6332-4536-b633-653134613836/-/format/webp/photo_53572970444584.jpg.webp	57592	site_content
assets/optim.tildacdn.com/tild3963-6431-4239-b766-393864323337/-/cover/385x386/center/center/-/format/webp/__-2.png.webp	6471	site_content
assets/optim.tildacdn.com/tild3963-6431-4239-b766-393864323337/-/format/webp/__-2.png.webp	6471	site_content
assets/optim.tildacdn.com/tild3964-3364-4939-a334-666535613961/-/format/webp/photo_2023-12-15_21-.jpg.webp	134624	site_content
assets/optim.tildacdn.com/tild3964-3366-4534-a663-613364666663/-/format/webp/photo_53980772950812.jpg.webp	138974	site_content
assets/optim.tildacdn.com/tild3965-6233-4463-a266-383431383331/-/format/webp/photo_2023-10-30_21-.jpg.webp	109223	site_content
assets/optim.tildacdn.com/tild3965-6263-4264-b863-613731663639/-/format/webp/photo_54360476578361.jpg.webp	171898	site_content
assets/optim.tildacdn.com/tild3965-6466-4663-a231-646638653030/-/format/webp/kgb2jpg-2.jpg.webp	103447	site_content
assets/optim.tildacdn.com/tild3965-6466-4663-a231-646638653030/-/resize/700x500/-/format/webp/kgb2jpg-2.jpg.webp	74920	site_content
assets/optim.tildacdn.com/tild3965-6532-4938-a432-356134643335/-/format/webp/IMG_8201-2.jpg.webp	254915	site_content
assets/optim.tildacdn.com/tild3965-6562-4635-b733-626538396365/-/format/webp/photo_53980772950812.jpg.webp	124419	site_content
assets/optim.tildacdn.com/tild3966-3038-4766-a134-326165663537/-/format/webp/DSC_0453900-2.jpg.webp	120166	site_content
assets/optim.tildacdn.com/tild3966-3038-4766-a134-326165663537/-/resize/700x500/-/format/webp/DSC_0453900-2.jpg.webp	120166	site_content
assets/optim.tildacdn.com/tild3966-3064-4530-a137-663031303262/-/format/webp/_-8.jpg.webp	139092	site_content
assets/optim.tildacdn.com/tild3966-3262-4436-b437-373136306335/-/format/webp/photo_53980772950812.jpg.webp	125554	site_content
assets/optim.tildacdn.com/tild3966-6335-4263-b336-613765626566/-/resize/432x/-/format/webp/noroot.jpg.webp	24890	site_content
assets/optim.tildacdn.com/tild6130-3038-4262-a664-386234373861/-/resize/464x/-/format/webp/IMG_20230619_232333.jpg.webp	33176	site_content
assets/optim.tildacdn.com/tild6130-3332-4533-b838-333431396631/-/format/webp/_.jpg.webp	57377	site_content
assets/optim.tildacdn.com/tild6130-3731-4335-a266-616362646364/-/format/webp/_01.jpg.webp	62843	site_content
assets/optim.tildacdn.com/tild6130-3765-4638-a331-663839636436/-/cover/432x432/center/center/-/format/webp/image-7-2.jpg.webp	34204	site_content
assets/optim.tildacdn.com/tild6130-3765-4638-a331-663839636436/-/cover/720x720/center/center/-/format/webp/image-7-2.jpg.webp	34204	site_content
assets/optim.tildacdn.com/tild6130-3765-4638-a331-663839636436/-/format/webp/image-7-2.jpg.webp	80093	site_content
assets/optim.tildacdn.com/tild6130-6239-4039-b661-363265613464/-/format/webp/photo_53980772950812.jpg.webp	124419	site_content
assets/optim.tildacdn.com/tild6130-6263-4634-b039-626235633438/-/format/webp/photo_53980772950812.jpg.webp	127115	site_content
assets/optim.tildacdn.com/tild6131-3339-4337-b032-326363643732/-/format/webp/__05.jpg.webp	251229	site_content
assets/optim.tildacdn.com/tild6131-3734-4635-a631-633366616365/-/format/webp/photo_53980772950812.jpg.webp	147432	site_content
assets/optim.tildacdn.com/tild6131-3865-4339-b236-626563623766/-/cover/385x386/center/center/-/format/webp/_-2.png.webp	6428	site_content
assets/optim.tildacdn.com/tild6131-3865-4339-b236-626563623766/-/format/webp/_-2.png.webp	6428	site_content
assets/optim.tildacdn.com/tild6131-6564-4735-b639-353532663239/-/format/webp/photo.jpg.webp	46946	site_content
assets/optim.tildacdn.com/tild6132-3333-4865-b266-623833393333/-/format/webp/IMG_7151.jpg.webp	76164	site_content
assets/optim.tildacdn.com/tild6132-6664-4664-b935-653932306337/-/format/webp/id_6386942333_0.jpg.webp	187839	site_content
assets/optim.tildacdn.com/tild6133-3263-4239-b231-376664316562/-/format/webp/DSC_05091500-2.jpg.webp	262446	site_content
assets/optim.tildacdn.com/tild6133-3836-4837-b138-343831356265/-/format/webp/photo_54360476578361.jpg.webp	171898	site_content
assets/optim.tildacdn.com/tild6133-6139-4231-b030-313162396637/-/format/webp/photo_53980772950812.jpg.webp	104502	site_content
assets/optim.tildacdn.com/tild6133-6333-4165-b739-643833363262/-/format/webp/_.jpg.webp	489605	site_content
assets/optim.tildacdn.com/tild6133-6535-4638-a662-636261656433/-/format/webp/-.jpg.webp	57984	site_content
assets/optim.tildacdn.com/tild6133-6565-4738-b762-343131343761/-/format/webp/DSC_04591500-2.jpg.webp	684686	site_content
assets/optim.tildacdn.com/tild6133-6633-4638-b037-366666623666/-/format/webp/photo_53980772950812.jpg.webp	138974	site_content
assets/optim.tildacdn.com/tild6134-3534-4432-b836-653761343632/-/format/webp/photo_53980772950812.jpg.webp	147432	site_content
assets/optim.tildacdn.com/tild6134-6165-4535-b833-656233303964/-/format/webp/DSC_0537-2.jpg.webp	197768	site_content
assets/optim.tildacdn.com/tild6134-6165-4535-b833-656233303964/-/resize/700x500/-/format/webp/DSC_0537-2.jpg.webp	197768	site_content
assets/optim.tildacdn.com/tild6135-3135-4030-b164-666231363162/-/format/webp/3.jpg.webp	332052	site_content
assets/optim.tildacdn.com/tild6135-3761-4165-a633-346161323239/-/format/webp/4.jpg.webp	1472397	site_content
assets/optim.tildacdn.com/tild6135-6139-4633-b932-643237376462/-/format/webp/_DSC3790.jpg.webp	92802	site_content
assets/optim.tildacdn.com/tild6135-6666-4833-a238-613334643035/-/format/webp/photo_53980772950812.jpg.webp	128360	site_content
assets/optim.tildacdn.com/tild6136-3565-4363-b866-316530326163/-/format/webp/image-10-2.png.webp	15120	site_content
assets/optim.tildacdn.com/tild6136-3633-4134-b134-643032326232/-/format/webp/photo_53980772950812.jpg.webp	165692	site_content
assets/optim.tildacdn.com/tild6136-3661-4237-b535-343133383165/-/format/webp/photo_53980772950812.jpg.webp	104502	site_content
assets/optim.tildacdn.com/tild6136-6432-4961-b035-306462643632/-/format/webp/photo_53980772950812.jpg.webp	147432	site_content
assets/optim.tildacdn.com/tild6136-6434-4234-b334-363630613064/-/format/webp/-2.png.webp	16090	site_content
assets/optim.tildacdn.com/tild6136-6561-4137-b237-346263343235/-/format/webp/photo_2025-03-14_01-.jpg.webp	75870	site_content
assets/optim.tildacdn.com/tild6137-3032-4663-b064-363264323039/-/format/webp/photo_53980772950812.jpg.webp	147432	site_content
assets/optim.tildacdn.com/tild6137-3332-4930-a263-383161343461/-/format/webp/tempImagef3O5t7_1.png.webp	14166	site_content
assets/optim.tildacdn.com/tild6137-3332-4930-a263-383161343461/-/resize/360x480/-/format/webp/tempImagef3O5t7_1.png.webp	14166	site_content
assets/optim.tildacdn.com/tild6137-3530-4739-b835-346636653436/-/format/webp/VR2.jpg.webp	54095	site_content
assets/optim.tildacdn.com/tild6137-3566-4436-b937-393639633464/-/format/webp/photo_60161969967691.jpg.webp	69813	site_content
assets/optim.tildacdn.com/tild6137-6337-4738-b637-323733666239/-/format/webp/image_5.jpg.webp	160635	site_content
assets/optim.tildacdn.com/tild6137-6435-4262-b135-353636633333/-/format/webp/noroot.png.webp	68482	site_content
assets/optim.tildacdn.com/tild6137-6463-4137-b634-633131623832/-/format/webp/833024e9-f82c-42e9-a.png.webp	19768	site_content
assets/optim.tildacdn.com/tild6138-3534-4363-b962-326130626631/-/format/webp/photo_53980772950812.jpg.webp	165692	site_content
assets/optim.tildacdn.com/tild6138-3661-4333-a238-383661323236/-/format/webp/id_6386942333_0.jpg.webp	137376	site_content
assets/optim.tildacdn.com/tild6138-3866-4462-b836-343862613164/-/format/webp/photo_2024-10-31_15-.jpg.webp	104375	site_content
assets/optim.tildacdn.com/tild6138-6638-4238-b531-643263333061/-/format/webp/photo_53980772950812.jpg.webp	148749	site_content
assets/optim.tildacdn.com/tild6139-3964-4565-a166-313736343839/-/format/webp/photo_53980772950812.jpg.webp	165692	site_content
assets/optim.tildacdn.com/tild6139-6233-4231-b466-653764333666/-/format/webp/IMG_3798-2.jpg.webp	294490	site_content
assets/optim.tildacdn.com/tild6139-6430-4836-a466-353533376332/-/format/webp/_2___-2.png.webp	165904	site_content
assets/optim.tildacdn.com/tild6139-6565-4631-a632-303736623065/-/format/webp/photo_53980772950812.jpg.webp	165692	site_content
assets/optim.tildacdn.com/tild6161-3134-4234-b432-363630303336/-/format/webp/photo_2023-12-15_21-.jpg.webp	134624	site_content
assets/optim.tildacdn.com/tild6161-3362-4833-b835-336431336233/-/format/webp/photo_53980772950812.jpg.webp	139023	site_content
assets/optim.tildacdn.com/tild6161-3432-4935-b531-653963333264/-/format/webp/_.jpg.webp	44418	site_content
assets/optim.tildacdn.com/tild6161-3533-4132-b736-633261383134/-/format/webp/photo_53980772950812.jpg.webp	165692	site_content
assets/optim.tildacdn.com/tild6161-3563-4534-b365-623335393766/-/format/webp/cLGCa-bmY9U.jpg.webp	57842	site_content
assets/optim.tildacdn.com/tild6161-3863-4164-a461-356465643637/-/format/webp/Rectangle_23_1.png.webp	13316	site_content
assets/optim.tildacdn.com/tild6161-3930-4262-a636-633062313436/-/format/webp/Free-Open-A4-Magazin.png.webp	63626	site_content
assets/optim.tildacdn.com/tild6161-6335-4433-b136-613837663966/-/format/webp/photo_54360476578361.jpg.webp	144789	site_content
assets/optim.tildacdn.com/tild6161-6433-4066-b064-383561336539/-/resize/464x/-/format/webp/_23.jpg.webp	31179	site_content
assets/optim.tildacdn.com/tild6162-3163-4464-b062-613637353633/-/format/webp/photo_2024-06-08_14-.jpg.webp	103257	site_content
assets/optim.tildacdn.com/tild6162-3531-4431-b564-633631373761/-/format/webp/photo_54360476578361.jpg.webp	144789	site_content
assets/optim.tildacdn.com/tild6162-3633-4565-b664-393366366236/-/format/webp/--_mini.png.webp	72912	site_content
assets/optim.tildacdn.com/tild6162-6238-4761-a535-346634646133/-/format/webp/2.jpg.webp	287764	site_content
assets/optim.tildacdn.com/tild6162-6264-4261-a235-663937353034/-/format/webp/image_26-2.png.webp	66354	site_content
assets/optim.tildacdn.com/tild6162-6266-4362-b434-373138393665/-/format/webp/Great_Hammer_29_1_1.png.webp	10514	site_content
assets/optim.tildacdn.com/tild6162-6630-4636-a134-663762303236/-/format/webp/___.jpg.webp	80102	site_content
assets/optim.tildacdn.com/tild6162-6662-4538-b532-333732333633/-/format/webp/photo_53980772950812.jpg.webp	165692	site_content
assets/optim.tildacdn.com/tild6163-3238-4665-a635-623638383638/-/format/webp/photo_53980772950812.jpg.webp	188951	site_content
assets/optim.tildacdn.com/tild6163-3334-4536-b837-373662333564/-/format/webp/photo_53980772950812.jpg.webp	104502	site_content
assets/optim.tildacdn.com/tild6163-3530-4132-b930-323438633866/-/format/webp/205467036_6306483_1.png.webp	5700	site_content
assets/optim.tildacdn.com/tild6163-3534-4263-a665-393734656662/-/format/webp/image-7-2.png.webp	54116	site_content
assets/optim.tildacdn.com/tild6163-3537-4432-b263-393837306432/-/format/webp/IMG_1038-2.jpg.webp	293076	site_content
assets/optim.tildacdn.com/tild6163-3636-4933-b831-326663323166/-/format/webp/konstantintaranov-11.jpg.webp	196573	site_content
assets/optim.tildacdn.com/tild6163-3763-4763-b938-346530636134/-/format/webp/IMG_7124_1.jpg.webp	121109	site_content
assets/optim.tildacdn.com/tild6163-6566-4535-b361-366334353033/-/format/webp/photo_4_2026-03-31_1.jpg.webp	120275	site_content
assets/optim.tildacdn.com/tild6163-6638-4461-a430-396635663665/-/format/webp/photo_52379156410360.jpg.webp	74478	site_content
assets/optim.tildacdn.com/tild6164-3035-4561-a534-383361633135/-/format/webp/konstantintaranov-16.jpg.webp	136174	site_content
assets/optim.tildacdn.com/tild6164-3532-4333-b038-303330326433/-/format/webp/IMG_7064.jpg.webp	142820	site_content
assets/optim.tildacdn.com/tild6164-3837-4564-a566-383865313465/-/format/webp/photo_54360476578361.jpg.webp	159538	site_content
assets/optim.tildacdn.com/tild6164-3933-4931-b132-383265623834/-/format/webp/_01.jpg.webp	227371	site_content
assets/optim.tildacdn.com/tild6164-6134-4136-b830-303264613964/-/format/webp/ICz5TeXO7CU.jpg.webp	112610	site_content
assets/optim.tildacdn.com/tild6164-6134-4136-b830-303264613964/-/resize/700x500/-/format/webp/ICz5TeXO7CU.jpg.webp	112610	site_content
assets/optim.tildacdn.com/tild6164-6166-4062-b338-353433363731/-/format/webp/Frame_9-2.jpg.webp	194084	site_content
assets/optim.tildacdn.com/tild6164-6438-4164-b066-303037393733/-/format/webp/5_fon.jpg.webp	16872	site_content
assets/optim.tildacdn.com/tild6164-6663-4435-a335-343033303364/-/format/webp/Rectangle_15-3.png.webp	15228	site_content
assets/optim.tildacdn.com/tild6165-3563-4637-a661-396264623634/-/format/webp/_-2.jpg.webp	116996	site_content
assets/optim.tildacdn.com/tild6165-3861-4639-a361-363334393362/-/format/webp/photo_54360476578361.jpg.webp	197557	site_content
assets/optim.tildacdn.com/tild6165-3863-4262-a337-346333663664/-/format/webp/_.jpg.webp	158366	site_content
assets/optim.tildacdn.com/tild6166-3734-4262-a639-616237656336/-/format/webp/_.jpg.webp	56448	site_content
assets/optim.tildacdn.com/tild6166-6132-4639-b634-663165326432/-/format/webp/LAT_6091-2.jpg.webp	73218	site_content
assets/optim.tildacdn.com/tild6166-6165-4038-a362-356364616261/-/format/webp/bombaquest_hostel_po.jpg.webp	17950	site_content
assets/optim.tildacdn.com/tild6166-6165-4038-a362-356364616261/-/resize/700x500/-/format/webp/bombaquest_hostel_po.jpg.webp	17950	site_content
assets/optim.tildacdn.com/tild6166-6230-4430-b262-323036316538/-/format/webp/_KIDS.jpg.webp	62560	site_content
assets/optim.tildacdn.com/tild6166-6632-4138-b463-333934373864/-/format/webp/image-8-2.jpg.webp	54156	site_content
assets/optim.tildacdn.com/tild6166-6632-4138-b463-333934373864/-/resize/360x480/-/format/webp/image-8-2.jpg.webp	50404	site_content
assets/optim.tildacdn.com/tild6230-6462-4033-a333-393638373930/-/format/webp/photo_54360476578361.jpg.webp	197557	site_content
assets/optim.tildacdn.com/tild6230-6463-4838-b865-386137323461/-/cover/312x300/center/center/-/format/webp/2_.jpg.webp	15542	site_content
assets/optim.tildacdn.com/tild6230-6463-4838-b865-386137323461/-/format/webp/2_.jpg.webp	64021	site_content
assets/optim.tildacdn.com/tild6231-3732-4435-b437-303934356436/-/format/webp/IMG_3527.jpeg.webp	74518	site_content
assets/optim.tildacdn.com/tild6231-3834-4838-b030-323634396565/-/format/webp/5.png.webp	489145	site_content
assets/optim.tildacdn.com/tild6231-6132-4361-a438-353734366664/-/format/webp/photo_54268975907855.jpg.webp	115102	site_content
assets/optim.tildacdn.com/tild6231-6133-4535-a566-363338653331/-/format/webp/photo_52899088100156.jpg.webp	107243	site_content
assets/optim.tildacdn.com/tild6231-6539-4835-b665-623464653238/-/format/webp/IMG_7064.jpg.webp	51814	site_content
assets/optim.tildacdn.com/tild6232-3739-4336-b561-363038306565/-/cover/385x386/center/center/-/format/webp/Group_96-2.png.webp	6402	site_content
assets/optim.tildacdn.com/tild6232-3739-4336-b561-363038306565/-/format/webp/Group_96-2.png.webp	6402	site_content
assets/optim.tildacdn.com/tild6232-6135-4636-a665-613063653162/-/cover/432x432/center/center/-/format/webp/_03.jpg.webp	28606	site_content
assets/optim.tildacdn.com/tild6232-6135-4636-a665-613063653162/-/format/webp/_03.jpg.webp	42084	site_content
assets/optim.tildacdn.com/tild6232-6135-4636-a665-613063653162/-/resize/360x480/-/format/webp/_03.jpg.webp	42084	site_content
assets/optim.tildacdn.com/tild6232-6337-4839-a161-663463393337/-/format/webp/IMG_1037-2.jpg.webp	301923	site_content
assets/optim.tildacdn.com/tild6233-3665-4664-b832-303965313239/-/format/webp/photo_53980772950812.jpg.webp	117563	site_content
assets/optim.tildacdn.com/tild6233-3739-4433-a234-663764333466/-/format/webp/_01-2.jpg.webp	54221	site_content
assets/optim.tildacdn.com/tild6233-3935-4664-a266-306466333135/-/resize/432x/-/format/webp/2.png.webp	20994	site_content
assets/optim.tildacdn.com/tild6233-6339-4166-a232-303034336163/-/format/webp/_DSC3701.jpg.webp	182468	site_content
assets/optim.tildacdn.com/tild6234-3565-4633-a239-333832653838/-/format/webp/photo_52899088100156.jpg.webp	103159	site_content
assets/optim.tildacdn.com/tild6234-3635-4234-b831-393337303536/-/format/webp/photo_53572970444584.jpg.webp	50160	site_content
assets/optim.tildacdn.com/tild6234-3638-4032-b939-336335633562/-/format/webp/photo_54360476578361.jpg.webp	197557	site_content
assets/optim.tildacdn.com/tild6234-3833-4032-b939-313666333364/-/format/webp/_17.png.webp	57118	site_content
assets/optim.tildacdn.com/tild6234-6231-4733-b966-346539663733/-/format/webp/-3-2.png.webp	6092	site_content
assets/optim.tildacdn.com/tild6235-3038-4537-b664-363437656233/-/format/webp/9.png.webp	88084	site_content
assets/optim.tildacdn.com/tild6235-3831-4161-b665-303263313561/-/format/webp/IMG_4076-2-2.JPG.webp	334254	site_content
assets/optim.tildacdn.com/tild6235-3831-4161-b665-303263313561/-/resize/700x500/-/format/webp/IMG_4076-2-2.JPG.webp	88252	site_content
assets/optim.tildacdn.com/tild6235-6335-4231-b636-623437316366/-/format/webp/photo_54360476578361.jpg.webp	171898	site_content
assets/optim.tildacdn.com/tild6235-6565-4530-b165-376662386538/-/format/webp/__.jpg.webp	52908	site_content
assets/optim.tildacdn.com/tild6236-3035-4736-b237-646162626431/-/format/webp/2.png.webp	80750	site_content
assets/optim.tildacdn.com/tild6236-3065-4339-a437-613732383332/-/format/webp/noroot.png.webp	352294	site_content
assets/optim.tildacdn.com/tild6236-3332-4162-a362-303065386565/-/cover/385x386/center/center/-/format/webp/_.png.webp	9082	site_content
assets/optim.tildacdn.com/tild6236-3332-4162-a362-303065386565/-/format/webp/_.png.webp	7674	site_content
assets/optim.tildacdn.com/tild6236-3538-4231-b738-306461646461/-/format/webp/IMG_8226-2.jpg.webp	267016	site_content
assets/optim.tildacdn.com/tild6236-3630-4562-b032-633166326635/-/format/webp/konstantintaranov-20.jpg.webp	125251	site_content
assets/optim.tildacdn.com/tild6237-3264-4533-a237-663164613334/-/format/webp/photo_53980772950812.jpg.webp	128360	site_content
assets/optim.tildacdn.com/tild6237-3433-4333-a534-626639306131/-/format/webp/photo_53980772950812.jpg.webp	188951	site_content
assets/optim.tildacdn.com/tild6237-3638-4663-b863-383434646564/-/format/webp/Rectangle_15-2.png.webp	35974	site_content
assets/optim.tildacdn.com/tild6237-3663-4736-a539-303864326337/-/format/webp/cyioZpD7D0Ijpg-2.jpg.webp	68128	site_content
assets/optim.tildacdn.com/tild6237-3663-4736-a539-303864326337/-/resize/700x500/-/format/webp/cyioZpD7D0Ijpg-2.jpg.webp	68128	site_content
assets/optim.tildacdn.com/tild6237-6135-4664-b635-396364326134/-/format/webp/_05.jpg.webp	288602	site_content
assets/optim.tildacdn.com/tild6239-3738-4365-a638-386133326264/-/format/webp/_03.jpg.webp	250079	site_content
assets/optim.tildacdn.com/tild6239-6538-4831-b438-393632346634/-/resize/432x/-/format/webp/image_8.png.webp	7448	site_content
assets/optim.tildacdn.com/tild6261-3434-4966-b865-333135656139/-/format/webp/-3-2.png.webp	5973	site_content
assets/optim.tildacdn.com/tild6261-3532-4330-b365-366637626130/-/format/webp/photo_53980772950812.jpg.webp	139023	site_content
assets/optim.tildacdn.com/tild6261-6130-4134-a439-356535623131/-/format/webp/photo_53572970444584.jpg.webp	27960	site_content
assets/optim.tildacdn.com/tild6261-6263-4836-b262-376263386265/-/format/webp/__2-2.jpg.webp	93234	site_content
assets/optim.tildacdn.com/tild6261-6439-4531-b634-323034373437/-/format/webp/IMG_1033-2.jpg.webp	177078	site_content
assets/optim.tildacdn.com/tild6261-6439-4531-b634-323034373437/-/resize/600x500/-/format/webp/IMG_1033-2.jpg.webp	47946	site_content
assets/optim.tildacdn.com/tild6262-3336-4030-b234-633730306564/-/resize/312x/-/format/webp/8.png.webp	3384	site_content
assets/optim.tildacdn.com/tild6262-3365-4239-a139-306162373235/-/format/webp/photo_53980772950812.jpg.webp	124419	site_content
assets/optim.tildacdn.com/tild6262-3562-4465-b662-626437306266/-/format/webp/noroot.png.webp	47052	site_content
assets/optim.tildacdn.com/tild6262-3961-4230-a638-313932636530/-/format/webp/photo_53572970444584.jpg.webp	56816	site_content
assets/optim.tildacdn.com/tild6262-6233-4735-a263-343630353737/-/format/webp/-186-2-1200.jpg.webp	316896	site_content
assets/optim.tildacdn.com/tild6262-6235-4763-b963-643864346337/-/resize/464x/-/format/webp/IMG_20230620_071823.jpg.webp	16870	site_content
assets/optim.tildacdn.com/tild6262-6361-4635-b536-363165623632/-/format/webp/IMG_7067-2.jpg.webp	168427	site_content
assets/optim.tildacdn.com/tild6262-6438-4063-a166-343766396665/-/format/webp/photo_53980772950812.jpg.webp	148749	site_content
assets/optim.tildacdn.com/tild6263-3230-4230-a633-653166653038/-/format/webp/photo_2024-10-17_12-.png.webp	10704	site_content
assets/optim.tildacdn.com/tild6263-3232-4137-a138-663461623335/-/format/webp/photo_53980772950812.jpg.webp	135796	site_content
assets/optim.tildacdn.com/tild6263-3363-4231-b432-313537623138/-/format/webp/photo_53980772950812.jpg.webp	124419	site_content
assets/optim.tildacdn.com/tild6263-3432-4761-b965-303430336262/-/resize/432x/-/format/webp/_.png.webp	6644	site_content
assets/optim.tildacdn.com/tild6263-3739-4031-b436-383364616335/-/format/webp/_01.jpg.webp	257126	site_content
assets/optim.tildacdn.com/tild6263-6366-4462-b838-626232396237/-/format/webp/ugon1jpg.jpg.webp	87069	site_content
assets/optim.tildacdn.com/tild6264-3138-4432-b566-626239613665/-/format/webp/6_baloon.png.webp	8536	site_content
assets/optim.tildacdn.com/tild6264-3731-4534-b335-363338396337/-/format/webp/tempImage2GaaOk_1-2.png.webp	226902	site_content
assets/optim.tildacdn.com/tild6264-3830-4532-b665-376431313763/-/format/webp/photo_53980772950812.jpg.webp	165692	site_content
assets/optim.tildacdn.com/tild6264-3965-4935-a666-303236643332/-/resize/464x/-/format/webp/2.jpg.webp	27486	site_content
assets/optim.tildacdn.com/tild6264-6330-4430-b638-316230623638/-/format/webp/photo_52899088100156.jpg.webp	107505	site_content
assets/optim.tildacdn.com/tild6264-6533-4639-b035-366261623630/-/format/webp/photo_2024-10-31_15-.jpg.webp	110540	site_content
assets/optim.tildacdn.com/tild6265-3166-4363-b562-356534376531/-/format/webp/photo_53980772950812.jpg.webp	148749	site_content
assets/optim.tildacdn.com/tild6265-3464-4237-b536-303837336564/-/resize/464x/-/format/webp/IMG_20230619_225749.jpg.webp	18432	site_content
assets/optim.tildacdn.com/tild6265-3866-4536-b363-353633376333/-/format/webp/photo_53980772950812.jpg.webp	139023	site_content
assets/optim.tildacdn.com/tild6265-6338-4362-a563-643864633061/-/format/webp/____.jpg.webp	52788	site_content
assets/optim.tildacdn.com/tild6265-6338-4362-a563-643864633061/-/resize/360x480/-/format/webp/____.jpg.webp	31126	site_content
assets/optim.tildacdn.com/tild6265-6465-4933-a430-653034343130/-/format/webp/bombaquest_hostel_po.jpg.webp	48364	site_content
assets/optim.tildacdn.com/tild6265-6465-4933-a430-653034343130/-/resize/700x500/-/format/webp/bombaquest_hostel_po.jpg.webp	48364	site_content
assets/optim.tildacdn.com/tild6265-6632-4839-b363-653738663762/-/cover/944x827/center/center/-/format/webp/ea43ee19-50d6-4025-9.png.webp	133334	site_content
assets/optim.tildacdn.com/tild6265-6632-4839-b363-653738663762/-/format/webp/ea43ee19-50d6-4025-9.png.webp	303124	site_content
assets/optim.tildacdn.com/tild6265-6663-4361-b131-386233346366/-/format/webp/photo_54360476578361.jpg.webp	197557	site_content
assets/optim.tildacdn.com/tild6266-3633-4432-b636-616264646530/-/format/webp/-2.png.webp	6010	site_content
assets/optim.tildacdn.com/tild6266-3662-4865-a461-393234393663/-/format/webp/1_1_1.png.webp	7434	site_content
assets/optim.tildacdn.com/tild6266-3665-4035-b661-636136376232/-/format/webp/_1_1.png.webp	6158	site_content
assets/optim.tildacdn.com/tild6266-3839-4635-b334-323532363261/-/format/webp/photo_53980772950812.jpg.webp	135796	site_content
assets/optim.tildacdn.com/tild6266-6465-4137-b734-363963626331/-/format/webp/LAT_3531.jpg.webp	433970	site_content
assets/optim.tildacdn.com/tild6266-6465-4137-b734-363963626331/-/resize/271x/-/format/webp/LAT_3531.jpg.webp	433970	site_content
assets/optim.tildacdn.com/tild6266-6465-4137-b734-363963626331/-/resize/400x600/-/format/webp/LAT_3531.jpg.webp	433970	site_content
assets/optim.tildacdn.com/tild6330-3737-4631-b733-373236626239/-/format/webp/Portal_Strike.png.webp	82418	site_content
assets/optim.tildacdn.com/tild6330-6164-4263-a666-323231353964/-/format/webp/noroot.png.webp	38310	site_content
assets/optim.tildacdn.com/tild6330-6565-4131-a363-363438333935/-/format/webp/photo_54360476578361.jpg.webp	171898	site_content
assets/optim.tildacdn.com/tild6331-3366-4863-b230-356361323838/-/format/webp/_Portal_Strike_Kids.jpg.webp	65116	site_content
assets/optim.tildacdn.com/tild6331-3530-4539-b530-396533613334/-/format/webp/photo_53980772950812.jpg.webp	139023	site_content
assets/optim.tildacdn.com/tild6331-6563-4532-b038-363833663461/-/format/webp/photo_2024-10-29_16-.jpg.webp	84856	site_content
assets/optim.tildacdn.com/tild6331-6635-4338-a232-323232613434/-/format/webp/photo_53572970444584.jpg.webp	59266	site_content
assets/optim.tildacdn.com/tild6332-3062-4061-b961-663565343766/-/format/webp/Group_96-2.png.webp	6402	site_content
assets/optim.tildacdn.com/tild6332-3364-4665-a564-376237653736/-/format/webp/photo_53980772950812.jpg.webp	125554	site_content
assets/optim.tildacdn.com/tild6332-3465-4132-a365-386562633237/-/format/webp/nNQ_-M-Ya1Y.jpg.webp	106918	site_content
assets/optim.tildacdn.com/tild6332-6262-4438-b163-303034393830/-/format/webp/konstantintaranov-17.jpg.webp	266660	site_content
assets/optim.tildacdn.com/tild6332-6262-4438-b163-303034393830/-/resize/700x500/-/format/webp/konstantintaranov-17.jpg.webp	68698	site_content
assets/optim.tildacdn.com/tild6333-3137-4862-b434-326332663966/-/format/webp/_GPT_dark.jpg.webp	11044	site_content
assets/optim.tildacdn.com/tild6333-3661-4064-b338-303364623263/-/format/webp/zakrytaya_zona_ne_po.jpg.webp	32508	site_content
assets/optim.tildacdn.com/tild6333-3835-4063-b965-343530393964/-/format/webp/whatsapp--v2.png.webp	1560	site_content
assets/optim.tildacdn.com/tild6333-6135-4036-b932-366266643064/-/format/webp/photo_53980772950812.jpg.webp	128360	site_content
assets/optim.tildacdn.com/tild6334-3031-4264-a364-633339656539/-/cover/312x300/center/center/-/format/webp/-__.jpg.webp	35092	site_content
assets/optim.tildacdn.com/tild6334-3031-4264-a364-633339656539/-/format/webp/-__.jpg.webp	85048	site_content
assets/optim.tildacdn.com/tild6334-3564-4438-a230-383033333731/-/format/webp/__02.jpg.webp	284370	site_content
assets/optim.tildacdn.com/tild6334-3834-4766-b062-393134333030/-/format/webp/photo_53980772950812.jpg.webp	165692	site_content
assets/optim.tildacdn.com/tild6334-3964-4363-a662-316332656634/-/cover/432x493/center/center/-/format/webp/_3D.png.webp	17470	site_content
assets/optim.tildacdn.com/tild6334-3964-4363-a662-316332656634/-/format/webp/_3D.png.webp	19178	site_content
assets/optim.tildacdn.com/tild6334-6162-4832-b963-383335323965/-/format/webp/photo_53980772950812.jpg.webp	135796	site_content
assets/optim.tildacdn.com/tild6334-6262-4439-a437-353434633739/-/format/webp/_-2.jpg.webp	251862	site_content
assets/optim.tildacdn.com/tild6335-3361-4165-b436-653939653065/-/format/webp/photo_53980772950812.jpg.webp	125554	site_content
assets/optim.tildacdn.com/tild6335-3835-4835-b933-623133373632/-/format/webp/photo_53980772950812.jpg.webp	124419	site_content
assets/optim.tildacdn.com/tild6336-3637-4233-a361-393238383938/-/format/webp/photo_54268975907855.jpg.webp	120499	site_content
assets/optim.tildacdn.com/tild6336-3666-4932-b434-396631356566/-/format/webp/photo_53980772950812.jpg.webp	147432	site_content
assets/optim.tildacdn.com/tild6337-3065-4063-b364-396539646233/-/format/webp/photo_54360476578361.jpg.webp	197557	site_content
assets/optim.tildacdn.com/tild6337-3364-4533-b932-356362333736/-/format/webp/photo_53980772950812.jpg.webp	104502	site_content
assets/optim.tildacdn.com/tild6337-3530-4333-a438-323739326461/-/format/webp/_.jpg.webp	98970	site_content
assets/optim.tildacdn.com/tild6337-3538-4263-b264-626230386362/-/format/webp/photo_53980772950812.jpg.webp	125554	site_content
assets/optim.tildacdn.com/tild6337-3661-4238-a665-343134353038/-/cover/432x432/center/center/-/format/webp/image-3-2.jpg.webp	35178	site_content
assets/optim.tildacdn.com/tild6337-3661-4238-a665-343134353038/-/cover/720x720/center/center/-/format/webp/image-3-2.jpg.webp	41426	site_content
assets/optim.tildacdn.com/tild6337-3661-4238-a665-343134353038/-/format/webp/image-3-2.jpg.webp	41426	site_content
assets/optim.tildacdn.com/tild6337-3735-4661-a266-653836346538/-/format/webp/photo_53980772950812.jpg.webp	147432	site_content
assets/optim.tildacdn.com/tild6337-6561-4434-a631-626137386564/-/resize/150x/-/format/webp/-_.png.webp	1946	site_content
assets/optim.tildacdn.com/tild6337-6637-4666-b132-333337386234/-/format/webp/_03-2.jpg.webp	100038	site_content
assets/optim.tildacdn.com/tild6338-3130-4363-b962-653062373030/-/resize/414x/-/format/webp/photo.jpg.webp	64550	site_content
assets/optim.tildacdn.com/tild6338-3231-4465-a430-356663653936/-/format/webp/noroot.png.webp	33484	site_content
assets/optim.tildacdn.com/tild6338-3234-4638-b232-633463663337/-/cover/385x386/center/center/-/format/webp/__-2.png.webp	6471	site_content
assets/optim.tildacdn.com/tild6338-3234-4638-b232-633463663337/-/format/webp/__-2.png.webp	6471	site_content
assets/optim.tildacdn.com/tild6338-3235-4735-a332-653734666132/-/format/webp/-3.png.webp	77444	site_content
assets/optim.tildacdn.com/tild6338-3765-4164-b038-336430313236/-/cover/348x430/center/center/-/format/webp/__-2.png.webp	27948	site_content
assets/optim.tildacdn.com/tild6338-3765-4164-b038-336430313236/-/format/webp/__-2.png.webp	109810	site_content
assets/optim.tildacdn.com/tild6338-3831-4539-b862-343132356639/-/format/webp/photo_54360476578361.jpg.webp	171898	site_content
assets/optim.tildacdn.com/tild6338-3962-4435-a336-616335336265/-/cover/385x386/center/center/-/format/webp/_____.png.webp	6068	site_content
assets/optim.tildacdn.com/tild6338-3962-4435-a336-616335336265/-/format/webp/_____.png.webp	6068	site_content
assets/optim.tildacdn.com/tild6339-3235-4439-b834-623831323366/-/format/webp/-3-2.png.webp	5973	site_content
assets/optim.tildacdn.com/tild6339-3631-4537-b163-376165393335/-/format/webp/id_6386942333_0.jpg.webp	145927	site_content
assets/optim.tildacdn.com/tild6339-3665-4163-a163-383763373035/-/cover/385x386/center/center/-/format/webp/_-2.png.webp	6444	site_content
assets/optim.tildacdn.com/tild6339-3665-4163-a163-383763373035/-/format/webp/_-2.png.webp	6444	site_content
assets/optim.tildacdn.com/tild6339-3738-4335-b239-373563313464/-/format/webp/-5_1_1.png.webp	5012	site_content
assets/optim.tildacdn.com/tild6361-6464-4336-b561-656362663934/-/resize/464x/-/format/webp/IMG_20230619_232405.jpg.webp	12866	site_content
assets/optim.tildacdn.com/tild6362-3131-4136-b033-316438376338/-/format/webp/photo_53980772950812.jpg.webp	117563	site_content
assets/optim.tildacdn.com/tild6362-3362-4531-a466-306163656161/-/format/webp/6_konfetti.png.webp	6976	site_content
assets/optim.tildacdn.com/tild6362-6131-4236-b636-623238633530/-/cover/219x318/center/center/-/format/webp/f43d2e7f-e453-4fd0-8.png.webp	18168	site_content
assets/optim.tildacdn.com/tild6362-6131-4236-b636-623238633530/-/format/webp/f43d2e7f-e453-4fd0-8.png.webp	95980	site_content
assets/optim.tildacdn.com/tild6363-3433-4864-b938-336434646266/-/format/webp/_DSC3790.jpg.webp	92802	site_content
assets/optim.tildacdn.com/tild6363-3433-4864-b938-336434646266/-/resize/700x500/-/format/webp/_DSC3790.jpg.webp	92802	site_content
assets/optim.tildacdn.com/tild6363-3434-4832-b261-623262316635/-/format/webp/IMG_8142-2.jpg.webp	232695	site_content
assets/optim.tildacdn.com/tild6363-3565-4931-b532-383534363536/-/format/webp/photo_53980772950812.jpg.webp	125554	site_content
assets/optim.tildacdn.com/tild6364-3032-4662-b963-356533373466/-/format/webp/photo_53572970444584.jpg.webp	111770	site_content
assets/optim.tildacdn.com/tild6364-3337-4065-b736-343231663637/-/resize/464x/-/format/webp/_103.jpg.webp	23800	site_content
assets/optim.tildacdn.com/tild6364-3435-4335-a361-333635393663/-/format/webp/Rectangle_15-3.png.webp	15228	site_content
assets/optim.tildacdn.com/tild6364-3438-4161-a638-323837303632/-/format/webp/photo_52920954208157.jpg.webp	154403	site_content
assets/optim.tildacdn.com/tild6364-3631-4162-a432-376266353332/-/format/webp/IMG_4403_1.jpg.webp	80002	site_content
assets/optim.tildacdn.com/tild6364-3738-4464-a230-613137393661/-/format/webp/_.jpg.webp	63738	site_content
assets/optim.tildacdn.com/tild6364-3764-4731-b439-316133666666/-/format/webp/photo.jpg.webp	49682	site_content
assets/optim.tildacdn.com/tild6364-3837-4135-b966-643333323231/-/format/webp/photo_53980772950812.jpg.webp	125554	site_content
assets/optim.tildacdn.com/tild6364-6138-4961-b132-383266363438/-/format/webp/5_gift.png.webp	14775	site_content
assets/optim.tildacdn.com/tild6364-6430-4138-b536-383838373739/-/format/webp/IMG_8081.jpeg.webp	60638	site_content
assets/optim.tildacdn.com/tild6364-6437-4338-b332-393764396439/-/format/webp/photo_54360476578361.jpg.webp	160010	site_content
assets/optim.tildacdn.com/tild6364-6538-4339-b962-376432656433/-/format/webp/photo_2024-10-30_14-.jpg.webp	120101	site_content
assets/optim.tildacdn.com/tild6365-3035-4132-b937-633933653033/-/resize/96x/-/format/webp/Gift_BoxH032kn.png.webp	3442	site_content
assets/optim.tildacdn.com/tild6365-3064-4464-b135-393533353035/-/resize/464x/-/format/webp/_61.jpg.webp	28468	site_content
assets/optim.tildacdn.com/tild6365-3132-4638-a630-366165326464/-/format/webp/IMG_3914.png.webp	438244	site_content
assets/optim.tildacdn.com/tild6365-3366-4534-a164-663862636461/-/cover/385x386/center/center/-/format/webp/__-2.png.webp	6492	site_content
assets/optim.tildacdn.com/tild6365-3366-4534-a164-663862636461/-/format/webp/__-2.png.webp	6492	site_content
assets/optim.tildacdn.com/tild6365-3830-4366-b433-643837626561/-/format/webp/_DSC3658.jpg.webp	229884	site_content
assets/optim.tildacdn.com/tild6365-3931-4261-b633-363936333632/-/resize/464x/-/format/webp/IMG_20230620_071844.jpg.webp	13920	site_content
assets/optim.tildacdn.com/tild6365-6264-4239-b637-316263333238/-/format/webp/IMG_3965.png.webp	379252	site_content
assets/optim.tildacdn.com/tild6365-6436-4333-a632-383764356661/-/format/webp/_DSC3704.jpg.webp	268752	site_content
assets/optim.tildacdn.com/tild6366-3133-4136-b933-653137333462/-/format/webp/_st_block.png.webp	23252	site_content
assets/optim.tildacdn.com/tild6366-3134-4334-a130-326664373730/-/format/webp/photo_2024-10-31_15-.jpg.webp	45458	site_content
assets/optim.tildacdn.com/tild6366-3266-4665-b961-636461643362/-/format/webp/IMG_7336.JPG.webp	71201	site_content
assets/optim.tildacdn.com/tild6366-3466-4664-a338-633938366530/-/format/webp/7ad3c0ee-a35c-444c-9.png.webp	27252	site_content
assets/optim.tildacdn.com/tild6366-6135-4430-b962-663632353263/-/format/webp/tempImage12MvYV_1.png.webp	150220	site_content
assets/optim.tildacdn.com/tild6366-6432-4466-a162-613665356661/-/format/webp/IMG_8088.JPG.webp	103054	site_content
assets/optim.tildacdn.com/tild6366-6636-4561-b065-623263313236/-/format/webp/002-key.png.webp	252	site_content
assets/optim.tildacdn.com/tild6430-3763-4961-b065-626264653137/-/format/webp/LAT_6100-2.jpg.webp	154046	site_content
assets/optim.tildacdn.com/tild6430-3930-4633-b861-333864653265/-/format/webp/LAT_1165.jpg.webp	199422	site_content
assets/optim.tildacdn.com/tild6430-3930-4633-b861-333864653265/-/resize/400x600/-/format/webp/LAT_1165.jpg.webp	199422	site_content
assets/optim.tildacdn.com/tild6430-3930-4633-b861-333864653265/-/resize/425x/-/format/webp/LAT_1165.jpg.webp	199422	site_content
assets/optim.tildacdn.com/tild6430-3937-4031-b764-316339343239/-/format/webp/quest_stars_patologi.png.webp	5650	site_content
assets/optim.tildacdn.com/tild6430-6365-4261-b266-363831303561/-/resize/700x500/-/format/webp/___1jpg-2.webp	121538	site_content
assets/optim.tildacdn.com/tild6431-6362-4335-a262-643631653764/-/format/webp/photo_53980772950812.jpg.webp	127115	site_content
assets/optim.tildacdn.com/tild6431-6433-4535-b839-326432373839/-/format/webp/photo_6_2026-03-31_1.jpg.webp	43086	site_content
assets/optim.tildacdn.com/tild6431-6463-4730-b234-633931636663/-/cover/219x318/center/center/-/format/webp/6478939a-9f3f-4d00-9.png.webp	29680	site_content
assets/optim.tildacdn.com/tild6431-6463-4730-b234-633931636663/-/format/webp/6478939a-9f3f-4d00-9.png.webp	149312	site_content
assets/optim.tildacdn.com/tild6432-3163-4866-a265-636530636564/-/format/webp/photo_53980772950812.jpg.webp	104502	site_content
assets/optim.tildacdn.com/tild6432-6136-4731-b663-633363363665/-/format/webp/noroot.png.webp	9848	site_content
assets/optim.tildacdn.com/tild6433-3030-4430-b337-393733343637/-/format/webp/_VR.jpg.webp	156323	site_content
assets/optim.tildacdn.com/tild6433-3031-4330-a263-626539323936/-/format/webp/Frame_9-5.jpg.webp	76352	site_content
assets/optim.tildacdn.com/tild6433-3235-4138-a430-663237386235/-/format/webp/_.png.webp	6514	site_content
assets/optim.tildacdn.com/tild6433-3236-4839-b861-393338643038/-/cover/385x386/center/center/-/format/webp/__.png.webp	9030	site_content
assets/optim.tildacdn.com/tild6433-3236-4839-b861-393338643038/-/format/webp/__.png.webp	7675	site_content
assets/optim.tildacdn.com/tild6433-3238-4639-b437-323432636338/-/format/webp/photo_53980772950812.jpg.webp	125554	site_content
assets/optim.tildacdn.com/tild6433-3430-4737-b262-306565313663/-/cover/432x432/center/center/-/format/webp/image-6-2.jpg.webp	22408	site_content
assets/optim.tildacdn.com/tild6433-3430-4737-b262-306565313663/-/cover/720x720/center/center/-/format/webp/image-6-2.jpg.webp	26130	site_content
assets/optim.tildacdn.com/tild6433-3430-4737-b262-306565313663/-/format/webp/image-6-2.jpg.webp	26130	site_content
assets/optim.tildacdn.com/tild6433-6662-4639-b139-663337323637/-/format/webp/quest_stars_patologi.jpg.webp	26272	site_content
assets/optim.tildacdn.com/tild6433-6662-4639-b139-663337323637/-/resize/360x480/-/format/webp/quest_stars_patologi.jpg.webp	17422	site_content
assets/optim.tildacdn.com/tild6434-3364-4366-b566-386130356537/-/format/webp/photo_53980772950812.jpg.webp	147432	site_content
assets/optim.tildacdn.com/tild6434-3437-4265-b564-666534353031/-/format/webp/Desktop_-_16.png.webp	20538	site_content
assets/optim.tildacdn.com/tild6434-3739-4537-b566-306133363564/-/format/webp/photo_53980772950812.jpg.webp	147432	site_content
assets/optim.tildacdn.com/tild6434-3763-4464-b231-343664323435/-/format/webp/photo_53572970444584.jpg.webp	129606	site_content
assets/optim.tildacdn.com/tild6434-3861-4431-b934-613461643031/-/cover/800x500/center/center/-/format/webp/photo_52379156410360.jpg.webp	33444	site_content
assets/optim.tildacdn.com/tild6434-3861-4431-b934-613461643031/-/format/webp/photo_52379156410360.jpg.webp	74478	site_content
assets/optim.tildacdn.com/tild6435-3134-4261-b562-306332383139/-/format/webp/photo_53572970444584.jpg.webp	95717	site_content
assets/optim.tildacdn.com/tild6435-3231-4432-b964-613865313433/-/format/webp/__02.jpg.webp	28328	site_content
assets/optim.tildacdn.com/tild6435-3633-4234-b166-633430396161/-/format/webp/photo.jpg.webp	42130	site_content
assets/optim.tildacdn.com/tild6435-6463-4536-b639-666265623733/-/resize/464x/-/format/webp/IMG_20230620_071614.jpg.webp	12412	site_content
assets/optim.tildacdn.com/tild6435-6639-4664-b761-636665353737/-/format/webp/_DSC7951_1.jpg.webp	34486	site_content
assets/optim.tildacdn.com/tild6436-3035-4138-a632-353563383463/-/format/webp/photo_53980772950812.jpg.webp	165692	site_content
assets/optim.tildacdn.com/tild6436-3264-4361-b838-343639346166/-/format/webp/noroot.png.webp	39684	site_content
assets/optim.tildacdn.com/tild6436-3363-4164-b133-643933383861/-/resize/268x/-/format/webp/noroot.png.webp	18636	site_content
assets/optim.tildacdn.com/tild6436-3437-4164-b361-393264316332/-/format/webp/__1_1.png.webp	5954	site_content
assets/optim.tildacdn.com/tild6436-3534-4463-b137-613236313939/-/format/webp/photo_53980772950812.jpg.webp	138974	site_content
assets/optim.tildacdn.com/tild6436-3538-4636-a461-653734623439/-/format/webp/24fe0f2f-ffa8-42ae-8.png.webp	33246	site_content
assets/optim.tildacdn.com/tild6436-3561-4831-b037-373062363064/-/cover/385x386/center/center/-/format/webp/_-2.png.webp	6460	site_content
assets/optim.tildacdn.com/tild6436-3561-4831-b037-373062363064/-/format/webp/_-2.png.webp	6460	site_content
assets/optim.tildacdn.com/tild6436-3564-4932-b634-316639383733/-/format/webp/photo_53980772950812.jpg.webp	148749	site_content
assets/optim.tildacdn.com/tild6436-3863-4665-a338-623535643838/-/format/webp/LAT_6091-2-2.jpg.webp	181982	site_content
assets/optim.tildacdn.com/tild6436-6164-4962-b433-383664396435/-/cover/432x432/center/center/-/format/webp/image-9-2.jpg.webp	27868	site_content
assets/optim.tildacdn.com/tild6436-6164-4962-b433-383664396435/-/cover/720x720/center/center/-/format/webp/image-9-2.jpg.webp	32888	site_content
assets/optim.tildacdn.com/tild6436-6164-4962-b433-383664396435/-/format/webp/image-9-2.jpg.webp	32888	site_content
assets/optim.tildacdn.com/tild6436-6335-4032-b430-363763643664/-/format/webp/photo_54360476578361.jpg.webp	144789	site_content
assets/optim.tildacdn.com/tild6436-6561-4634-b531-656430636661/-/format/webp/photo_2024-10-30_14-.jpg.webp	103767	site_content
assets/optim.tildacdn.com/tild6436-6662-4565-b433-646634393066/-/format/webp/photo_53980772950812.jpg.webp	104502	site_content
assets/optim.tildacdn.com/tild6437-3331-4630-b131-656330613938/-/format/webp/photo_53572970444584.jpg.webp	152893	site_content
assets/optim.tildacdn.com/tild6437-3866-4932-a137-623434616266/-/format/webp/photo_53980772950812.jpg.webp	117563	site_content
assets/optim.tildacdn.com/tild6438-3330-4435-a239-393237303465/-/format/webp/_VR.jpg.webp	156323	site_content
assets/optim.tildacdn.com/tild6438-3463-4664-b736-663031396438/-/format/webp/photo_52899088100156.jpg.webp	77610	site_content
assets/optim.tildacdn.com/tild6439-3135-4936-b837-313139616233/-/format/webp/___.jpg.webp	96454	site_content
assets/optim.tildacdn.com/tild6439-3239-4433-a161-633431656666/-/resize/464x/-/format/webp/IMG_20230619_232514.jpg.webp	27858	site_content
assets/optim.tildacdn.com/tild6439-3333-4333-b537-383235313239/-/format/webp/IMG_8083.jpeg.webp	114002	site_content
assets/optim.tildacdn.com/tild6439-3965-4533-b232-356563643863/-/format/webp/photo_54360476578361.jpg.webp	144789	site_content
assets/optim.tildacdn.com/tild6439-6331-4863-b935-363265666537/-/format/webp/konstantintaranov-24.jpg.webp	167356	site_content
assets/optim.tildacdn.com/tild6439-6531-4731-a536-393436353765/-/format/webp/photo_53980772950812.jpg.webp	124419	site_content
assets/optim.tildacdn.com/tild6461-3031-4630-b637-313261396332/-/format/webp/_1_1.png.webp	6990	site_content
assets/optim.tildacdn.com/tild6461-3933-4161-b631-653039663637/-/format/webp/LAT_6053-2.jpg.webp	279314	site_content
assets/optim.tildacdn.com/tild6461-6432-4661-b838-666265313732/-/format/webp/image.jpg.webp	52028	site_content
assets/optim.tildacdn.com/tild6461-6536-4438-b932-663731386337/-/resize/507x/-/format/webp/IMG_7067.jpg.webp	71028	site_content
assets/optim.tildacdn.com/tild6462-3366-4731-a530-303530653535/-/format/webp/noroot.png.webp	320921	site_content
assets/optim.tildacdn.com/tild6462-3563-4363-a461-393036653939/-/format/webp/IMG_5252.JPG.webp	140292	site_content
assets/optim.tildacdn.com/tild6462-3565-4365-a431-356466343164/-/format/webp/photo_53980772950812.jpg.webp	135796	site_content
assets/optim.tildacdn.com/tild6462-3633-4630-b664-363461363564/-/format/webp/photo_53980772950812.jpg.webp	148749	site_content
assets/optim.tildacdn.com/tild6462-6664-4163-b530-366337623134/-/format/webp/-2.png.webp	6002	site_content
assets/optim.tildacdn.com/tild6463-3030-4832-a565-366635636363/-/format/webp/photo_2024-10-24_21-.jpg.webp	127917	site_content
assets/optim.tildacdn.com/tild6463-3334-4862-b235-616461383663/-/format/webp/2.jpg.webp	303058	site_content
assets/optim.tildacdn.com/tild6463-3734-4063-a563-633165343464/-/format/webp/photo_53980772950812.jpg.webp	147432	site_content
assets/optim.tildacdn.com/tild6463-3839-4638-a531-363164313163/-/format/webp/IMG_7217_1.jpg.webp	231640	site_content
assets/optim.tildacdn.com/tild6463-6166-4865-b731-396333373962/-/format/webp/snapedit_17474129053.png.webp	20134	site_content
assets/optim.tildacdn.com/tild6464-3138-4234-b034-316262333862/-/format/webp/image_2025-03-20_20-.jpg.webp	81345	site_content
assets/optim.tildacdn.com/tild6464-3535-4334-a130-346333396262/-/format/webp/2.jpg.webp	133538	site_content
assets/optim.tildacdn.com/tild6464-6161-4364-a339-336563343263/-/cover/348x430/center/center/-/format/webp/__-2.png.webp	24240	site_content
assets/optim.tildacdn.com/tild6464-6161-4364-a339-336563343263/-/format/webp/__-2.png.webp	159965	site_content
assets/optim.tildacdn.com/tild6464-6237-4063-b036-373562393538/-/format/webp/photo_54360476578361.jpg.webp	160010	site_content
assets/optim.tildacdn.com/tild6464-6463-4464-a363-343465356532/-/format/webp/Zs7eA0Sjryk-2.jpg.webp	201572	site_content
assets/optim.tildacdn.com/tild6465-3164-4436-b864-653863373334/-/cover/432x432/center/center/-/format/webp/image-7-2.jpg.webp	36866	site_content
assets/optim.tildacdn.com/tild6465-3164-4436-b864-653863373334/-/cover/720x720/center/center/-/format/webp/image-7-2.jpg.webp	43280	site_content
assets/optim.tildacdn.com/tild6465-3164-4436-b864-653863373334/-/format/webp/image-7-2.jpg.webp	43280	site_content
assets/optim.tildacdn.com/tild6465-3235-4234-b263-316631343263/-/format/webp/IMG_4403_1-2.jpg.webp	115714	site_content
assets/optim.tildacdn.com/tild6465-3532-4239-b038-303633376665/-/format/webp/photo_53980772950812.jpg.webp	104502	site_content
assets/optim.tildacdn.com/tild6465-3631-4637-b263-663462366136/-/format/webp/IMG_7068.jpg.webp	166499	site_content
assets/optim.tildacdn.com/tild6465-3733-4165-b730-383338336466/-/format/webp/photo_53616418204901.jpg.webp	103092	site_content
assets/optim.tildacdn.com/tild6465-6238-4335-a563-313735346366/-/format/webp/photo_53980772950812.jpg.webp	148749	site_content
assets/optim.tildacdn.com/tild6465-6531-4335-a638-616465636131/-/format/webp/photo_53980772950812.jpg.webp	139023	site_content
assets/optim.tildacdn.com/tild6465-6566-4131-b531-643263393062/-/format/webp/VR.jpg.webp	86890	site_content
assets/optim.tildacdn.com/tild6465-6666-4061-a437-646464626336/-/format/webp/IMG_7373-min_.webp	114446	site_content
assets/optim.tildacdn.com/tild6466-3336-4835-b731-393563353166/-/format/webp/_DSC3759.jpg.webp	200792	site_content
assets/optim.tildacdn.com/tild6466-3436-4336-b937-623965303763/-/format/webp/photo_53572970444584.jpg.webp	40830	site_content
assets/optim.tildacdn.com/tild6466-3533-4434-b362-633038613266/-/format/webp/photo_2023-12-15_21-.jpg.webp	134184	site_content
assets/optim.tildacdn.com/tild6466-3630-4265-a339-643130333939/-/resize/105x/-/format/webp/image.png.webp	3218	site_content
assets/optim.tildacdn.com/tild6466-3633-4466-b931-393534646339/-/format/webp/002-key.png.webp	252	site_content
assets/optim.tildacdn.com/tild6466-3661-4565-b835-323731333763/-/format/webp/photo_53980772950812.jpg.webp	124419	site_content
assets/optim.tildacdn.com/tild6466-3866-4230-b832-386635663734/-/cover/385x386/center/center/-/format/webp/_-2.png.webp	6465	site_content
assets/optim.tildacdn.com/tild6466-3866-4230-b832-386635663734/-/format/webp/_-2.png.webp	6465	site_content
assets/optim.tildacdn.com/tild6466-3936-4362-a463-373832333563/-/format/webp/_2_1_1.png.webp	8627	site_content
assets/optim.tildacdn.com/tild6530-6239-4337-a561-653733613865/-/format/webp/Frame_1328-2.png.webp	968	site_content
assets/optim.tildacdn.com/tild6530-6439-4537-a531-363334343337/-/format/webp/IMG_8153-2.jpg.webp	290386	site_content
assets/optim.tildacdn.com/tild6531-3130-4532-b066-613734366264/-/format/webp/photo_53980772950812.jpg.webp	148749	site_content
assets/optim.tildacdn.com/tild6531-3663-4033-b866-656663383132/-/format/webp/zakrytaya_zona_ne_po.jpg.webp	35210	site_content
assets/optim.tildacdn.com/tild6531-3663-4361-b138-333865356332/-/format/webp/Mafia.jpg.webp	44198	site_content
assets/optim.tildacdn.com/tild6531-3839-4832-b830-653535356135/-/format/webp/002-key.png.webp	252	site_content
assets/optim.tildacdn.com/tild6531-3939-4262-a431-366437346236/-/format/webp/photo_53980772950812.jpg.webp	128360	site_content
assets/optim.tildacdn.com/tild6532-3032-4662-b331-393261346466/-/format/webp/photo_54360476578361.jpg.webp	171898	site_content
assets/optim.tildacdn.com/tild6532-3738-4465-b463-613663643137/-/format/webp/IMG_1038-2.jpg.webp	293076	site_content
assets/optim.tildacdn.com/tild6532-3930-4433-b934-363662303636/-/format/webp/image_2025-03-20_20-.jpg.webp	109502	site_content
assets/optim.tildacdn.com/tild6532-6236-4937-b066-343261386462/-/format/webp/photo_51931340829162.jpg.webp	90970	site_content
assets/optim.tildacdn.com/tild6533-3033-4133-a134-386563653837/-/format/webp/IMG_3445.jpg.webp	81580	site_content
assets/optim.tildacdn.com/tild6533-3762-4563-a339-363932383834/-/format/webp/hf_20260310_071405_e.jpeg.webp	191726	site_content
assets/optim.tildacdn.com/tild6533-3762-4563-a339-363932383834/-/resize/700x500/-/format/webp/hf_20260310_071405_e.jpeg.webp	191726	site_content
assets/optim.tildacdn.com/tild6533-3861-4134-b738-323034333730/-/format/webp/-__1-2.png.webp	2408	site_content
assets/optim.tildacdn.com/tild6533-6137-4464-b834-313462623163/-/format/webp/photo_53980772950812.jpg.webp	188951	site_content
assets/optim.tildacdn.com/tild6533-6538-4762-b163-343935306431/-/format/webp/_DSC3658.jpg.webp	229884	site_content
assets/optim.tildacdn.com/tild6534-3430-4131-b934-383636356333/-/format/webp/ugon2jpg.jpg.webp	122612	site_content
assets/optim.tildacdn.com/tild6534-3438-4338-a632-383730633365/-/cover/219x318/center/center/-/format/webp/e64f36b3-0c6e-4eb1-a.png.webp	17284	site_content
assets/optim.tildacdn.com/tild6534-3438-4338-a632-383730633365/-/format/webp/e64f36b3-0c6e-4eb1-a.png.webp	74582	site_content
assets/optim.tildacdn.com/tild6534-3463-4566-a463-623534343835/-/format/webp/photo_53980772950812.jpg.webp	147432	site_content
assets/optim.tildacdn.com/tild6534-3633-4261-b836-653764666561/-/resize/300x/-/format/webp/8.png.webp	3214	site_content
assets/optim.tildacdn.com/tild6534-3633-4261-b836-653764666561/-/resize/312x/-/format/webp/8.png.webp	3384	site_content
assets/optim.tildacdn.com/tild6535-3232-4133-a664-616136643363/-/format/webp/e444733cb68e1b99b377.png.webp	26106	site_content
assets/optim.tildacdn.com/tild6535-3239-4132-b836-323232623635/-/format/webp/IMG_5256.JPG.webp	91617	site_content
assets/optim.tildacdn.com/tild6535-3432-4163-a163-376464366633/-/format/webp/_.jpg.webp	21548	site_content
assets/optim.tildacdn.com/tild6535-3534-4930-b437-636135313039/-/format/webp/photo_7_2026-03-31_1.jpg.webp	116276	site_content
assets/optim.tildacdn.com/tild6535-3566-4838-b836-303239383736/-/resize/464x/-/format/webp/IMG_20230619_225808.jpg.webp	10160	site_content
assets/optim.tildacdn.com/tild6535-3634-4833-a166-333861643434/-/cover/385x386/center/center/-/format/webp/-2.png.webp	6453	site_content
assets/optim.tildacdn.com/tild6535-3634-4833-a166-333861643434/-/format/webp/-2.png.webp	6453	site_content
assets/optim.tildacdn.com/tild6535-3933-4935-b939-336239346662/-/format/webp/LAT_6091-2-2.jpg.webp	181982	site_content
assets/optim.tildacdn.com/tild6535-6166-4434-b633-653937643934/-/cover/600x400/center/center/-/format/webp/photo_53980772950812.jpg.webp	104502	site_content
assets/optim.tildacdn.com/tild6535-6166-4434-b633-653937643934/-/format/webp/photo_53980772950812.jpg.webp	104502	site_content
assets/optim.tildacdn.com/tild6536-3432-4234-b635-663663303134/-/format/webp/konstantintaranov-23.jpg.webp	196899	site_content
assets/optim.tildacdn.com/tild6537-3037-4763-b532-383030323031/-/format/webp/FOTO_PARTY_MAIN_.png.webp	75080	site_content
assets/optim.tildacdn.com/tild6537-6330-4733-b338-313332316637/-/resize/268x/-/format/webp/noroot.png.webp	13350	site_content
assets/optim.tildacdn.com/tild6537-6635-4333-a439-656130613230/-/format/webp/6_img1.jpg.webp	63735	site_content
assets/optim.tildacdn.com/tild6538-3036-4266-b636-383762363336/-/format/webp/_-8.jpg.webp	139092	site_content
assets/optim.tildacdn.com/tild6538-3038-4930-b235-343733356161/-/cover/432x432/center/center/-/format/webp/image-11-2.jpg.webp	11056	site_content
assets/optim.tildacdn.com/tild6538-3038-4930-b235-343733356161/-/cover/720x720/center/center/-/format/webp/image-11-2.jpg.webp	12816	site_content
assets/optim.tildacdn.com/tild6538-3038-4930-b235-343733356161/-/format/webp/image-11-2.jpg.webp	24388	site_content
assets/optim.tildacdn.com/tild6538-3064-4332-b632-646136356438/-/format/webp/-3_1200.jpg.webp	132856	site_content
assets/optim.tildacdn.com/tild6538-3064-4332-b632-646136356438/-/resize/600x500/-/format/webp/-3_1200.jpg.webp	71992	site_content
assets/optim.tildacdn.com/tild6538-3631-4730-a232-633036643535/-/resize/268x/-/format/webp/-_.jpg.webp	15578	site_content
assets/optim.tildacdn.com/tild6538-3863-4466-b434-396638393135/-/format/webp/_DSC3751.jpg.webp	274310	site_content
assets/optim.tildacdn.com/tild6538-6135-4530-b765-303665363933/-/format/webp/photo_2024-10-30_14-.jpg.webp	167942	site_content
assets/optim.tildacdn.com/tild6538-6331-4663-b637-373137306261/-/format/webp/IMG_8080.JPG.webp	79022	site_content
assets/optim.tildacdn.com/tild6538-6333-4665-b638-373135363938/-/format/webp/photo_53980772950812.jpg.webp	124419	site_content
assets/optim.tildacdn.com/tild6538-6534-4665-b733-633935383663/-/resize/432x/-/format/webp/_2x.png.webp	15370	site_content
assets/optim.tildacdn.com/tild6538-6537-4339-a631-326433396266/-/format/webp/photo_53980772950812.jpg.webp	125554	site_content
assets/optim.tildacdn.com/tild6538-6634-4866-a663-653938636437/-/cover/432x432/center/center/-/format/webp/image-8-2.jpg.webp	46228	site_content
assets/optim.tildacdn.com/tild6538-6634-4866-a663-653938636437/-/cover/720x720/center/center/-/format/webp/image-8-2.jpg.webp	54156	site_content
assets/optim.tildacdn.com/tild6538-6634-4866-a663-653938636437/-/format/webp/image-8-2.jpg.webp	54156	site_content
assets/optim.tildacdn.com/tild6539-3132-4361-a464-366435623434/-/format/webp/photo_53980772950812.jpg.webp	147432	site_content
assets/optim.tildacdn.com/tild6539-3166-4266-a239-366438636537/-/format/webp/IMG_7373-min_.jpg.webp	170327	site_content
assets/optim.tildacdn.com/tild6539-3333-4933-b734-366563386465/-/format/webp/IMG_5255.JPG.webp	106153	site_content
assets/optim.tildacdn.com/tild6539-3363-4761-b131-323338623530/-/format/webp/Rectangle_13.png.webp	512	site_content
assets/optim.tildacdn.com/tild6539-3736-4630-a434-346232323632/-/cover/432x432/center/center/-/format/webp/image-9.jpg.webp	25866	site_content
assets/optim.tildacdn.com/tild6539-3736-4630-a434-346232323632/-/cover/720x720/center/center/-/format/webp/image-9.jpg.webp	30474	site_content
assets/optim.tildacdn.com/tild6539-3736-4630-a434-346232323632/-/format/webp/image-9.jpg.webp	63540	site_content
assets/optim.tildacdn.com/tild6539-3761-4335-a534-386665353637/-/format/webp/_01.jpg.webp	178119	site_content
assets/optim.tildacdn.com/tild6539-6166-4065-b133-366535646333/-/format/webp/photo_53980772950812.jpg.webp	124419	site_content
assets/optim.tildacdn.com/tild6539-6334-4132-a130-623835323835/-/format/webp/--3.jpg.webp	148576	site_content
assets/optim.tildacdn.com/tild6561-3036-4133-a564-313031376331/-/format/webp/photo_52379156410360.jpg.webp	102548	site_content
assets/optim.tildacdn.com/tild6561-3234-4761-b931-343461393236/-/cover/432x432/center/center/-/format/webp/download_12.png.webp	25438	site_content
assets/optim.tildacdn.com/tild6561-3234-4761-b931-343461393236/-/format/webp/download_12.png.webp	29198	site_content
assets/optim.tildacdn.com/tild6561-3334-4766-a139-633239613064/-/format/webp/IMG_1049-2.jpg.webp	552535	site_content
assets/optim.tildacdn.com/tild6561-3830-4437-b965-383432663633/-/cover/385x386/center/center/-/format/webp/_-2.png.webp	6444	site_content
assets/optim.tildacdn.com/tild6561-3830-4437-b965-383432663633/-/format/webp/_-2.png.webp	6444	site_content
assets/optim.tildacdn.com/tild6561-6131-4236-a538-333163663766/-/format/webp/IMG_8242-2.jpg.webp	221218	site_content
assets/optim.tildacdn.com/tild6561-6665-4337-b463-353762613937/-/format/webp/photo_53980772950812.jpg.webp	127115	site_content
assets/optim.tildacdn.com/tild6562-3662-4564-b433-626435666261/-/format/webp/photo_53572970444584.jpg.webp	68300	site_content
assets/optim.tildacdn.com/tild6562-3861-4339-b338-656463346639/-/format/webp/photo_51931340829162.jpg.webp	78170	site_content
assets/optim.tildacdn.com/tild6562-3936-4534-b139-333839336261/-/format/webp/-2.jpg.webp	59518	site_content
assets/optim.tildacdn.com/tild6562-6232-4730-b134-643664343365/-/resize/700x500/-/format/webp/___2jpg-2.webp	61010	site_content
assets/optim.tildacdn.com/tild6562-6235-4537-b838-633637643965/-/format/webp/2025-05-29_13-57-00_.png.webp	6251	site_content
assets/optim.tildacdn.com/tild6563-3462-4231-a562-613961356462/-/resize/464x/-/format/webp/1.jpg.webp	34971	site_content
assets/optim.tildacdn.com/tild6563-6138-4938-b230-323461356464/-/format/webp/photo_53980772950812.jpg.webp	135796	site_content
assets/optim.tildacdn.com/tild6564-3937-4161-a165-353034303730/-/resize/700x500/-/format/webp/IMG_5217jpg.webp	130032	site_content
assets/optim.tildacdn.com/tild6564-6162-4435-b430-343631396131/-/format/webp/IMG_7368_1.jpg.webp	182668	site_content
assets/optim.tildacdn.com/tild6564-6236-4466-b134-303831303662/-/format/webp/photo_53980772950812.jpg.webp	104502	site_content
assets/optim.tildacdn.com/tild6565-3161-4366-b263-333864356663/-/format/webp/photo_53980772950812.jpg.webp	148749	site_content
assets/optim.tildacdn.com/tild6565-3461-4332-b032-376131386230/-/format/webp/photo_53980772950812.jpg.webp	117563	site_content
assets/optim.tildacdn.com/tild6565-3663-4230-b338-636363623031/-/format/webp/_.jpg.webp	75628	site_content
assets/optim.tildacdn.com/tild6565-3935-4133-b935-333963313438/-/format/webp/_-2.jpg.webp	116996	site_content
assets/optim.tildacdn.com/tild6565-6238-4866-a236-623966613864/-/format/webp/_003.png.webp	48184	site_content
assets/optim.tildacdn.com/tild6566-3034-4337-b431-653937663966/-/format/webp/photo_2024-10-30_14-.jpg.webp	115600	site_content
assets/optim.tildacdn.com/tild6566-3264-4562-a562-616136326563/-/format/webp/konstantintaranov-68.jpg.webp	128717	site_content
assets/optim.tildacdn.com/tild6566-3333-4735-b962-396139616236/-/format/webp/photo_53980772950812.jpg.webp	135796	site_content
assets/optim.tildacdn.com/tild6566-3834-4033-b630-393963303866/-/format/webp/dmitriy-leongff2ovic.png.webp	25276	site_content
assets/optim.tildacdn.com/tild6630-3635-4562-b537-306235656364/-/format/webp/photo_54360476578361.jpg.webp	144789	site_content
assets/optim.tildacdn.com/tild6630-3639-4565-a366-663031616235/-/format/webp/photo_53980772950812.jpg.webp	147432	site_content
assets/optim.tildacdn.com/tild6631-3032-4661-b431-336634316238/-/resize/464x/-/format/webp/IMG_20230620_071642.jpg.webp	22526	site_content
assets/optim.tildacdn.com/tild6631-3634-4533-a464-356666393233/-/format/webp/photo_53980772950812.jpg.webp	165692	site_content
assets/optim.tildacdn.com/tild6632-3161-4932-a231-666539653534/-/format/webp/photo_53980772950812.jpg.webp	165692	site_content
assets/optim.tildacdn.com/tild6632-3261-4832-a634-613166356430/-/resize/312x/-/format/webp/8.png.webp	3384	site_content
assets/optim.tildacdn.com/tild6632-3562-4639-b037-333961306530/-/format/webp/photo_2023-12-15_16-.jpg.webp	149998	site_content
assets/optim.tildacdn.com/tild6632-3738-4561-b862-653733333135/-/resize/470x/-/format/webp/IMG_6569_mini.jpg.webp	148382	site_content
assets/optim.tildacdn.com/tild6632-3861-4330-b634-353330616163/-/format/webp/_006__.png.webp	43036	site_content
assets/optim.tildacdn.com/tild6632-6235-4434-b534-376264316235/-/format/webp/photo_53980772950812.jpg.webp	138974	site_content
assets/optim.tildacdn.com/tild6632-6535-4831-a230-663765633739/-/resize/360x480/-/format/webp/1jpg.webp	51774	site_content
assets/optim.tildacdn.com/tild6632-6539-4236-b962-376531623831/-/format/webp/bombaquest_hostel_ph.jpg.webp	34994	site_content
assets/optim.tildacdn.com/tild6633-3062-4334-a136-303461643430/-/format/webp/__03.jpg.webp	197395	site_content
assets/optim.tildacdn.com/tild6633-3261-4062-b832-633533376531/-/format/webp/hf_20260310_072251_a.jpeg.webp	230128	site_content
assets/optim.tildacdn.com/tild6633-3264-4362-a561-616464333966/-/format/webp/photo_52899088100156.jpg.webp	87055	site_content
assets/optim.tildacdn.com/tild6633-3333-4139-a330-663635636135/-/format/webp/1_.png.webp	80360	site_content
assets/optim.tildacdn.com/tild6633-6163-4630-a331-333135643135/-/format/webp/_.jpg.webp	37428	site_content
assets/optim.tildacdn.com/tild6634-3464-4661-a530-363135386336/-/format/webp/photo_54360476578361.jpg.webp	144789	site_content
assets/optim.tildacdn.com/tild6634-6531-4537-b563-313531363836/-/format/webp/REN_013_9799.jpg.webp	117066	site_content
assets/optim.tildacdn.com/tild6634-6538-4335-b862-356135343137/-/format/webp/photo_53980772950812.jpg.webp	117563	site_content
assets/optim.tildacdn.com/tild6635-3165-4130-a639-373031373739/-/format/webp/photo_53980772950812.jpg.webp	128360	site_content
assets/optim.tildacdn.com/tild6635-3664-4862-b263-323663376233/-/cover/432x432/center/center/-/format/webp/image-4-2.jpg.webp	18528	site_content
assets/optim.tildacdn.com/tild6635-3664-4862-b263-323663376233/-/cover/720x720/center/center/-/format/webp/image-4-2.jpg.webp	21410	site_content
assets/optim.tildacdn.com/tild6635-3664-4862-b263-323663376233/-/format/webp/image-4-2.jpg.webp	21410	site_content
assets/optim.tildacdn.com/tild6635-6531-4664-b861-663662393065/-/cover/385x386/center/center/-/format/webp/__-2.png.webp	6487	site_content
assets/optim.tildacdn.com/tild6635-6531-4664-b861-663662393065/-/format/webp/__-2.png.webp	6487	site_content
assets/optim.tildacdn.com/tild6635-6664-4336-b964-613336356363/-/format/webp/Frame_1328-2.png.webp	968	site_content
assets/optim.tildacdn.com/tild6636-3361-4832-a330-396634383464/-/format/webp/bombaquest_hostel_ph.jpg.webp	41528	site_content
assets/optim.tildacdn.com/tild6636-3430-4662-b535-336639373930/-/format/webp/IMG_4406_1-2.jpg.webp	54548	site_content
assets/optim.tildacdn.com/tild6636-3462-4631-b937-313963343763/-/format/webp/image-18-04-25-06-09.jpg.webp	287482	site_content
assets/optim.tildacdn.com/tild6636-3738-4534-b330-386338313031/-/format/webp/photo_2023-12-15_21-.jpg.webp	137112	site_content
assets/optim.tildacdn.com/tild6636-3766-4432-b238-663463396263/-/format/webp/IMG_1038-2.jpg.webp	293076	site_content
assets/optim.tildacdn.com/tild6636-3864-4263-b563-363561666539/-/format/webp/1.jpg.webp	1462496	site_content
assets/optim.tildacdn.com/tild6636-6332-4038-a164-666533363733/-/resize/464x/-/format/webp/IMG_20230620_0717541.jpg.webp	25110	site_content
assets/optim.tildacdn.com/tild6636-6630-4862-a431-376564633636/-/format/webp/photo_53980772950812.jpg.webp	124419	site_content
assets/optim.tildacdn.com/tild6637-3337-4664-a363-373131396164/-/format/webp/002-key.png.webp	252	site_content
assets/optim.tildacdn.com/tild6637-3533-4531-b332-653235376165/-/format/webp/noroot.png.webp	762612	site_content
assets/optim.tildacdn.com/tild6637-3865-4332-b833-623334326465/-/format/webp/photo_53980772950812.jpg.webp	138974	site_content
assets/optim.tildacdn.com/tild6637-6363-4261-a334-316566343735/-/format/webp/konstantintaranov-23.jpg.webp	171652	site_content
assets/optim.tildacdn.com/tild6637-6435-4262-b331-363265336136/-/format/webp/photo_53572970444584.jpg.webp	113792	site_content
assets/optim.tildacdn.com/tild6638-3137-4536-b061-396365636265/-/format/webp/photo_53980772950812.jpg.webp	104502	site_content
assets/optim.tildacdn.com/tild6638-3239-4935-b862-333666306437/-/format/webp/photo_53572970444584.jpg.webp	92978	site_content
assets/optim.tildacdn.com/tild6638-3366-4663-a232-313261333339/-/resize/268x/-/format/webp/noroot.png.webp	13728	site_content
assets/optim.tildacdn.com/tild6638-3730-4165-b863-326663336530/-/format/webp/konstantintaranov-43.jpg.webp	15984	site_content
assets/optim.tildacdn.com/tild6638-3730-4165-b863-326663336530/-/resize/360x480/-/format/webp/konstantintaranov-43.jpg.webp	7392	site_content
assets/optim.tildacdn.com/tild6638-6235-4436-a164-646337663663/-/format/webp/_15.png.webp	93316	site_content
assets/optim.tildacdn.com/tild6638-6361-4861-a231-646635333634/-/format/webp/photo_2023-10-30_21-.jpg.webp	56846	site_content
assets/optim.tildacdn.com/tild6638-6361-4861-a231-646635333634/-/resize/700x500/-/format/webp/photo_2023-10-30_21-.jpg.webp	56846	site_content
assets/optim.tildacdn.com/tild6638-6566-4233-b362-373265623061/-/format/webp/sila_mysli_ogrableni.jpg.webp	207883	site_content
assets/optim.tildacdn.com/tild6638-6566-4537-a334-663035333433/-/format/webp/photo_53980772950812.jpg.webp	188951	site_content
assets/optim.tildacdn.com/tild6639-3232-4330-b132-333866666566/-/format/webp/LAT_3415.jpg.webp	233038	site_content
assets/optim.tildacdn.com/tild6639-3232-4330-b132-333866666566/-/resize/400x600/-/format/webp/LAT_3415.jpg.webp	233038	site_content
assets/optim.tildacdn.com/tild6639-3232-4330-b132-333866666566/-/resize/413x/-/format/webp/LAT_3415.jpg.webp	233038	site_content
assets/optim.tildacdn.com/tild6639-3432-4030-b534-653564653565/-/resize/432x/-/format/webp/photo.png.webp	13600	site_content
assets/optim.tildacdn.com/tild6639-3434-4262-a365-376339336161/-/cover/348x430/center/center/-/format/webp/__-2.png.webp	30590	site_content
assets/optim.tildacdn.com/tild6639-3434-4262-a365-376339336161/-/format/webp/__-2.png.webp	156735	site_content
assets/optim.tildacdn.com/tild6639-6562-4030-a239-303339396137/-/resize/360x480/-/format/webp/tempImage12MvYV_1.png.webp	14574	site_content
assets/optim.tildacdn.com/tild6661-3236-4334-a439-366666393761/-/cover/432x432/center/center/-/format/webp/image_2025-03-20_20-.jpg.webp	31718	site_content
assets/optim.tildacdn.com/tild6661-3236-4334-a439-366666393761/-/format/webp/image_2025-03-20_20-.jpg.webp	67927	site_content
assets/optim.tildacdn.com/tild6661-3236-4334-a439-366666393761/-/resize/360x480/-/format/webp/image_2025-03-20_20-.jpg.webp	42644	site_content
assets/optim.tildacdn.com/tild6661-3265-4262-b233-333934653435/-/format/webp/photo_53980772950812.jpg.webp	165692	site_content
assets/optim.tildacdn.com/tild6661-3336-4335-b161-386235383666/-/resize/464x/-/format/webp/IMG_20230619_225922.jpg.webp	28910	site_content
assets/optim.tildacdn.com/tild6661-3732-4566-a461-666632343732/-/format/webp/IMG_5253-2.JPG.webp	85264	site_content
assets/optim.tildacdn.com/tild6661-6162-4566-b036-366334326365/-/format/webp/photo_54360476578361.jpg.webp	171898	site_content
assets/optim.tildacdn.com/tild6661-6232-4234-b631-613862383232/-/cover/385x386/center/center/-/format/webp/__-2.png.webp	6462	site_content
assets/optim.tildacdn.com/tild6661-6232-4234-b631-613862383232/-/format/webp/__-2.png.webp	6462	site_content
assets/optim.tildacdn.com/tild6661-6530-4362-a163-613339313330/-/cover/432x432/center/center/-/format/webp/__.jpg.webp	28082	site_content
assets/optim.tildacdn.com/tild6661-6530-4362-a163-613339313330/-/format/webp/__.jpg.webp	47432	site_content
assets/optim.tildacdn.com/tild6662-3038-4166-a135-623765626238/-/format/webp/photo_54360476578361.jpg.webp	144789	site_content
assets/optim.tildacdn.com/tild6662-3930-4637-a139-353932616465/-/format/webp/photo_53980772950812.jpg.webp	139023	site_content
assets/optim.tildacdn.com/tild6662-6332-4461-b566-373032373638/-/format/webp/photo_53980772950812.jpg.webp	117563	site_content
assets/optim.tildacdn.com/tild6663-3063-4232-b934-626163663833/-/format/webp/image_1.jpg.webp	98044	site_content
assets/optim.tildacdn.com/tild6663-3530-4539-b263-323065386261/-/format/webp/photo_53572970444584.jpg.webp	98914	site_content
assets/optim.tildacdn.com/tild6663-6264-4132-b632-313736373366/-/format/webp/photo_53572970444584.jpg.webp	57241	site_content
assets/optim.tildacdn.com/tild6663-6638-4637-b338-313063663564/-/format/webp/photo_53572970444584.jpg.webp	89306	site_content
assets/optim.tildacdn.com/tild6664-3836-4961-a538-636136363339/-/resize/432x/-/format/webp/_.jpg.webp	17014	site_content
assets/optim.tildacdn.com/tild6664-6161-4235-a565-373762373064/-/format/webp/photo_2023-10-30_21-.jpg.webp	52442	site_content
assets/optim.tildacdn.com/tild6664-6161-4235-a565-373762373064/-/resize/700x500/-/format/webp/photo_2023-10-30_21-.jpg.webp	52442	site_content
assets/optim.tildacdn.com/tild6664-6234-4861-a231-383933336362/-/format/webp/40-__01.jpg.webp	192971	site_content
assets/optim.tildacdn.com/tild6665-3032-4534-b832-316333373862/-/format/webp/_02-2.jpg.webp	153610	site_content
assets/optim.tildacdn.com/tild6665-3135-4836-b336-343630643638/-/format/webp/photo_53980772950812.jpg.webp	188951	site_content
assets/optim.tildacdn.com/tild6665-3263-4464-a530-383536666664/-/format/webp/photo_2024-10-30_14-.jpg.webp	130150	site_content
assets/optim.tildacdn.com/tild6665-3861-4330-b961-306432333434/-/format/webp/photo_53980772950812.jpg.webp	128360	site_content
assets/optim.tildacdn.com/tild6665-6232-4066-b532-616561616363/-/format/webp/image-10-2.jpg.webp	38027	site_content
assets/optim.tildacdn.com/tild6665-6436-4635-b931-393733303262/-/format/webp/bombaquest_hostel_po.jpg.webp	17950	site_content
assets/optim.tildacdn.com/tild6665-6436-4635-b931-393733303262/-/resize/360x480/-/format/webp/bombaquest_hostel_po.jpg.webp	17950	site_content
assets/optim.tildacdn.com/tild6665-6561-4030-a437-666664396165/-/format/webp/photo_53980772950812.jpg.webp	125554	site_content
assets/optim.tildacdn.com/tild6666-3637-4461-a232-313266316431/-/cover/432x432/center/center/-/format/webp/image-4.jpg.webp	25812	site_content
assets/optim.tildacdn.com/tild6666-3637-4461-a232-313266316431/-/cover/720x720/center/center/-/format/webp/image-4.jpg.webp	30018	site_content
assets/optim.tildacdn.com/tild6666-3637-4461-a232-313266316431/-/format/webp/image-4.jpg.webp	30018	site_content
assets/optimized/first-load-2026-08-16/home-card.webp	136076	site_content
assets/optimized/first-load-2026-08-16/home-hero.webp	164860	site_content
assets/optimized/first-load-2026-08-16/kids-birthday.webp	311518	site_content
assets/optimized/first-load-2026-08-16/kids-crowd.webp	107098	site_content
assets/optimized/first-load-2026-08-16/kids-hero.webp	80160	site_content
assets/optimized/first-load-2026-08-16/ono-card.webp	23256	site_content
assets/optimized/first-load-2026-08-16/ono-hero.webp	57060	site_content
assets/q/007e0441ff.webp	13936	site_content
assets/q/00f59e49ff.webp	87898	site_content
assets/q/01585eb2e0.webp	363494	site_content
assets/q/017eb633c4.webp	42468	site_content
assets/q/01bc137daf.webp	286	site_content
assets/q/01c3c993f9.webp	22452	site_content
assets/q/01d236ee4c.webp	70916	site_content
assets/q/01d28b3a0f.webp	104182	site_content
assets/q/01df4a321c.webp	51014	site_content
assets/q/0254d72340.webp	198554	site_content
assets/q/026ab5c33d.webp	37216	site_content
assets/q/028229a807.webp	58728	site_content
assets/q/02b7237f56.webp	53798	site_content
assets/q/02ed8c0c46.webp	24358	site_content
assets/q/035acdb993.webp	29752	site_content
assets/q/037f1c4cfd.webp	60098	site_content
assets/q/04370b1ee3.webp	132300	site_content
assets/q/048b9c68aa.webp	22650	site_content
assets/q/04d24a34db.webp	60214	site_content
assets/q/04d9ca6653.webp	296904	site_content
assets/q/04ec668dde.webp	190580	site_content
assets/q/050196f952.webp	44412	site_content
assets/q/050af7683d.webp	33490	site_content
assets/q/05248571dc.webp	13888	site_content
assets/q/0529ffecf9.webp	104374	site_content
assets/q/054df6dabe.webp	342	site_content
assets/q/0579d3acf6.webp	103288	site_content
assets/q/05ac17afde.webp	13662	site_content
assets/q/05cc9d9e3f.webp	62692	site_content
assets/q/06018783b1.webp	62282	site_content
assets/q/0643f227e4.webp	22608	site_content
assets/q/065ebd7e6c.webp	44296	site_content
assets/q/06e7b48331.webp	342	site_content
assets/q/074188b3c7.webp	49440	site_content
assets/q/074c820ea9.webp	92648	site_content
assets/q/077e819ab0.webp	82430	site_content
assets/q/07e434f09f.webp	7844	site_content
assets/q/081a83c939.webp	138032	site_content
assets/q/08b54384a5.webp	6654	site_content
assets/q/08c2f442ff.webp	55846	site_content
assets/q/08f7158e8d.webp	126822	site_content
assets/q/094cc78542.webp	72964	site_content
assets/q/0982336d3f.webp	14100	site_content
assets/q/09a9e69afb.webp	128340	site_content
assets/q/09ce37a887.webp	62684	site_content
assets/q/0a62087ac4.webp	29312	site_content
assets/q/0aa235499d.webp	342	site_content
assets/q/0ab1796eab.webp	36616	site_content
assets/q/0ac10f051c.webp	61748	site_content
assets/q/0ae4e5dcb9.webp	53848	site_content
assets/q/0af36c373c.webp	344	site_content
assets/q/0c14ec550d.webp	97848	site_content
assets/q/0c6e2c1afd.webp	55630	site_content
assets/q/0cbaa8aa0f.webp	20760	site_content
assets/q/0cec6775d8.webp	42910	site_content
assets/q/0d15bc7e16.webp	77082	site_content
assets/q/0da1f1a74e.webp	188	site_content
assets/q/0dcafce563.webp	43126	site_content
assets/q/0e1551f907.webp	43246	site_content
assets/q/0e4fe21511.webp	342	site_content
assets/q/0ee1a2fa20.webp	6716	site_content
assets/q/0ee46f0cdd.webp	127874	site_content
assets/q/0f4ada2ce2.webp	30354	site_content
assets/q/0f817fecaf.webp	36892	site_content
assets/q/100340baf9.webp	17274	site_content
assets/q/100d41f2e5.webp	46988	site_content
assets/q/104b0f089e.webp	40496	site_content
assets/q/10518340b1.webp	55650	site_content
assets/q/109e58f535.webp	52434	site_content
assets/q/10b6b4b923.webp	306934	site_content
assets/q/112e7404d8.webp	114514	site_content
assets/q/116403de03.webp	62870	site_content
assets/q/11abe7c1ad.webp	15918	site_content
assets/q/11b5692783.webp	49592	site_content
assets/q/11f413afe7.webp	33678	site_content
assets/q/12c397675d.webp	110	site_content
assets/q/12f156c53d.webp	130890	site_content
assets/q/1337631158.webp	282	site_content
assets/q/139275d651.webp	194	site_content
assets/q/13b64a861d.webp	200	site_content
assets/q/13b87c7bad.webp	184902	site_content
assets/q/13c2152940.webp	31670	site_content
assets/q/1402809bb7.webp	75860	site_content
assets/q/1415badb97.webp	126166	site_content
assets/q/14174d59b9.webp	45362	site_content
assets/q/14a28ff293.webp	125728	site_content
assets/q/14ebf68553.webp	219246	site_content
assets/q/14ff5a9617.webp	342	site_content
assets/q/151cf511c4.webp	114690	site_content
assets/q/1554253344.webp	131700	site_content
assets/q/156b8e14e6.webp	25628	site_content
assets/q/1586134e3d.webp	224896	site_content
assets/q/15a44f9b19.webp	128340	site_content
assets/q/1645a1c206.webp	50614	site_content
assets/q/16557413bc.webp	70482	site_content
assets/q/16776e497a.webp	127874	site_content
assets/q/16f1367107.webp	32744	site_content
assets/q/17543bb600.webp	68138	site_content
assets/q/17707c23cf.webp	56468	site_content
assets/q/1771b62f23.webp	55212	site_content
assets/q/17a084a90b.webp	112504	site_content
assets/q/17a828c72f.webp	126166	site_content
assets/q/17c8aa6bdb.webp	25196	site_content
assets/q/1848a71c29.webp	318770	site_content
assets/q/187b1849a4.webp	63256	site_content
assets/q/18cacdce60.webp	134854	site_content
assets/q/1905fe1655.webp	127874	site_content
assets/q/192fafd68a.webp	328	site_content
assets/q/1934f45c75.webp	134712	site_content
assets/q/1941bab05c.webp	75148	site_content
assets/q/194bd60d83.webp	57532	site_content
assets/q/19c307077e.webp	113976	site_content
assets/q/1a3394a5f3.webp	127874	site_content
assets/q/1a90d16bfe.webp	27202	site_content
assets/q/1aed1de355.webp	35828	site_content
assets/q/1b12a78689.webp	16280	site_content
assets/q/1b2315735c.webp	129648	site_content
assets/q/1b6018fe83.webp	328	site_content
assets/q/1c0c37fc41.webp	129802	site_content
assets/q/1c252f4f24.webp	252510	site_content
assets/q/1cca87c8ee.webp	83346	site_content
assets/q/1cf6f9aea4.webp	49454	site_content
assets/q/1da62ae1a7.webp	116816	site_content
assets/q/1da6a994df.webp	120922	site_content
assets/q/1de9a73029.webp	50394	site_content
assets/q/1decc15420.webp	100966	site_content
assets/q/1deeeb06e8.webp	88206	site_content
assets/q/1e1765bf4c.webp	14474	site_content
assets/q/1e18ba50ba.webp	38854	site_content
assets/q/1e210f2ce6.webp	66770	site_content
assets/q/1e3a464765.webp	25318	site_content
assets/q/1e3be0025b.webp	54246	site_content
assets/q/1e958119ed.webp	184040	site_content
assets/q/1ec3aacd72.webp	36220	site_content
assets/q/1eda683fe4.webp	105056	site_content
assets/q/1f2f40f60d.webp	136856	site_content
assets/q/1f4dea8736.webp	31788	site_content
assets/q/1f5120f76e.webp	69162	site_content
assets/q/1f59c6fa34.webp	64810	site_content
assets/q/1f5b1c5d40.webp	126166	site_content
assets/q/1f871d863f.webp	342	site_content
assets/q/1faee20ca4.webp	41430	site_content
assets/q/1fbc4f0d09.webp	363494	site_content
assets/q/1fe1130054.webp	172	site_content
assets/q/1ffb0a5c31.webp	27690	site_content
assets/q/200fa78b7f.webp	105976	site_content
assets/q/2019d89462.webp	18528	site_content
assets/q/20cd23b3c4.webp	53428	site_content
assets/q/2112f3f046.webp	56728	site_content
assets/q/217e51e4c4.webp	40248	site_content
assets/q/220fdd1cd4.webp	52620	site_content
assets/q/227fefb580.webp	138882	site_content
assets/q/22ab0a737a.webp	25264	site_content
assets/q/22fdf8ed44.webp	33744	site_content
assets/q/233ae2d249.webp	40800	site_content
assets/q/238cfe1aa5.webp	99840	site_content
assets/q/23fd611f3e.webp	44740	site_content
assets/q/24427f8af9.webp	92188	site_content
assets/q/248212e886.webp	115876	site_content
assets/q/24f8a5866a.webp	326	site_content
assets/q/25027ab56f.webp	39874	site_content
assets/q/2509bcc2fb.webp	105702	site_content
assets/q/2515b05f07.webp	38044	site_content
assets/q/254959e80f.webp	51666	site_content
assets/q/2594e8aaf9.webp	84220	site_content
assets/q/260af0bfc9.webp	218946	site_content
assets/q/2630cd6ddc.webp	34002	site_content
assets/q/26cbe32bef.webp	80254	site_content
assets/q/26f254e0b0.webp	29236	site_content
assets/q/277544ba89.webp	166	site_content
assets/q/27f23769c1.webp	57604	site_content
assets/q/28128f306c.webp	128340	site_content
assets/q/284e072514.webp	59552	site_content
assets/q/287565a19a.webp	37706	site_content
assets/q/28899960bd.webp	63256	site_content
assets/q/28b471a99d.webp	22066	site_content
assets/q/28eae25382.webp	46446	site_content
assets/q/292017a2b1.webp	164260	site_content
assets/q/293de51415.webp	7034	site_content
assets/q/2950393a90.webp	10594	site_content
assets/q/29a797edf4.webp	38596	site_content
assets/q/29bd21e5cf.webp	47460	site_content
assets/q/29d8acde3d.webp	94122	site_content
assets/q/2a4a4ec607.webp	27358	site_content
assets/q/2a5593de7f.webp	44996	site_content
assets/q/2a616abf7f.webp	150086	site_content
assets/q/2ac0ffdfb6.webp	63964	site_content
assets/q/2ad0840058.webp	149422	site_content
assets/q/2ad1b676c1.webp	46652	site_content
assets/q/2b0dd18c33.webp	127874	site_content
assets/q/2b1750d918.webp	355856	site_content
assets/q/2b32ab026e.webp	54816	site_content
assets/q/2b9e628760.webp	50614	site_content
assets/q/2ba9f3e085.webp	296904	site_content
assets/q/2c0d9c66da.webp	315656	site_content
assets/q/2c117e93ce.webp	49988	site_content
assets/q/2c24a88c1f.webp	59462	site_content
assets/q/2c523a7d1c.webp	134544	site_content
assets/q/2c833cd538.webp	49698	site_content
assets/q/2cf415cd09.webp	206894	site_content
assets/q/2d8d4b70f4.webp	62098	site_content
assets/q/2dc9aae448.webp	126166	site_content
assets/q/2e0719b23f.webp	93244	site_content
assets/q/2e2e0f70d0.webp	60664	site_content
assets/q/2f22ff063b.webp	48064	site_content
assets/q/2fd07df71b.webp	41206	site_content
assets/q/2fd4cbb580.webp	8028	site_content
assets/q/2fdd56c613.webp	71608	site_content
assets/q/2ff4194909.webp	39438	site_content
assets/q/300565b5c5.webp	20604	site_content
assets/q/300975d648.webp	308	site_content
assets/q/30690d698c.webp	39848	site_content
assets/q/3073a6cbfd.webp	230990	site_content
assets/q/30db4b4924.webp	131616	site_content
assets/q/310de70bbe.webp	52030	site_content
assets/q/313b06ffde.webp	29838	site_content
assets/q/3187e09a05.webp	338	site_content
assets/q/31acc447ea.webp	31872	site_content
assets/q/3237ed8ab0.webp	200	site_content
assets/q/324eac3048.webp	126166	site_content
assets/q/327e55e11a.webp	125694	site_content
assets/q/32f6298b41.webp	17374	site_content
assets/q/333d595454.webp	16680	site_content
assets/q/33ca2be0fd.webp	39950	site_content
assets/q/346b76e32d.webp	29706	site_content
assets/q/34833b6430.webp	54282	site_content
assets/q/3496a2bb17.webp	88580	site_content
assets/q/34978fb7e4.webp	14550	site_content
assets/q/34bd71801f.webp	74216	site_content
assets/q/350ba9c163.webp	347496	site_content
assets/q/354229399c.webp	334	site_content
assets/q/3582b590d6.webp	126822	site_content
assets/q/35c7ea1f49.webp	30684	site_content
assets/q/36b2a7738a.webp	34770	site_content
assets/q/36df4d4d68.webp	49412	site_content
assets/q/37485b9bef.webp	376	site_content
assets/q/378adc810b.webp	53246	site_content
assets/q/379b4507df.webp	159848	site_content
assets/q/3829fe09d0.webp	20950	site_content
assets/q/3838632926.webp	11684	site_content
assets/q/383cc5d079.webp	259600	site_content
assets/q/387858b052.webp	75918	site_content
assets/q/3890e9f17e.webp	221754	site_content
assets/q/38a08cbaac.webp	97104	site_content
assets/q/38bed9b9fc.webp	172	site_content
assets/q/39873e35ec.webp	22166	site_content
assets/q/3992824e44.webp	127874	site_content
assets/q/39ade526d8.webp	23600	site_content
assets/q/39c50c7773.webp	90044	site_content
assets/q/39f0aac6d1.webp	20950	site_content
assets/q/39fce58195.webp	10034	site_content
assets/q/3a0d767dbb.webp	101874	site_content
assets/q/3a4b73c10c.webp	38444	site_content
assets/q/3ac267b243.webp	80426	site_content
assets/q/3acdf4d1a5.webp	6902	site_content
assets/q/3b21f6976e.webp	41684	site_content
assets/q/3b4d7d17c8.webp	263944	site_content
assets/q/3b52dfaa43.webp	62842	site_content
assets/q/3b68397081.webp	112824	site_content
assets/q/3b7367e1b5.webp	304	site_content
assets/q/3bcc7f75f3.webp	23628	site_content
assets/q/3c4e412e6c.webp	36220	site_content
assets/q/3c74ec40bc.webp	11494	site_content
assets/q/3c809bf4b2.webp	37766	site_content
assets/q/3cacbe038a.webp	37292	site_content
assets/q/3caf34a9ab.webp	73422	site_content
assets/q/3dac1eeb5d.webp	71068	site_content
assets/q/3dd20e9b3c.webp	29824	site_content
assets/q/3df9269ec6.webp	25318	site_content
assets/q/3e095c90bf.webp	98670	site_content
assets/q/3e2c57a235.webp	79200	site_content
assets/q/3e3f4ce635.webp	104110	site_content
assets/q/3eb5be5f5b.webp	62722	site_content
assets/q/3fd1d192cf.webp	19190	site_content
assets/q/3ffc2e33e9.webp	47096	site_content
assets/q/402f8cddae.webp	58750	site_content
assets/q/402fb44de6.webp	58538	site_content
assets/q/403c8c8e3d.webp	136272	site_content
assets/q/4067e0cef7.webp	14406	site_content
assets/q/40b9b2eb4d.webp	93668	site_content
assets/q/4186ff20e9.webp	127874	site_content
assets/q/41ec0496c8.webp	58100	site_content
assets/q/4209b1927e.webp	134854	site_content
assets/q/423b0004f8.webp	107026	site_content
assets/q/4246a3a5f3.webp	3200	site_content
assets/q/433178d614.webp	140298	site_content
assets/q/4331e5f193.webp	43444	site_content
assets/q/4357b024f1.webp	16654	site_content
assets/q/43600add1f.webp	45860	site_content
assets/q/43f63bdc6b.webp	141888	site_content
assets/q/4413d1cfef.webp	148482	site_content
assets/q/445a91c3dc.webp	136244	site_content
assets/q/451d04fd45.webp	64940	site_content
assets/q/455ba51508.webp	212	site_content
assets/q/4583af93a2.webp	74470	site_content
assets/q/45ce2a8736.webp	66784	site_content
assets/q/45fe7eafa9.webp	126822	site_content
assets/q/4612501ef3.webp	193782	site_content
assets/q/461a567494.webp	25884	site_content
assets/q/463a67b53a.webp	25452	site_content
assets/q/4650b434c8.webp	110	site_content
assets/q/4670d4924b.webp	208476	site_content
assets/q/46869c19ed.webp	20882	site_content
assets/q/468eddec4b.webp	27190	site_content
assets/q/46aea3c115.webp	31106	site_content
assets/q/46ff0b281c.webp	218946	site_content
assets/q/4737584c56.webp	128340	site_content
assets/q/4762a546fb.webp	127874	site_content
assets/q/4782464ded.webp	12282	site_content
assets/q/47b8ceb50a.webp	13202	site_content
assets/q/47b9093604.webp	32712	site_content
assets/q/485b71ae92.webp	63822	site_content
assets/q/486249ea76.webp	274	site_content
assets/q/48a6b3ddf4.webp	46214	site_content
assets/q/492c693f9e.webp	2702	site_content
assets/q/493659b503.webp	134854	site_content
assets/q/4947491c6c.webp	32852	site_content
assets/q/494f0a2c86.webp	27558	site_content
assets/q/4956951ff8.webp	67166	site_content
assets/q/495fd4fa92.webp	107044	site_content
assets/q/496077b2c3.webp	46746	site_content
assets/q/497a81b981.webp	342	site_content
assets/q/497db38f15.webp	21428	site_content
assets/q/49c89d19a6.webp	158574	site_content
assets/q/49e6835ed7.webp	54412	site_content
assets/q/4a9d95e6ec.webp	102228	site_content
assets/q/4b1c36e8bc.webp	14550	site_content
assets/q/4b22eea481.webp	89552	site_content
assets/q/4b3fa85ed4.webp	126166	site_content
assets/q/4b6f9840dd.webp	46092	site_content
assets/q/4c1fff409b.webp	7218	site_content
assets/q/4c28f4b55f.webp	58728	site_content
assets/q/4c5d547d99.webp	184	site_content
assets/q/4c790e82ad.webp	40496	site_content
assets/q/4c87974669.webp	34164	site_content
assets/q/4c9e377a60.webp	88870	site_content
assets/q/4cad0c0d55.webp	62870	site_content
assets/q/4d0febb455.webp	24880	site_content
assets/q/4d2937e385.webp	46652	site_content
assets/q/4d3bf53c43.webp	18136	site_content
assets/q/4db653ec56.webp	10428	site_content
assets/q/4dd0b8584b.webp	103472	site_content
assets/q/4df1fef85d.webp	342	site_content
assets/q/4e0081e876.webp	34706	site_content
assets/q/4eada886c6.webp	160540	site_content
assets/q/4ec0e4a309.webp	65918	site_content
assets/q/4f5efe8e95.webp	70286	site_content
assets/q/4f8430feab.webp	6922	site_content
assets/q/4fb7b13b5c.webp	772	site_content
assets/q/50376564df.webp	200	site_content
assets/q/50aadfb94e.webp	46092	site_content
assets/q/50b21a46b0.webp	25514	site_content
assets/q/50e895025b.webp	128332	site_content
assets/q/5122863d92.webp	184902	site_content
assets/q/514b12f9e3.webp	369508	site_content
assets/q/515803b0a2.webp	27752	site_content
assets/q/51690ff31e.webp	164530	site_content
assets/q/51c67323e2.webp	15352	site_content
assets/q/51d0d85f2f.webp	27032	site_content
assets/q/520f92d5d7.webp	63586	site_content
assets/q/52109b1c11.webp	99462	site_content
assets/q/527d70a54a.webp	278	site_content
assets/q/52930297ec.webp	245606	site_content
assets/q/52ada3e460.webp	78062	site_content
assets/q/52d93d1940.webp	30202	site_content
assets/q/52f6289aee.webp	117314	site_content
assets/q/531985fad0.webp	125728	site_content
assets/q/537fa9de99.webp	134854	site_content
assets/q/5383e8c3bb.webp	52216	site_content
assets/q/53c847a5f5.webp	74434	site_content
assets/q/53f044b454.webp	128340	site_content
assets/q/540d3d6c61.webp	126822	site_content
assets/q/541abd14c7.webp	93708	site_content
assets/q/541b045068.webp	52434	site_content
assets/q/541c4ebe13.webp	96250	site_content
assets/q/546f3d506b.webp	23292	site_content
assets/q/54d336e836.webp	19548	site_content
assets/q/54ecb80ef6.webp	405502	site_content
assets/q/55203fec5b.webp	58796	site_content
assets/q/5587b4bf9b.webp	38596	site_content
assets/q/568a4ed197.webp	153538	site_content
assets/q/56f36d824a.webp	68204	site_content
assets/q/572837bf49.webp	85466	site_content
assets/q/574774e576.webp	84464	site_content
assets/q/57bcd0ec97.webp	88870	site_content
assets/q/585ecd3ce9.webp	41752	site_content
assets/q/58e53e7022.webp	80112	site_content
assets/q/58ec5aea47.webp	79068	site_content
assets/q/599007438f.webp	126822	site_content
assets/q/5a07364ee4.webp	53400	site_content
assets/q/5a19b7ae87.webp	172	site_content
assets/q/5a1f0ad62a.webp	134854	site_content
assets/q/5a2aee2ffd.webp	223698	site_content
assets/q/5a83be0b23.webp	142368	site_content
assets/q/5b802e5d98.webp	114674	site_content
assets/q/5c07802198.webp	61802	site_content
assets/q/5c1b73b72a.webp	225352	site_content
assets/q/5ca7c16a67.webp	97104	site_content
assets/q/5cc175e84b.webp	282	site_content
assets/q/5d10083134.webp	47210	site_content
assets/q/5d7a6a2736.webp	32206	site_content
assets/q/5da2bf4051.webp	126822	site_content
assets/q/5db46846ba.webp	245086	site_content
assets/q/5dd1d9337f.webp	280296	site_content
assets/q/5ddb7b2bde.webp	52526	site_content
assets/q/5e1b953dd3.webp	11056	site_content
assets/q/5e881f14ae.webp	52258	site_content
assets/q/5ecc8abbca.webp	101448	site_content
assets/q/611ee985a3.webp	70538	site_content
assets/q/6175a4b0d8.webp	58094	site_content
assets/q/619040bca4.webp	177868	site_content
assets/q/61f677a877.webp	85466	site_content
assets/q/6238deb94b.webp	34002	site_content
assets/q/6278348fca.webp	136740	site_content
assets/q/634320a172.webp	154448	site_content
assets/q/6380d98d8f.webp	294	site_content
assets/q/63a5f09dd0.webp	198	site_content
assets/q/63ee98a221.webp	231450	site_content
assets/q/6421e53e76.webp	55650	site_content
assets/q/6451e7e33c.webp	53576	site_content
assets/q/64c716a4f1.webp	126166	site_content
assets/q/6520eb94b0.webp	18810	site_content
assets/q/652e68cf3e.webp	97104	site_content
assets/q/6567804f44.webp	20118	site_content
assets/q/65a864dcb1.webp	68138	site_content
assets/q/65c2b4738b.webp	52030	site_content
assets/q/65ea1782eb.webp	24868	site_content
assets/q/65fc512a3f.webp	90070	site_content
assets/q/65ffcc6ee8.webp	304	site_content
assets/q/665ca95ad5.webp	256810	site_content
assets/q/667202655a.webp	16722	site_content
assets/q/66dbe30a34.webp	95224	site_content
assets/q/66fc616b95.webp	59152	site_content
assets/q/671ccc0b14.webp	63666	site_content
assets/q/67c0d8830b.webp	256810	site_content
assets/q/67e44eb0a1.webp	167068	site_content
assets/q/6804199387.webp	384	site_content
assets/q/68105599b1.webp	11682	site_content
assets/q/68718ce55a.webp	115880	site_content
assets/q/687bf919a9.webp	52620	site_content
assets/q/68cb6adf32.webp	42104	site_content
assets/q/69a0eee50d.webp	97104	site_content
assets/q/6a618892cb.webp	101236	site_content
assets/q/6a6192a57f.webp	34854	site_content
assets/q/6b26f0f76e.webp	128340	site_content
assets/q/6b76a9943e.webp	24948	site_content
assets/q/6bc8600610.webp	62870	site_content
assets/q/6bef6e27d4.webp	69284	site_content
assets/q/6cac8a6ff5.webp	6924	site_content
assets/q/6ccd620888.webp	134854	site_content
assets/q/6cf83941ff.webp	68780	site_content
assets/q/6d65f701e2.webp	73412	site_content
assets/q/6d6927d3f2.webp	236	site_content
assets/q/6e5f76d445.webp	36888	site_content
assets/q/6ed1bdd692.webp	43986	site_content
assets/q/6ef3412bf3.webp	91254	site_content
assets/q/6f0d8572e7.webp	114674	site_content
assets/q/6fcaee6e6f.webp	63256	site_content
assets/q/6fe365b107.webp	25064	site_content
assets/q/70bc2f9967.webp	63586	site_content
assets/q/70d009d8af.webp	280296	site_content
assets/q/70d2283638.webp	98	site_content
assets/q/70ecaf4865.webp	125130	site_content
assets/q/7126915c41.webp	37912	site_content
assets/q/712e375064.webp	100742	site_content
assets/q/7134ac0aa9.webp	64794	site_content
assets/q/71672a1294.webp	109376	site_content
assets/q/71b7e07498.webp	134854	site_content
assets/q/71d71b9ac0.webp	290824	site_content
assets/q/725cdc5ea8.webp	32956	site_content
assets/q/727ce155c2.webp	38826	site_content
assets/q/72bcc72d89.webp	55346	site_content
assets/q/72d411e4c7.webp	290824	site_content
assets/q/72df22f2e1.webp	52110	site_content
assets/q/72fbf6eaaa.webp	22408	site_content
assets/q/733a67263c.webp	57204	site_content
assets/q/7377289481.webp	6724	site_content
assets/q/73b4d26015.webp	17374	site_content
assets/q/73e4e85480.webp	185456	site_content
assets/q/73e93cdf0e.webp	82	site_content
assets/q/7555837025.webp	69852	site_content
assets/q/75f45ec15e.webp	772	site_content
assets/q/75fd92014a.webp	112084	site_content
assets/q/761e33a998.webp	96758	site_content
assets/q/762318608b.webp	216	site_content
assets/q/763bfa76f5.webp	134854	site_content
assets/q/764862d04e.webp	14474	site_content
assets/q/7652fac8ce.webp	72630	site_content
assets/q/7689e0ca0f.webp	234	site_content
assets/q/76f26d3dcc.webp	126166	site_content
assets/q/77081e8355.webp	29392	site_content
assets/q/772c297028.webp	62722	site_content
assets/q/77376e5e07.webp	342	site_content
assets/q/777431ad5b.webp	342	site_content
assets/q/77cc50072d.webp	128340	site_content
assets/q/77ce9cae39.webp	131084	site_content
assets/q/783264d1b4.webp	178	site_content
assets/q/783c8d0946.webp	65270	site_content
assets/q/785fc98d47.webp	73014	site_content
assets/q/789ed91e1f.webp	79124	site_content
assets/q/78d1b904bf.webp	97806	site_content
assets/q/791d94e2ec.webp	55926	site_content
assets/q/7a25d3e8c9.webp	127874	site_content
assets/q/7a2f49dedb.webp	218744	site_content
assets/q/7a3b499788.webp	30328	site_content
assets/q/7a8e4548c2.webp	90058	site_content
assets/q/7af36aa038.webp	127874	site_content
assets/q/7b1a170374.webp	151472	site_content
assets/q/7ba7e6b7e9.webp	97468	site_content
assets/q/7bb867c371.webp	9912	site_content
assets/q/7c01666661.webp	38548	site_content
assets/q/7c05392bc8.webp	31316	site_content
assets/q/7c2d6fd175.webp	56954	site_content
assets/q/7ca24718c3.webp	36888	site_content
assets/q/7cb8106511.webp	312	site_content
assets/q/7cbe390ff6.webp	134540	site_content
assets/q/7cdb598107.webp	9212	site_content
assets/q/7cf505dc71.webp	10022	site_content
assets/q/7d00bd58e9.webp	116012	site_content
assets/q/7d1bb1e209.webp	26530	site_content
assets/q/7d873f5c70.webp	41684	site_content
assets/q/7d8a42ccb7.webp	174	site_content
assets/q/7d972e47c9.webp	42910	site_content
assets/q/7e6b2dde60.webp	33934	site_content
assets/q/7e87b065ed.webp	318770	site_content
assets/q/7e9a1e0a92.webp	101338	site_content
assets/q/7eba8c62f8.webp	25344	site_content
assets/q/7eeb31f809.webp	192334	site_content
assets/q/7f0e3efa5d.webp	35066	site_content
assets/q/7f1a4a0b91.webp	127344	site_content
assets/q/7f30fa4ea5.webp	163102	site_content
assets/q/7f9fe68e6b.webp	172	site_content
assets/q/7fbf5bf4cb.webp	45212	site_content
assets/q/7fd6dabbe7.webp	177264	site_content
assets/q/7fddb7af53.webp	3320	site_content
assets/q/80c181cfa3.webp	28046	site_content
assets/q/80d439303c.webp	28852	site_content
assets/q/81459802fe.webp	31740	site_content
assets/q/81919ce8f8.webp	78382	site_content
assets/q/8195f29d51.webp	172	site_content
assets/q/81d5167d04.webp	297318	site_content
assets/q/82659a668a.webp	82912	site_content
assets/q/832df3dc57.webp	143160	site_content
assets/q/833ac838ee.webp	55206	site_content
assets/q/83db4ae2f4.webp	89552	site_content
assets/q/84fcdae22d.webp	38320	site_content
assets/q/85303dae66.webp	49070	site_content
assets/q/85a7dda357.webp	39888	site_content
assets/q/85ea3e16c6.webp	378	site_content
assets/q/864a6d4864.webp	108038	site_content
assets/q/864d2be9da.webp	147988	site_content
assets/q/869b04fbdb.webp	93708	site_content
assets/q/86f1156fce.webp	44246	site_content
assets/q/887dcb05d7.webp	342	site_content
assets/q/887f5cc2af.webp	46228	site_content
assets/q/888b03e531.webp	88870	site_content
assets/q/893ed4b2b8.webp	48890	site_content
assets/q/896e922dbd.webp	164530	site_content
assets/q/8979e2a7e4.webp	186528	site_content
assets/q/897cd08f6b.webp	48326	site_content
assets/q/899f48bed7.webp	306934	site_content
assets/q/89fb923deb.webp	20530	site_content
assets/q/8a21be8d0d.webp	88688	site_content
assets/q/8a5eecd29d.webp	34508	site_content
assets/q/8aebbdf8be.webp	147444	site_content
assets/q/8b1bfa3c23.webp	224	site_content
assets/q/8b228fe6f4.webp	156064	site_content
assets/q/8b25cfd904.webp	8248	site_content
assets/q/8b3ca26e43.webp	172	site_content
assets/q/8c42013e69.webp	127874	site_content
assets/q/8c8d4cea2b.webp	23530	site_content
assets/q/8cd81c4bba.webp	88870	site_content
assets/q/8cdcaa2151.webp	74858	site_content
assets/q/8d0098b4c7.webp	171712	site_content
assets/q/8d2d9ca071.webp	97104	site_content
assets/q/8d2fd42a43.webp	20266	site_content
assets/q/8e435ab0fa.webp	169056	site_content
assets/q/8e7fdf826e.webp	146424	site_content
assets/q/8e82f77fb1.webp	93078	site_content
assets/q/8eb59b5182.webp	102346	site_content
assets/q/8fd29fe9f0.webp	48752	site_content
assets/q/8fd85f01eb.webp	37216	site_content
assets/q/9065c729c8.webp	55012	site_content
assets/q/90ddef2f86.webp	57290	site_content
assets/q/913d7e6ab8.webp	46446	site_content
assets/q/91986a2e92.webp	150438	site_content
assets/q/91ee9b0129.webp	134854	site_content
assets/q/921838af34.webp	300604	site_content
assets/q/9225f40989.webp	79124	site_content
assets/q/924dddb561.webp	103352	site_content
assets/q/9254095473.webp	30084	site_content
assets/q/9271a526ca.webp	31956	site_content
assets/q/92b0548533.webp	245086	site_content
assets/q/93311e7e6e.webp	17412	site_content
assets/q/93324fc214.webp	111352	site_content
assets/q/9357da7ab1.webp	101874	site_content
assets/q/940557c291.webp	42438	site_content
assets/q/940af1cadd.webp	129802	site_content
assets/q/949fbc7745.webp	272910	site_content
assets/q/94bc308b0f.webp	10316	site_content
assets/q/94ce7aa682.webp	29416	site_content
assets/q/950ca151f1.webp	6886	site_content
assets/q/9536c2438b.webp	18428	site_content
assets/q/955f82b378.webp	141866	site_content
assets/q/957f4d5cd5.webp	342	site_content
assets/q/95a73bbffe.webp	126166	site_content
assets/q/95f3e1349e.webp	59552	site_content
assets/q/96302b2fe2.webp	88206	site_content
assets/q/963f7a3c9d.webp	40492	site_content
assets/q/9687017be8.webp	127874	site_content
assets/q/96bb30f67a.webp	86198	site_content
assets/q/96ce4b4418.webp	182794	site_content
assets/q/9722b7f623.webp	60572	site_content
assets/q/97f849adc9.webp	126344	site_content
assets/q/980e5ac05d.webp	75426	site_content
assets/q/9832d0359b.webp	267940	site_content
assets/q/98628c462c.webp	7596	site_content
assets/q/9897bddc95.webp	69852	site_content
assets/q/989e0fdafe.webp	61318	site_content
assets/q/98d30797d9.webp	65110	site_content
assets/q/98de453c47.webp	272910	site_content
assets/q/98eaa72c3f.webp	34508	site_content
assets/q/99194e85a8.webp	172	site_content
assets/q/99c1ff649e.webp	114	site_content
assets/q/99d1942b4a.webp	23182	site_content
assets/q/9a247bd669.webp	226270	site_content
assets/q/9a622d36a9.webp	144	site_content
assets/q/9b304e2814.webp	135856	site_content
assets/q/9b337519e9.webp	6774	site_content
assets/q/9b651ad1c6.webp	36998	site_content
assets/q/9b6fa5773e.webp	369508	site_content
assets/q/9b6fb62e4e.webp	172	site_content
assets/q/9b7af34de9.webp	60054	site_content
assets/q/9b7c5ec77b.webp	288386	site_content
assets/q/9b89bc84b8.webp	60058	site_content
assets/q/9be43dc279.webp	30142	site_content
assets/q/9c67b27f1b.webp	45666	site_content
assets/q/9d0a1feaa8.webp	105976	site_content
assets/q/9df033f00f.webp	69208	site_content
assets/q/9df44e4b30.webp	8972	site_content
assets/q/9e2162c7b0.webp	66348	site_content
assets/q/9e5e47edc5.webp	77088	site_content
assets/q/9e9ebe515b.webp	42576	site_content
assets/q/9eef1bd420.webp	258564	site_content
assets/q/9ef19edcf2.webp	58750	site_content
assets/q/9f2079603b.webp	44416	site_content
assets/q/9f221c0dcf.webp	15384	site_content
assets/q/9f46ee67f3.webp	24358	site_content
assets/q/a014b97178.webp	40186	site_content
assets/q/a057d0823c.webp	246	site_content
assets/q/a0649ec6d2.webp	22614	site_content
assets/q/a07e901efe.webp	51540	site_content
assets/q/a193516101.webp	172	site_content
assets/q/a253e420c7.webp	4598	site_content
assets/q/a2b65cfa3b.webp	114588	site_content
assets/q/a2f67f21e1.webp	102	site_content
assets/q/a360040221.webp	33038	site_content
assets/q/a3af38220b.webp	105786	site_content
assets/q/a3afbe3483.webp	101166	site_content
assets/q/a3cc555e14.webp	86436	site_content
assets/q/a403dc9f63.webp	113138	site_content
assets/q/a431a45005.webp	100742	site_content
assets/q/a439233a9b.webp	134854	site_content
assets/q/a450087eb5.webp	101782	site_content
assets/q/a4a3239454.webp	134854	site_content
assets/q/a4c335d8e8.webp	61180	site_content
assets/q/a52335e169.webp	32412	site_content
assets/q/a5a012e87b.webp	21206	site_content
assets/q/a5aef5d885.webp	73746	site_content
assets/q/a6277b4d3b.webp	6818	site_content
assets/q/a63a6f0fa5.webp	7264	site_content
assets/q/a650553b57.webp	125130	site_content
assets/q/a76c9a23cd.webp	18812	site_content
assets/q/a78a840630.webp	51620	site_content
assets/q/a7927ad0b7.webp	156294	site_content
assets/q/a7b883ddae.webp	51138	site_content
assets/q/a7b9b10f11.webp	56284	site_content
assets/q/a8ed67e25d.webp	40982	site_content
assets/q/a97788581b.webp	26338	site_content
assets/q/a999255c4b.webp	39292	site_content
assets/q/a9aa910814.webp	26164	site_content
assets/q/a9ddf03aa3.webp	6964	site_content
assets/q/a9fa14937e.webp	58742	site_content
assets/q/aa0e2a25a3.webp	18458	site_content
assets/q/aa726c20c0.webp	126822	site_content
assets/q/aa88f8ca34.webp	85466	site_content
assets/q/aa916240ee.webp	107044	site_content
assets/q/ab08128f47.webp	5234	site_content
assets/q/ab66edc45f.webp	36184	site_content
assets/q/ab71a7cd83.webp	11436	site_content
assets/q/abacf2edc6.webp	67486	site_content
assets/q/abb318ccb1.webp	13802	site_content
assets/q/abcd43fd96.webp	143604	site_content
assets/q/abd7f0bdbc.webp	63416	site_content
assets/q/abeab588dc.webp	134854	site_content
assets/q/ac07d36356.webp	234	site_content
assets/q/ac5fa6a7a3.webp	58912	site_content
assets/q/aca825e9aa.webp	134854	site_content
assets/q/acbde84e3f.webp	338	site_content
assets/q/ad1c037833.webp	31776	site_content
assets/q/ad81063985.webp	63994	site_content
assets/q/ad8571ad26.webp	210	site_content
assets/q/ad90d54c50.webp	56054	site_content
assets/q/ada8064f7b.webp	83426	site_content
assets/q/adbdbc46fa.webp	40360	site_content
assets/q/ae4a8be8aa.webp	37612	site_content
assets/q/ae535466ca.webp	172	site_content
assets/q/aeaa9b1aaa.webp	97104	site_content
assets/q/aef2b3bcd2.webp	42644	site_content
assets/q/af65197def.webp	31354	site_content
assets/q/af6560be49.webp	64554	site_content
assets/q/afb8484a6d.webp	128340	site_content
assets/q/afe6d3de7b.webp	40414	site_content
assets/q/b032f01758.webp	9948	site_content
assets/q/b0a1139957.webp	52290	site_content
assets/q/b0a3df2fa9.webp	129482	site_content
assets/q/b10b71e115.webp	40982	site_content
assets/q/b13b68ec3d.webp	35216	site_content
assets/q/b16dca9e0d.webp	47906	site_content
assets/q/b1d6dad7e6.webp	48342	site_content
assets/q/b1eb55fd39.webp	29682	site_content
assets/q/b217ae8150.webp	96048	site_content
assets/q/b21de6c5cf.webp	62722	site_content
assets/q/b2a89f6dc3.webp	204	site_content
assets/q/b2df30a90f.webp	31096	site_content
assets/q/b2fa9a5245.webp	76756	site_content
assets/q/b34a1f4d2d.webp	140218	site_content
assets/q/b350863499.webp	52558	site_content
assets/q/b381cce340.webp	76166	site_content
assets/q/b3b77e2ac9.webp	192334	site_content
assets/q/b3e33b4d11.webp	79952	site_content
assets/q/b41bda647e.webp	188374	site_content
assets/q/b440a38aea.webp	248504	site_content
assets/q/b454bb2fdf.webp	23804	site_content
assets/q/b4d8aecd06.webp	16686	site_content
assets/q/b4f52cf37b.webp	131854	site_content
assets/q/b56e4b7bdc.webp	112726	site_content
assets/q/b58facb5f1.webp	131854	site_content
assets/q/b5967a8550.webp	16340	site_content
assets/q/b5a4c6870a.webp	48434	site_content
assets/q/b5ab0e7ed3.webp	77230	site_content
assets/q/b5f1f2a65f.webp	93594	site_content
assets/q/b611f9ee92.webp	188	site_content
assets/q/b61cb9c3cc.webp	129070	site_content
assets/q/b622117981.webp	31594	site_content
assets/q/b67b37e254.webp	84002	site_content
assets/q/b6c66cd17a.webp	38242	site_content
assets/q/b6c7d04ffe.webp	114850	site_content
assets/q/b6d4b715ea.webp	79876	site_content
assets/q/b74d9e81a2.webp	41820	site_content
assets/q/b787df3ecd.webp	23986	site_content
assets/q/b7f3d27b61.webp	128340	site_content
assets/q/b889a16b7b.webp	147604	site_content
assets/q/b899cc1dea.webp	56444	site_content
assets/q/b8a57b876a.webp	286362	site_content
assets/q/b8c6044d2b.webp	61784	site_content
assets/q/b8da8894f6.webp	60060	site_content
assets/q/b98c87d7ec.webp	14550	site_content
assets/q/ba6c223e3f.webp	68204	site_content
assets/q/ba7ffd1021.webp	288	site_content
assets/q/ba8c667d14.webp	13372	site_content
assets/q/ba9aaf2519.webp	97104	site_content
assets/q/bac13769f0.webp	46974	site_content
assets/q/baf3525008.webp	98970	site_content
assets/q/bb4f8db831.webp	366	site_content
assets/q/bc164fd601.webp	88870	site_content
assets/q/bc6b3cf6ea.webp	54344	site_content
assets/q/bcb63ca476.webp	35780	site_content
assets/q/bcd9945ee2.webp	15964	site_content
assets/q/bd10282503.webp	122450	site_content
assets/q/bd163f9c4a.webp	30802	site_content
assets/q/bd3ccb45b5.webp	113820	site_content
assets/q/bd94a3634c.webp	28158	site_content
assets/q/bda42ffe66.webp	126166	site_content
assets/q/bda72a6800.webp	162966	site_content
assets/q/be0645cdf8.webp	308	site_content
assets/q/be105fcc75.webp	26816	site_content
assets/q/be3b940d71.webp	198	site_content
assets/q/be41bd6acd.webp	224	site_content
assets/q/be852ea9d9.webp	66770	site_content
assets/q/bed1017c10.webp	251070	site_content
assets/q/befb2cb8fb.webp	101874	site_content
assets/q/bf36a77aae.webp	134854	site_content
assets/q/bf9aee612f.webp	127874	site_content
assets/q/c02b2c8958.webp	82190	site_content
assets/q/c061b5ccce.webp	270	site_content
assets/q/c10118c53b.webp	104836	site_content
assets/q/c112ccb2aa.webp	30210	site_content
assets/q/c113e94883.webp	18618	site_content
assets/q/c1f9b9ce82.webp	101242	site_content
assets/q/c2245d4825.webp	97560	site_content
assets/q/c22bf5d484.webp	109576	site_content
assets/q/c231b858e1.webp	28158	site_content
assets/q/c2a0858006.webp	55012	site_content
assets/q/c2b2771a76.webp	117106	site_content
assets/q/c2d1efaf3f.webp	20036	site_content
assets/q/c2e6ac4bbe.webp	41732	site_content
assets/q/c3181340e6.webp	11002	site_content
assets/q/c380011902.webp	42164	site_content
assets/q/c3aa7b636e.webp	157062	site_content
assets/q/c3d23334f3.webp	54412	site_content
assets/q/c4f09a686c.webp	158278	site_content
assets/q/c4f4e183e0.webp	56180	site_content
assets/q/c54199085b.webp	302	site_content
assets/q/c561cffde6.webp	46390	site_content
assets/q/c5943e6e10.webp	126166	site_content
assets/q/c5bc53e2dd.webp	176	site_content
assets/q/c6095f9a20.webp	104168	site_content
assets/q/c6212ad08e.webp	70538	site_content
assets/q/c66bd9f823.webp	172	site_content
assets/q/c6a82e92e8.webp	20792	site_content
assets/q/c6db19288e.webp	27868	site_content
assets/q/c6dd0ad5d6.webp	227198	site_content
assets/q/c6e0434a40.webp	28446	site_content
assets/q/c715e67eb0.webp	14474	site_content
assets/q/c758969e30.webp	48348	site_content
assets/q/c79d1c8787.webp	129704	site_content
assets/q/c7a1d20045.webp	51396	site_content
assets/q/c7c99214b7.webp	257052	site_content
assets/q/c7e518b333.webp	31086	site_content
assets/q/c881384d22.webp	231450	site_content
assets/q/c8c82120bc.webp	106	site_content
assets/q/c8d8a5c27e.webp	293796	site_content
assets/q/c8ef528e69.webp	102888	site_content
assets/q/c93f7e8e97.webp	193348	site_content
assets/q/c955844162.webp	105702	site_content
assets/q/c9a5a4212c.webp	126166	site_content
assets/q/c9ad032ad6.webp	42250	site_content
assets/q/c9c91aade2.webp	126822	site_content
assets/q/c9eeb7134d.webp	77672	site_content
assets/q/c9ef446088.webp	172	site_content
assets/q/ca4a98e3ff.webp	20766	site_content
assets/q/cb2af5e6ce.webp	138768	site_content
assets/q/cb61da1b3e.webp	148436	site_content
assets/q/cb9ea2a9f4.webp	306	site_content
assets/q/cbb83310e9.webp	21096	site_content
assets/q/cbce6f8aee.webp	88870	site_content
assets/q/cc687dd595.webp	73636	site_content
assets/q/cc83e09be4.webp	46092	site_content
assets/q/ccb3695169.webp	145420	site_content
assets/q/cceca50a9b.webp	59626	site_content
assets/q/ccf4fd33c0.webp	63930	site_content
assets/q/cd069639d8.webp	128340	site_content
assets/q/cd2e630f54.webp	78306	site_content
assets/q/cd6195828b.webp	116012	site_content
assets/q/cd64e615e0.webp	233088	site_content
assets/q/cda3e7b518.webp	25164	site_content
assets/q/ce2fec6888.webp	19510	site_content
assets/q/ce869f1041.webp	55212	site_content
assets/q/ceb49f6d5e.webp	16524	site_content
assets/q/cefd6c9c46.webp	50614	site_content
assets/q/cf806fe1e3.webp	40932	site_content
assets/q/cf907e84be.webp	33962	site_content
assets/q/d06a4b05e5.webp	96048	site_content
assets/q/d0ceba7b12.webp	132294	site_content
assets/q/d129b3cb96.webp	26838	site_content
assets/q/d1a88fd9f1.webp	6792	site_content
assets/q/d1be959ef3.webp	190	site_content
assets/q/d21adfae2c.webp	172	site_content
assets/q/d225a8036c.webp	73160	site_content
assets/q/d250474906.webp	134854	site_content
assets/q/d257e799d8.webp	44246	site_content
assets/q/d2a23c4ee9.webp	72964	site_content
assets/q/d2da2f498b.webp	65418	site_content
assets/q/d327bbe7e4.webp	107366	site_content
assets/q/d34a80fd4e.webp	59208	site_content
assets/q/d3b3de0a2c.webp	38242	site_content
assets/q/d3c0ed11b6.webp	56582	site_content
assets/q/d3e31d6588.webp	20378	site_content
assets/q/d3ef18fb73.webp	28160	site_content
assets/q/d3f6f0de48.webp	49316	site_content
assets/q/d4d740cf40.webp	117920	site_content
assets/q/d51693969a.webp	132602	site_content
assets/q/d542b46aa9.webp	22450	site_content
assets/q/d5c401e28a.webp	38320	site_content
assets/q/d5fed6d185.webp	44594	site_content
assets/q/d610d116dd.webp	72678	site_content
assets/q/d621abd216.webp	7658	site_content
assets/q/d664f14d21.webp	34002	site_content
assets/q/d775a85a7d.webp	19070	site_content
assets/q/d8557afc5c.webp	42804	site_content
assets/q/d8669d4f5f.webp	38806	site_content
assets/q/d8a336272a.webp	89552	site_content
assets/q/d8e6712683.webp	88206	site_content
assets/q/d902ec3405.webp	88870	site_content
assets/q/d929b31920.webp	38006	site_content
assets/q/d9a5a1873a.webp	19824	site_content
assets/q/d9e558a291.webp	181312	site_content
assets/q/da098e0e14.webp	43786	site_content
assets/q/da6a813157.webp	60664	site_content
assets/q/daba198669.webp	30210	site_content
assets/q/dabc8834b5.webp	162330	site_content
assets/q/daf8f2ec4a.webp	97104	site_content
assets/q/db30d14bdb.webp	5102	site_content
assets/q/db5bf4845c.webp	27832	site_content
assets/q/db5d371539.webp	39874	site_content
assets/q/db8ee01840.webp	342	site_content
assets/q/dbdbff566f.webp	34716	site_content
assets/q/dc6e1b9cb3.webp	20136	site_content
assets/q/dc9247f96e.webp	36998	site_content
assets/q/dcaea49c7e.webp	55336	site_content
assets/q/dcc42dfcf3.webp	120678	site_content
assets/q/dd22acc119.webp	39656	site_content
assets/q/dd4399bc79.webp	38444	site_content
assets/q/dd8cea79cc.webp	74488	site_content
assets/q/dd944fd1c0.webp	30684	site_content
assets/q/ddd009732a.webp	81518	site_content
assets/q/ddf4a5c23a.webp	206376	site_content
assets/q/de1eab3f60.webp	165758	site_content
assets/q/de3c09fe72.webp	88870	site_content
assets/q/de9c96f9b8.webp	101654	site_content
assets/q/deb67520ce.webp	126822	site_content
assets/q/dee01a6b71.webp	196	site_content
assets/q/df6838b963.webp	128340	site_content
assets/q/df78826d3a.webp	19978	site_content
assets/q/df81ba43f8.webp	47368	site_content
assets/q/df90be308f.webp	35316	site_content
assets/q/dfb357ece3.webp	342	site_content
assets/q/e038286033.webp	126822	site_content
assets/q/e08583c1b7.webp	42910	site_content
assets/q/e08b6b0978.webp	140298	site_content
assets/q/e0b5b95bb5.webp	128340	site_content
assets/q/e120f6e3d1.webp	68216	site_content
assets/q/e145e19fc1.webp	83346	site_content
assets/q/e157ed0293.webp	293796	site_content
assets/q/e177fe991b.webp	29752	site_content
assets/q/e18c17fb82.webp	85738	site_content
assets/q/e19d31ce52.webp	347496	site_content
assets/q/e1b5271f3e.webp	118954	site_content
assets/q/e1f5fe2b6f.webp	167068	site_content
assets/q/e20982debd.webp	32854	site_content
assets/q/e233acfaa5.webp	226270	site_content
assets/q/e235030d6b.webp	23368	site_content
assets/q/e27dd1355e.webp	124260	site_content
assets/q/e28436299a.webp	63256	site_content
assets/q/e284a95388.webp	42804	site_content
assets/q/e2ba648872.webp	20354	site_content
assets/q/e2cae5110c.webp	39848	site_content
assets/q/e2d644c19a.webp	8596	site_content
assets/q/e37497df46.webp	77302	site_content
assets/q/e3f9fc4114.webp	53798	site_content
assets/q/e416db2d5d.webp	79240	site_content
assets/q/e42e582d59.webp	89966	site_content
assets/q/e43b5bf16d.webp	86198	site_content
assets/q/e450d8e388.webp	58796	site_content
assets/q/e49e00f181.webp	15384	site_content
assets/q/e6341565de.webp	7904	site_content
assets/q/e668fb4772.webp	153984	site_content
assets/q/e66aa6e556.webp	159848	site_content
assets/q/e6807a8721.webp	30210	site_content
assets/q/e6b87ab45d.webp	17918	site_content
assets/q/e6e1dbb4b9.webp	79484	site_content
assets/q/e6ee5459a9.webp	109826	site_content
assets/q/e71ca476cf.webp	102950	site_content
assets/q/e7728cb416.webp	57324	site_content
assets/q/e79be2c355.webp	35178	site_content
assets/q/e7cb93e20f.webp	70916	site_content
assets/q/e862ae3bb6.webp	87996	site_content
assets/q/e86b2ea8b8.webp	37364	site_content
assets/q/e923d74b6f.webp	55518	site_content
assets/q/e99845bc72.webp	128340	site_content
assets/q/e9d3384308.webp	86786	site_content
assets/q/eadb9c5a05.webp	66908	site_content
assets/q/eae9e32b68.webp	52484	site_content
assets/q/eb117b1f77.webp	64810	site_content
assets/q/eb358c6fce.webp	27436	site_content
assets/q/eb465dbede.webp	52496	site_content
assets/q/ebbad8eb4b.webp	81960	site_content
assets/q/ec01fe27f0.webp	342	site_content
assets/q/ecc07ae0f7.webp	315656	site_content
assets/q/ecc5a71f3d.webp	155918	site_content
assets/q/ecece5ef89.webp	35396	site_content
assets/q/ed120281d3.webp	355856	site_content
assets/q/ed1ad00bdb.webp	6760	site_content
assets/q/ed963cda7e.webp	126822	site_content
assets/q/edb4b7b38c.webp	18634	site_content
assets/q/edf14010d2.webp	39888	site_content
assets/q/ee51e2112f.webp	148452	site_content
assets/q/ee5c7d642c.webp	73412	site_content
assets/q/eec4fe57d1.webp	50782	site_content
assets/q/ef34e699b4.webp	10944	site_content
assets/q/ef96e98f79.webp	248504	site_content
assets/q/f074411d71.webp	64422	site_content
assets/q/f0ab0500c7.webp	104110	site_content
assets/q/f2055922af.webp	26848	site_content
assets/q/f209c96d5c.webp	416	site_content
assets/q/f21c09c32a.webp	52110	site_content
assets/q/f22415d178.webp	106800	site_content
assets/q/f227889e92.webp	30044	site_content
assets/q/f24daf15c4.webp	17274	site_content
assets/q/f26be9c5a6.webp	126822	site_content
assets/q/f26f7ba698.webp	48158	site_content
assets/q/f2c857830a.webp	43922	site_content
assets/q/f2f40de84e.webp	128340	site_content
assets/q/f323f1d829.webp	22220	site_content
assets/q/f3e14bcd60.webp	288	site_content
assets/q/f3f1cf289b.webp	124	site_content
assets/q/f4196df202.webp	13786	site_content
assets/q/f4411d1873.webp	126166	site_content
assets/q/f4f1ce572e.webp	77712	site_content
assets/q/f54d913c44.webp	126822	site_content
assets/q/f57ff562ef.webp	98088	site_content
assets/q/f5a8ebae63.webp	93668	site_content
assets/q/f659a8d5f9.webp	112086	site_content
assets/q/f6ea5c55ff.webp	164946	site_content
assets/q/f72bcb1075.webp	294	site_content
assets/q/f784ca56af.webp	122942	site_content
assets/q/f7deb9e2cd.webp	48060	site_content
assets/q/f7e3c2a044.webp	102670	site_content
assets/q/f7f0c51efb.webp	42994	site_content
assets/q/f7f6bd85fe.webp	14550	site_content
assets/q/f80bbe2814.webp	50380	site_content
assets/q/f839f0a46c.webp	28834	site_content
assets/q/f88fe98715.webp	126166	site_content
assets/q/f8a3b0c5a1.webp	53848	site_content
assets/q/f8e8ad7cf9.webp	70152	site_content
assets/q/f900fb55ae.webp	151894	site_content
assets/q/f96e9e3b8c.webp	69682	site_content
assets/q/f9bb67f5a3.webp	49172	site_content
assets/q/fa8053b3d1.webp	128340	site_content
assets/q/fa84b61c64.webp	259600	site_content
assets/q/faf2bbb345.webp	16686	site_content
assets/q/fb1c493c26.webp	6892	site_content
assets/q/fb9f3bdd7d.webp	6698	site_content
assets/q/fce4b2d2cb.webp	20312	site_content
assets/q/fd56173169.webp	103352	site_content
assets/q/fd95a2cecf.webp	77598	site_content
assets/q/fdc02aaa6f.webp	6824	site_content
assets/q/fe024f6896.webp	77038	site_content
assets/q/fe7049bfff.webp	10098	site_content
assets/q/fea79501dd.webp	65990	site_content
assets/q/ff10182072.webp	106	site_content
assets/q/ff10528434.webp	126166	site_content
assets/q/ff17c7dc51.webp	29312	site_content
assets/q/ffa50089e6.webp	49172	site_content
assets/q/ffffc3ad3f.webp	6796	site_content
assets/q/map-40letpobedy216.webp	27110	site_content
assets/q/map-guardeskypereulog61.webp	42568	site_content
assets/q/map-krasnormerskaya103.webp	45370	site_content
assets/q/map-magnitogorskaya1.webp	46124	site_content
assets/q/map-mira27.webp	35458	site_content
assets/q/map-nagibina14.webp	41818	site_content
assets/q/map-nansena107.webp	26212	site_content
assets/q/map-socialicheskaya186.webp	38770	site_content
assets/q/map-sokolova23.webp	33326	site_content
assets/quiz/03891204b8215a16.webp	25776	site_content
assets/quiz/097682758ff61b27.webp	20810	site_content
assets/quiz/0b45022c22f942e6.webp	33048	site_content
assets/quiz/12fc842b1b1c6a12.webp	2212	site_content
assets/quiz/135b2735b189fdf1.webp	22512	site_content
assets/quiz/1558c00da8f956fb.webp	26672	site_content
assets/quiz/1888756b1d86c855.webp	5272	site_content
assets/quiz/1dd0f071918bbfbc.webp	34650	site_content
assets/quiz/23528e2ae23742d5.webp	11662	site_content
assets/quiz/273ff3f02281948c.webp	18452	site_content
assets/quiz/274a08a8bd5ebbfb.webp	17772	site_content
assets/quiz/28b0efa9fd280d46.webp	105374	site_content
assets/quiz/2950f98322c9dc29.webp	50738	site_content
assets/quiz/2e416996d8c097de.webp	19136	site_content
assets/quiz/30329e5f64345f94.webp	21682	site_content
assets/quiz/33955f77ec27226e.webp	138404	site_content
assets/quiz/34391333c0e12646.webp	30970	site_content
assets/quiz/34d8c52adf5bdcd9.webp	5272	site_content
assets/quiz/354ad9d8a688ac07.webp	30970	site_content
assets/quiz/3af82bc3409dd4c0.webp	33984	site_content
assets/quiz/3bb518958056d70b.webp	40586	site_content
assets/quiz/3f6477a9d8d33333.webp	4082	site_content
assets/quiz/404aa776c0c522b6.webp	38436	site_content
assets/quiz/433c95f7b22331e3.webp	14122	site_content
assets/quiz/44ae6fc5a53d0fa2.webp	32808	site_content
assets/quiz/4e1e5fbf10526110.webp	17262	site_content
assets/quiz/56eb97402d9b2628.webp	27938	site_content
assets/quiz/575d450015866c49.webp	17204	site_content
assets/quiz/59da06aa7f0b81a1.webp	10982	site_content
assets/quiz/5b273c199bd27587.webp	10114	site_content
assets/quiz/5b7b2758f47b395e.webp	31780	site_content
assets/quiz/5d7c73b41314d2fe.webp	16950	site_content
assets/quiz/7a1321b2b78f559b.webp	22496	site_content
assets/quiz/7afcbe48ec0f0b76.webp	21476	site_content
assets/quiz/8209ca87f04b6673.webp	10732	site_content
assets/quiz/8560296afebb4053.webp	42694	site_content
assets/quiz/895aab9b93e0636e.webp	14354	site_content
assets/quiz/8bd092bab36c0926.webp	28424	site_content
assets/quiz/8d6e931c3f8dba19.webp	17658	site_content
assets/quiz/8df0934800771e8d.webp	2212	site_content
assets/quiz/8fbf9b3a09a4ba58.webp	36042	site_content
assets/quiz/96970b75d1b43f2d.webp	41322	site_content
assets/quiz/9c2705c001f0f1e5.webp	30662	site_content
assets/quiz/9c65c3ec20c121a1.webp	23852	site_content
assets/quiz/a63ab594977c4b1a.webp	2864	site_content
assets/quiz/a7eed8cb43779830.webp	33754	site_content
assets/quiz/afcb66639829aa5b.webp	8116	site_content
assets/quiz/b52f64dcdd856881.webp	2786	site_content
assets/quiz/b652d06bb63aa587.webp	19370	site_content
assets/quiz/c57a69b39c3d3ce4.webp	36618	site_content
assets/quiz/c61f219dc6259ecf.webp	40666	site_content
assets/quiz/d84b4d54d4b7f1f9.webp	40328	site_content
assets/quiz/d9d02d6413ba9481.webp	34022	site_content
assets/quiz/da556fd56a0a672e.webp	27142	site_content
assets/quiz/e4dd35fdd47dc2fb.webp	11348	site_content
assets/quiz/e67ca35fda435b63.webp	14126	site_content
assets/quiz/e72420c743d34fbb.webp	2212	site_content
assets/quiz/ef30111b8c095359.webp	36630	site_content
assets/quiz/f3dcc7bf8289bcde.webp	19966	site_content
assets/quiz/f3e345fe5fd4239d.webp	40422	site_content
assets/quiz/f591e9c42dcf9ca0.webp	30964	site_content
assets/quiz/f844be836c450b90.webp	35976	site_content
assets/quiz/kids-start.mp4	1440582	site_content
assets/quiz/kids-start.webp	5524	site_content
assets/rutube/136b4c42cf6ef34ffa0093af9fec55cc.jpg	35669	site_content
assets/rutube/1e815546dadd964ec1c3adf744c11cb0.jpg	27193	site_content
assets/rutube/25247657f74a0861e3d66c887bc570d4.jpg	32433	site_content
assets/rutube/2faa07428c951fd191a4806d0fee90b7.jpg	33246	site_content
assets/rutube/359bf78c4a45a34dd30af35f7229604b.jpg	28535	site_content
assets/rutube/3651e713b9efc51ebb4c12cebd85b6a3.jpg	23803	site_content
assets/rutube/42340095221d021fac1eb5328ba0735b.jpg	24110	site_content
assets/rutube/4372607d50f5de28143601221ce32e21.jpg	29465	site_content
assets/rutube/44a74c56d67be5a88471869fdc0fae10.jpg	33278	site_content
assets/rutube/576799a1ecf87e4967c73ac168ec1f28.jpg	27611	site_content
assets/rutube/7160e919e383376f0319e0ede42fcbc0.jpg	45994	site_content
assets/rutube/7d57783b95681114149b68e7cf23280e.jpg	38863	site_content
assets/rutube/7f65d61328a410d046daad4b6c48d84c.jpg	24110	site_content
assets/rutube/9042f4c94e1b4dc75dd87fc79d420beb.jpg	19669	site_content
assets/rutube/9434f5b19a2359eaa7446a34a96a4b81.jpg	24053	site_content
assets/rutube/952765793929dd865b868a36ec37c3c7.jpg	25623	site_content
assets/rutube/a45f2fee9beefc170244ffbab50814c1.jpg	32336	site_content
assets/rutube/a85b156ec0dc4f1a4cb52584c7568f4f.jpg	19244	site_content
assets/rutube/b3141fdc8390c1392b366d4b782ff4b7.jpg	18211	site_content
assets/rutube/b7c18d4bd380160f7b68c2488ab69792.jpg	24977	site_content
assets/rutube/c2c4656e59b75d07cfb4068d8a1535b1.jpg	15461	site_content
assets/rutube/df4cf5b70836a2b5b0fb3ca9acf863a7.jpg	31174	site_content
assets/rutube/eb717113bb313e2dce1aa3c42a2fbbf1.jpg	24612	site_content
assets/rutube/f2461e284083e7b8c28c0f97ba0f4c03.jpg	22414	site_content
assets/rutube/f56d566660e94a2888bf7d16b3f9f278.jpg	22869	site_content
assets/rutube/video-fallback.svg	515	site_content
assets/source-css/0004f3d40931ea96.css	2679	site_content
assets/source-css/01b5eb71d864a506.css	1855	site_content
assets/source-css/0344ad8582733cfe.css	71277	site_content
assets/source-css/039018dd4c918b85.css	63287	site_content
assets/source-css/0722bcfac9c463f7.css	55072	site_content
assets/source-css/074064eeb8dec06d.css	65575	site_content
assets/source-css/0f328f4f54071e11.css	1667	site_content
assets/source-css/0fc30fc16fbf2fb6.css	65581	site_content
assets/source-css/1165fa46cd50bd88.css	20627	site_content
assets/source-css/19e0a2391b184951.css	65771	site_content
assets/source-css/1a7f69edb5442e74.css	65575	site_content
assets/source-css/1aa775a64551b9f7.css	1667	site_content
assets/source-css/23ec4ad53e542165.css	54230	site_content
assets/source-css/29767a20595d859f.css	1667	site_content
assets/source-css/2a8c9c535a7e449d.css	65575	site_content
assets/source-css/2ce21cb53ae45362.css	1667	site_content
assets/source-css/2de7f4dca7f7bfc2.css	9389	site_content
assets/source-css/308a2d5f71e31fe6.css	65085	site_content
assets/source-css/3595d116bc3d5921.css	1667	site_content
assets/source-css/35d73a64123db058.css	25932	site_content
assets/source-css/365d1dbf1f010679.css	69982	site_content
assets/source-css/3680adb4a483351b.css	1667	site_content
assets/source-css/3b51337ddba64158.css	56882	site_content
assets/source-css/3b52105d504b8786.css	65771	site_content
assets/source-css/3b8c2eccae7419a6.css	4772	site_content
assets/source-css/3ea9aa7b4b50d87f.css	50289	site_content
assets/source-css/3fd4b7595b3f43f4.css	4344	site_content
assets/source-css/42b1bb5d784af0c6.css	1667	site_content
assets/source-css/4322f58d1a128337.css	65771	site_content
assets/source-css/4338420a21da4a58.css	67204	site_content
assets/source-css/438a1070b372eee0.css	1667	site_content
assets/source-css/45983ef52afa8342.css	5016	site_content
assets/source-css/4628d57cdb3a5fa8.css	89261	site_content
assets/source-css/4de1bc9639cf1a56.css	89319	site_content
assets/source-css/5582da3d33932de2.css	1667	site_content
assets/source-css/55b1669c7fe780ad.css	54230	site_content
assets/source-css/5a69c8924525bf0c.css	67332	site_content
assets/source-css/6248e0d10a3c2162.css	77457	site_content
assets/source-css/678b99119e87414c.css	69982	site_content
assets/source-css/6aa7842bd6d27f61.css	65575	site_content
assets/source-css/6bbcb1304e1fa40b.css	1724	site_content
assets/source-css/6ea158e8e0193c23.css	65771	site_content
assets/source-css/739bdbca69ddbd88.css	1667	site_content
assets/source-css/73ae3874be2f9686.css	67082	site_content
assets/source-css/75c5820094658c95.css	3328	site_content
assets/source-css/75d27ded7aa8df8f.css	54230	site_content
assets/source-css/76a2ea4c3d11f209.css	1667	site_content
assets/source-css/785c6f940f8bc09e.css	54345	site_content
assets/source-css/788f11281903bd3e.css	65771	site_content
assets/source-css/80d709d246c13985.css	3681	site_content
assets/source-css/82140382f286f399.css	65771	site_content
assets/source-css/87e4765b3f2a2f92.css	846	site_content
assets/source-css/8981345495c081b9.css	66965	site_content
assets/source-css/8d4e859825601be4.css	67332	site_content
assets/source-css/8f84f75c9e2c9131.css	54230	site_content
assets/source-css/909114c8feb39c35.css	65575	site_content
assets/source-css/92f4f52a8c05fe05.css	1667	site_content
assets/source-css/9356ab95f2c75add.css	1667	site_content
assets/source-css/95fb2f7cdf9a897b.css	67647	site_content
assets/source-css/9d4f6ac2c3fb051a.css	9580	site_content
assets/source-css/a4d83c312d2f43be.css	65771	site_content
assets/source-css/aad230d1adda1699.css	54230	site_content
assets/source-css/ab417141522739ad.css	1667	site_content
assets/source-css/ab85e831d2c1b0c2.css	1667	site_content
assets/source-css/aca7288dfe8c7ce8.css	78978	site_content
assets/source-css/af470c41c27e8350.css	65581	site_content
assets/source-css/b1a65eeeda63a093.css	67142	site_content
assets/source-css/b5a685b5f9ae2542.css	1772	site_content
assets/source-css/b8a78a18dba06735.css	60784	site_content
assets/source-css/baf58c69e8efdf48.css	67082	site_content
assets/source-css/bd1e1214bc9eee03.css	64582	site_content
assets/source-css/bd7f4940b70eeeae.css	65765	site_content
assets/source-css/c61c45b2bd1cea68.css	65575	site_content
assets/source-css/c648e50422f7f2b9.css	65771	site_content
assets/source-css/cb040a4dacff1dee.css	1667	site_content
assets/source-css/cc0955ce917e70f0.css	65575	site_content
assets/source-css/cccffd5e9f629b45.css	65085	site_content
assets/source-css/d058f9a5f578e420.css	69982	site_content
assets/source-css/d096344526592331.css	69183	site_content
assets/source-css/d15185f9139435d8.css	48224	site_content
assets/source-css/d1a2e019ae18fdd5.css	1667	site_content
assets/source-css/d329e63da9147b9d.css	4514	site_content
assets/source-css/d41768243c337b7c.css	67142	site_content
assets/source-css/d6dfc0a2e0d22083.css	1667	site_content
assets/source-css/d7065f765a7254a2.css	65575	site_content
assets/source-css/d7e1eb4a10ec24d6.css	65581	site_content
assets/source-css/d8d5b3509f6dc996.css	54230	site_content
assets/source-css/de11577a4bff5e3f.css	65771	site_content
assets/source-css/dea9823e6e40677c.css	65575	site_content
assets/source-css/e15d1e4ada17e30f.css	65085	site_content
assets/source-css/e4e72356dfc69a1c.css	9882	site_content
assets/source-css/e4f93e54e1fe0219.css	3483	site_content
assets/source-css/e65774704d0858f4.css	65575	site_content
assets/source-css/e6f2b6ba67651a27.css	65771	site_content
assets/source-css/e84dc136d6d2f866.css	65771	site_content
assets/source-css/e998e7710fc8bf04.css	55612	site_content
assets/source-css/ebaf59acf372e8ee.css	1667	site_content
assets/source-css/ed19a80caa93b373.css	65771	site_content
assets/source-css/f4f4ef3078c77304.css	65581	site_content
assets/source-css/f5cb498bc3a9527b.css	67332	site_content
assets/source-css/f80511b59847052c.css	54345	site_content
assets/source-css/f9aaf9142051cf5b.css	54230	site_content
assets/source-css/fa470f65bb7f659a.css	46855	site_content
assets/source-css/fb0149770fda5d65.css	65575	site_content
assets/static.tildacdn.com/css/tilda-animation-2.0.min.css	2679	site_content
assets/static.tildacdn.com/css/tilda-date-picker-1.0.min.css	3328	site_content
assets/static.tildacdn.com/css/tilda-forms-1.0.min.css	45887	site_content
assets/static.tildacdn.com/css/tilda-grid-3.0.min.css	4514	site_content
assets/static.tildacdn.com/css/tilda-img-select-1.0.min.css	9580	site_content
assets/static.tildacdn.com/css/tilda-menu-widgeticons-1.0.min.css	3681	site_content
assets/static.tildacdn.com/css/tilda-menusub-1.0.min.css	5016	site_content
assets/static.tildacdn.com/css/tilda-popup-1.1.min.css	1724	site_content
assets/static.tildacdn.com/css/tilda-range-1.0.min.css	1612	site_content
assets/static.tildacdn.com/css/tilda-slds-1.4.min.css	9882	site_content
assets/static.tildacdn.com/css/tilda-zero-form-errorbox.min.css	1726	site_content
assets/static.tildacdn.com/css/tilda-zero-form-horizontal.min.css	2006	site_content
assets/static.tildacdn.com/css/tilda-zoom-2.0.min.css	9389	site_content
assets/static.tildacdn.com/css/tooltipster.min.css	4344	site_content
assets/static.tildacdn.com/lib/flags/flags5.png	15263	site_content
assets/static.tildacdn.com/lib/flags/flags6.png	14789	site_content
assets/static.tildacdn.com/lib/flags/flags7.png	19387	site_content
assets/static.tildacdn.com/lib/icons/button/circleplay_fill_regular.svg	675	site_content
assets/static.tildacdn.com/lib/icons/button/loosedots_light.svg	949	site_content
assets/static.tildacdn.com/lib/icons/button/shortarw_upright_regular.svg	306	site_content
assets/static.tildacdn.com/lib/icons/tilda/box_present.svg	745	site_content
assets/static.tildacdn.com/lib/icons/tilda/mask_decor_costume.svg	1103	site_content
assets/static.tildacdn.com/lib/icons/tilda/medal_honor_license.svg	1505	site_content
assets/static.tildacdn.com/lib/icons/tilda/melody_note_music.svg	1076	site_content
assets/static.tildacdn.com/lib/icons/tilda/microphone_karaoke.svg	1162	site_content
assets/static.tildacdn.com/lib/icons/tilda/safe_safety.svg	892	site_content
assets/static.tildacdn.com/lib/tscripts/katex/KaTeX_AMS-Regular.ttf	63632	site_content
assets/static.tildacdn.com/lib/tscripts/katex/KaTeX_AMS-Regular.woff	33516	site_content
assets/static.tildacdn.com/lib/tscripts/katex/KaTeX_AMS-Regular.woff2	28076	site_content
assets/static.tildacdn.com/lib/tscripts/katex/KaTeX_Caligraphic-Bold.ttf	12368	site_content
assets/static.tildacdn.com/lib/tscripts/katex/KaTeX_Caligraphic-Bold.woff	7716	site_content
assets/static.tildacdn.com/lib/tscripts/katex/KaTeX_Caligraphic-Bold.woff2	6912	site_content
assets/static.tildacdn.com/lib/tscripts/katex/KaTeX_Caligraphic-Regular.ttf	12344	site_content
assets/static.tildacdn.com/lib/tscripts/katex/KaTeX_Caligraphic-Regular.woff	7656	site_content
assets/static.tildacdn.com/lib/tscripts/katex/KaTeX_Caligraphic-Regular.woff2	6908	site_content
assets/static.tildacdn.com/lib/tscripts/katex/KaTeX_Fraktur-Bold.ttf	19584	site_content
assets/static.tildacdn.com/lib/tscripts/katex/KaTeX_Fraktur-Bold.woff	13296	site_content
assets/static.tildacdn.com/lib/tscripts/katex/KaTeX_Fraktur-Bold.woff2	11348	site_content
assets/static.tildacdn.com/lib/tscripts/katex/KaTeX_Fraktur-Regular.ttf	19572	site_content
assets/static.tildacdn.com/lib/tscripts/katex/KaTeX_Fraktur-Regular.woff	13208	site_content
assets/static.tildacdn.com/lib/tscripts/katex/KaTeX_Fraktur-Regular.woff2	11316	site_content
assets/static.tildacdn.com/lib/tscripts/katex/KaTeX_Main-Bold.ttf	51336	site_content
assets/static.tildacdn.com/lib/tscripts/katex/KaTeX_Main-Bold.woff	29912	site_content
assets/static.tildacdn.com/lib/tscripts/katex/KaTeX_Main-Bold.woff2	25324	site_content
assets/static.tildacdn.com/lib/tscripts/katex/KaTeX_Main-BoldItalic.ttf	32968	site_content
assets/static.tildacdn.com/lib/tscripts/katex/KaTeX_Main-BoldItalic.woff	19412	site_content
assets/static.tildacdn.com/lib/tscripts/katex/KaTeX_Main-BoldItalic.woff2	16780	site_content
assets/static.tildacdn.com/lib/tscripts/katex/KaTeX_Main-Italic.ttf	33580	site_content
assets/static.tildacdn.com/lib/tscripts/katex/KaTeX_Main-Italic.woff	19676	site_content
assets/static.tildacdn.com/lib/tscripts/katex/KaTeX_Main-Italic.woff2	16988	site_content
assets/static.tildacdn.com/lib/tscripts/katex/KaTeX_Main-Regular.ttf	53580	site_content
assets/static.tildacdn.com/lib/tscripts/katex/KaTeX_Main-Regular.woff	30772	site_content
assets/static.tildacdn.com/lib/tscripts/katex/KaTeX_Main-Regular.woff2	26272	site_content
assets/static.tildacdn.com/lib/tscripts/katex/KaTeX_Math-BoldItalic.ttf	31196	site_content
assets/static.tildacdn.com/lib/tscripts/katex/KaTeX_Math-BoldItalic.woff	18668	site_content
assets/static.tildacdn.com/lib/tscripts/katex/KaTeX_Math-BoldItalic.woff2	16400	site_content
assets/static.tildacdn.com/lib/tscripts/katex/KaTeX_Math-Italic.ttf	31308	site_content
assets/static.tildacdn.com/lib/tscripts/katex/KaTeX_Math-Italic.woff	18748	site_content
assets/static.tildacdn.com/lib/tscripts/katex/KaTeX_Math-Italic.woff2	16440	site_content
assets/static.tildacdn.com/lib/tscripts/katex/KaTeX_SansSerif-Bold.ttf	24504	site_content
assets/static.tildacdn.com/lib/tscripts/katex/KaTeX_SansSerif-Bold.woff	14408	site_content
assets/static.tildacdn.com/lib/tscripts/katex/KaTeX_SansSerif-Bold.woff2	12216	site_content
assets/static.tildacdn.com/lib/tscripts/katex/KaTeX_SansSerif-Italic.ttf	22364	site_content
assets/static.tildacdn.com/lib/tscripts/katex/KaTeX_SansSerif-Italic.woff	14112	site_content
assets/static.tildacdn.com/lib/tscripts/katex/KaTeX_SansSerif-Italic.woff2	12028	site_content
assets/static.tildacdn.com/lib/tscripts/katex/KaTeX_SansSerif-Regular.ttf	19436	site_content
assets/static.tildacdn.com/lib/tscripts/katex/KaTeX_SansSerif-Regular.woff	12316	site_content
assets/static.tildacdn.com/lib/tscripts/katex/KaTeX_SansSerif-Regular.woff2	10344	site_content
assets/static.tildacdn.com/lib/tscripts/katex/KaTeX_Script-Regular.ttf	16648	site_content
assets/static.tildacdn.com/lib/tscripts/katex/KaTeX_Script-Regular.woff	10588	site_content
assets/static.tildacdn.com/lib/tscripts/katex/KaTeX_Script-Regular.woff2	9644	site_content
assets/static.tildacdn.com/lib/tscripts/katex/KaTeX_Size1-Regular.ttf	12228	site_content
assets/static.tildacdn.com/lib/tscripts/katex/KaTeX_Size1-Regular.woff	6496	site_content
assets/static.tildacdn.com/lib/tscripts/katex/KaTeX_Size1-Regular.woff2	5468	site_content
assets/static.tildacdn.com/lib/tscripts/katex/KaTeX_Size2-Regular.ttf	11508	site_content
assets/static.tildacdn.com/lib/tscripts/katex/KaTeX_Size2-Regular.woff	6188	site_content
assets/static.tildacdn.com/lib/tscripts/katex/KaTeX_Size2-Regular.woff2	5208	site_content
assets/static.tildacdn.com/lib/tscripts/katex/KaTeX_Size3-Regular.ttf	7588	site_content
assets/static.tildacdn.com/lib/tscripts/katex/KaTeX_Size3-Regular.woff	4420	site_content
assets/static.tildacdn.com/lib/tscripts/katex/KaTeX_Size3-Regular.woff2	3624	site_content
assets/static.tildacdn.com/lib/tscripts/katex/KaTeX_Size4-Regular.ttf	10364	site_content
assets/static.tildacdn.com/lib/tscripts/katex/KaTeX_Size4-Regular.woff	5980	site_content
assets/static.tildacdn.com/lib/tscripts/katex/KaTeX_Size4-Regular.woff2	4928	site_content
assets/static.tildacdn.com/lib/tscripts/katex/KaTeX_Typewriter-Regular.ttf	27556	site_content
assets/static.tildacdn.com/lib/tscripts/katex/KaTeX_Typewriter-Regular.woff	16028	site_content
assets/static.tildacdn.com/lib/tscripts/katex/KaTeX_Typewriter-Regular.woff2	13568	site_content
assets/static.tildacdn.com/tild3030-3032-4366-b139-373938643134/_005.png	125763	site_content
assets/static.tildacdn.com/tild3030-3032-4366-b139-373938643134/_005.webp	54282	site_content
assets/static.tildacdn.com/tild3030-6262-4366-a231-306133663765/IMG_5254.JPG	115430	site_content
assets/static.tildacdn.com/tild3030-6438-4966-a262-323663643765/tempImage4rhrwp_1-2-.jpg	131305	site_content
assets/static.tildacdn.com/tild3030-6535-4132-b031-643164646536/photo.jpg	53637	site_content
assets/static.tildacdn.com/tild3031-6135-4864-b436-643738356635/--2.jpg	134390	site_content
assets/static.tildacdn.com/tild3032-3338-4064-b735-353130393438/Frame_1341.svg	2669	site_content
assets/static.tildacdn.com/tild3032-3630-4539-b636-303163646634/_.png	114985	site_content
assets/static.tildacdn.com/tild3032-3630-4539-b636-303163646634/_.webp	52484	site_content
assets/static.tildacdn.com/tild3032-3730-4137-a662-303536393730/_DSC3628.jpg	283078	site_content
assets/static.tildacdn.com/tild3032-6236-4861-b833-313764363930/-/resize/20x/photo_53980772950812.jpg	1052	site_content
assets/static.tildacdn.com/tild3032-6535-4336-b833-356233373433/_DSC7951_1-2.jpg	120649	site_content
assets/static.tildacdn.com/tild3032-6539-4530-a232-383538656536/photo_53008932490047.jpg	111899	site_content
assets/static.tildacdn.com/tild3033-3464-4766-b566-613339323632/quest_stars_patologi.jpg	29620	site_content
assets/static.tildacdn.com/tild3033-3665-4639-b938-343337306263/image-10-2.webp	24078	site_content
assets/static.tildacdn.com/tild3033-6165-4230-a138-623138663761/image_24.png	9720	site_content
assets/static.tildacdn.com/tild3033-6631-4462-a161-393537303033/svg_1747594462937.svg	6806	site_content
assets/static.tildacdn.com/tild3034-3338-4633-b931-346237636262/-/resize/20x/IMG-20190510-WA0027j.jpg	935	site_content
assets/static.tildacdn.com/tild3034-3338-4633-b931-346237636262/IMG-20190510-WA0027j.jpg	129456	site_content
assets/static.tildacdn.com/tild3034-3430-4466-b030-356662633137/IMG_3445.jpg	160649	site_content
assets/static.tildacdn.com/tild3034-6437-4365-b664-636432373131/-/resize/20x/-186-4_1200.jpg	959	site_content
assets/static.tildacdn.com/tild3035-3135-4532-a265-313564616263/__.webp	1134	site_content
assets/static.tildacdn.com/tild3035-3236-4566-b762-376431663838/___2jpg.webp	53122	site_content
assets/static.tildacdn.com/tild3035-3439-4663-a661-653638363764/Vector.svg	649	site_content
assets/static.tildacdn.com/tild3035-3661-4434-b462-333032353334/efea3ecc-785e-42ad-9.png	491917	site_content
assets/static.tildacdn.com/tild3035-3863-4332-b833-393664323961/photo_2024-10-17_12-.png	106419	site_content
assets/static.tildacdn.com/tild3036-3065-4334-a462-373265623233/_.png	33610	site_content
assets/static.tildacdn.com/tild3036-3666-4734-b263-613930383463/image_3.png	65730	site_content
assets/static.tildacdn.com/tild3036-3966-4665-b638-346136633231/konstantintaranov-13.jpg	125411	site_content
assets/static.tildacdn.com/tild3037-3032-4162-a166-323433376164/-/resize/20x/IMG_4091-2-2.JPG	908	site_content
assets/static.tildacdn.com/tild3037-3032-4162-a166-323433376164/IMG_4091-2-2.JPG	446870	site_content
assets/static.tildacdn.com/tild3037-3062-4361-a566-333631623231/447119e8-32a9-4300-b.png	425841	site_content
assets/static.tildacdn.com/tild3037-3233-4136-a531-386563636166/IMG_8088.jpeg	103054	site_content
assets/static.tildacdn.com/tild3037-3236-4237-b563-663238316563/3__.jpg	172668	site_content
assets/static.tildacdn.com/tild3037-3237-4338-a235-313736333666/-/resize/20x/photo_53980772950812.jpg	1032	site_content
assets/static.tildacdn.com/tild3037-3932-4837-a630-373736393937/IMG.png	167329	site_content
assets/static.tildacdn.com/tild3037-6138-4465-a635-366666633963/_--WA.svg	1529	site_content
assets/static.tildacdn.com/tild3038-3232-4334-a135-633839303636/BT_BIG_HEADER3x.png	58420	site_content
assets/static.tildacdn.com/tild3038-6139-4537-b335-393765383864/photo_2024-11-02_03-.jpg	72843	site_content
assets/static.tildacdn.com/tild3039-3437-4333-a166-363662383435/Sin_titulo-1_Mesa_de.svg	783	site_content
assets/static.tildacdn.com/tild3039-3532-4635-a365-396262656337/todo-lo-que-sabemos-.jpg	139257	site_content
assets/static.tildacdn.com/tild3039-3635-4437-b865-353334353166/IMG_20230620_072401.jpg	50931	site_content
assets/static.tildacdn.com/tild3061-3062-4664-b265-356362643635/photo.png	32231	site_content
assets/static.tildacdn.com/tild3061-3337-4134-b930-393130316239/Sin_titulo-1_Mesa_de.svg	783	site_content
assets/static.tildacdn.com/tild3061-3837-4233-b638-336131663766/Frame_1341.svg	2669	site_content
assets/static.tildacdn.com/tild3061-6162-4135-b261-313632343865/photo.webp	43788	site_content
assets/static.tildacdn.com/tild3061-6230-4634-b062-343035323734/konstantintaranov-43.jpg	237369	site_content
assets/static.tildacdn.com/tild3061-6232-4831-b031-613363616162/photo.png	7718	site_content
assets/static.tildacdn.com/tild3062-3332-4033-b535-346262353166/001-maps-and-flags.svg	684	site_content
assets/static.tildacdn.com/tild3062-3833-4637-a365-653838626563/ROBLOX.svg	4405	site_content
assets/static.tildacdn.com/tild3062-3933-4561-b132-373762666335/image-12-2.webp	16994	site_content
assets/static.tildacdn.com/tild3062-6161-4030-b866-323939616631/_1___-2.png	212040	site_content
assets/static.tildacdn.com/tild3062-6366-4862-b831-396263643731/-/resize/20x/photo_54360476578361.jpg	990	site_content
assets/static.tildacdn.com/tild3063-3663-4262-b030-663964383163/-/resize/20x/IMG_8203-2.jpg	942	site_content
assets/static.tildacdn.com/tild3063-3663-4262-b030-663964383163/IMG_8203-2.jpg	274075	site_content
assets/static.tildacdn.com/tild3063-3735-4630-b261-363536383236/Sin_titulo-1_Mesa_de.svg	783	site_content
assets/static.tildacdn.com/tild3063-6165-4332-b537-343336643363/konstantintaranov-19.jpg	148817	site_content
assets/static.tildacdn.com/tild3063-6235-4639-b163-326639613230/_-2.png	6489	site_content
assets/static.tildacdn.com/tild3064-3136-4235-a632-343631366235/3.svg	576	site_content
assets/static.tildacdn.com/tild3064-3632-4966-a161-313834303333/Ilya-Nodia-photograp.jpg	335795	site_content
assets/static.tildacdn.com/tild3064-3661-4637-b066-383866666662/hf_20260310_072251_a.jpeg	70550	site_content
assets/static.tildacdn.com/tild3064-6337-4131-b163-613261343761/photo_2025-05-05_22-.jpg	170591	site_content
assets/static.tildacdn.com/tild3065-3539-4636-a139-323233306533/Sin_titulo-1_Mesa_de.svg	783	site_content
assets/static.tildacdn.com/tild3066-3235-4635-b363-383631386464/_.png	7787	site_content
assets/static.tildacdn.com/tild3066-6163-4165-b437-323735303534/_.jpg	98970	site_content
assets/static.tildacdn.com/tild3066-6334-4736-b130-393264666133/__2026-04-01_122430.webp	62472	site_content
assets/static.tildacdn.com/tild3130-3432-4231-a166-333333343932/__.jpg	39340	site_content
assets/static.tildacdn.com/tild3130-6361-4465-b433-633333646436/IMG_8086.jpeg	53719	site_content
assets/static.tildacdn.com/tild3131-3839-4239-b362-666536373135/photo.png	305882	site_content
assets/static.tildacdn.com/tild3131-3962-4737-a563-333063653761/image-2-2.webp	20538	site_content
assets/static.tildacdn.com/tild3131-6230-4538-b132-383133326139/image-3-2.jpg	41642	site_content
assets/static.tildacdn.com/tild3131-6230-4538-b132-383133326139/image-3-2.webp	22972	site_content
assets/static.tildacdn.com/tild3131-6363-4064-b731-383635353664/001-maps-and-flags_c.png	433	site_content
assets/static.tildacdn.com/tild3131-6563-4133-b138-646538663437/button__1.svg	624	site_content
assets/static.tildacdn.com/tild3132-3238-4931-b132-653734646264/Ellipse_24.svg	230	site_content
assets/static.tildacdn.com/tild3132-6232-4536-b236-616333653533/Sin_titulo-1-03.svg	744	site_content
assets/static.tildacdn.com/tild3132-6336-4065-b965-373139383861/Sin_titulo-1-03.svg	744	site_content
assets/static.tildacdn.com/tild3132-6661-4631-a163-663638303761/photo.jpg	71838	site_content
assets/static.tildacdn.com/tild3133-3535-4231-b133-353037613031/Western_Boots_with_S.png	1309808	site_content
assets/static.tildacdn.com/tild3133-3664-4632-b566-643965636530/photo_53980772950812.jpg	104502	site_content
assets/static.tildacdn.com/tild3134-3432-4963-a465-326131613636/-/resize/20x/IMG_1044-2.jpg	927	site_content
assets/static.tildacdn.com/tild3134-3730-4231-a131-363635303736/__.webp	10014	site_content
assets/static.tildacdn.com/tild3134-3736-4464-b265-346165653161/-2.png	6262	site_content
assets/static.tildacdn.com/tild3134-3738-4465-a238-656132666435/Montserrat.woff2	79808	site_content
assets/static.tildacdn.com/tild3134-6239-4833-a138-616235643735/_DSC3759.jpg	81175	site_content
assets/static.tildacdn.com/tild3135-3236-4236-a531-636236616333/vector.svg	10060	site_content
assets/static.tildacdn.com/tild3135-6362-4039-b236-313766663961/Frame_1341.svg	2669	site_content
assets/static.tildacdn.com/tild3136-3233-4135-b533-363161613830/002-key.png	363	site_content
assets/static.tildacdn.com/tild3136-3236-4431-b962-383839363432/Frame_3-2.png	7071	site_content
assets/static.tildacdn.com/tild3136-3766-4930-b332-366335366262/IMG_7124_1.jpg	40300	site_content
assets/static.tildacdn.com/tild3136-6430-4833-a335-373133323634/photo.svg	453	site_content
assets/static.tildacdn.com/tild3137-3130-4165-a539-356562656339/33_1__1_1.png	29286	site_content
assets/static.tildacdn.com/tild3137-3839-4238-a536-626439323434/-/resize/20x/IMG_7373-min_.jpg	917	site_content
assets/static.tildacdn.com/tild3137-6139-4565-a434-333431353034/noroot.png	90338	site_content
assets/static.tildacdn.com/tild3137-6331-4636-b564-346438323161/LAT_0655.jpg	273597	site_content
assets/static.tildacdn.com/tild3137-6331-4636-b564-346438323161/LAT_0655.webp	124322	site_content
assets/static.tildacdn.com/tild3137-6433-4736-a665-333563316432/Frame_1341.svg	2669	site_content
assets/static.tildacdn.com/tild3138-3461-4832-a465-656631303938/Sin_titulo-1-02.svg	908	site_content
assets/static.tildacdn.com/tild3139-3237-4465-a437-326166653761/Sin_titulo-1-03.svg	744	site_content
assets/static.tildacdn.com/tild3139-3366-4661-b462-333534646334/Sin_titulo-1-02.svg	908	site_content
assets/static.tildacdn.com/tild3139-3633-4237-b135-633464343035/Sin_titulo-1_Mesa_de.svg	783	site_content
assets/static.tildacdn.com/tild3139-6237-4963-b065-393234363734/photo.png	145425	site_content
assets/static.tildacdn.com/tild3139-6432-4739-b835-623732366663/_.webp	18030	site_content
assets/static.tildacdn.com/tild3139-6532-4236-b061-326362643536/IMG_8069jpg-2.webp	109268	site_content
assets/static.tildacdn.com/tild3161-3333-4163-a363-656162353631/001-maps-and-flags.svg	684	site_content
assets/static.tildacdn.com/tild3161-3338-4166-b039-303061633336/2.png	808514	site_content
assets/static.tildacdn.com/tild3161-3732-4636-b439-613837333465/IMG_7124_1-2.jpg	90829	site_content
assets/static.tildacdn.com/tild3161-3838-4437-b162-633936376562/photo_2024-04-26_13-.jpg	205604	site_content
assets/static.tildacdn.com/tild3161-6434-4064-b737-343166373335/photo_53980772950812.jpg	117563	site_content
assets/static.tildacdn.com/tild3161-6535-4831-b364-303861663861/__320-480px.png	223820	site_content
assets/static.tildacdn.com/tild3162-3065-4535-b238-396161366334/-/resize/20x/IMG_5227jpg.webp	390	site_content
assets/static.tildacdn.com/tild3162-3065-4535-b238-396161366334/IMG_5227jpg.webp	75322	site_content
assets/static.tildacdn.com/tild3162-3136-4139-a638-643138316132/photo.webp	28560	site_content
assets/static.tildacdn.com/tild3162-3233-4138-b238-363139356262/-_.png	10440	site_content
assets/static.tildacdn.com/tild3162-3562-4639-b331-363661373462/Sin_titulo-1-02.svg	908	site_content
assets/static.tildacdn.com/tild3162-3766-4966-a530-363963316434/_5_1.png	43016	site_content
assets/static.tildacdn.com/tild3162-6262-4963-b839-626134383333/photo_2024-10-30_14-.jpg	167942	site_content
assets/static.tildacdn.com/tild3163-6137-4063-a139-666130303664/ugonpng-2.webp	27124	site_content
assets/static.tildacdn.com/tild3163-6266-4530-a136-376662333735/6_like.png	7732	site_content
assets/static.tildacdn.com/tild3164-3637-4665-a132-356361343561/photo_52899088100156.jpg	130851	site_content
assets/static.tildacdn.com/tild3164-3962-4934-b037-333861616434/Portal_strike_ik-2.png	6506	site_content
assets/static.tildacdn.com/tild3164-3965-4363-b332-353362343933/-/resize/20x/IMG_7067.jpg	909	site_content
assets/static.tildacdn.com/tild3164-3965-4363-b332-353362343933/IMG_7067.jpg	221311	site_content
assets/static.tildacdn.com/tild3164-6630-4362-a561-313134366163/-2.png	6402	site_content
assets/static.tildacdn.com/tild3164-6665-4035-b662-353137663663/__.png	198677	site_content
assets/static.tildacdn.com/tild3164-6665-4738-a430-646237326530/IMG_3502.jpg	202784	site_content
assets/static.tildacdn.com/tild3165-3133-4965-b833-646230346232/photo_52719489404110.jpg	92769	site_content
assets/static.tildacdn.com/tild3165-3161-4339-a166-353666616432/____mini.png	131697	site_content
assets/static.tildacdn.com/tild3165-3330-4535-b635-346334383462/_Party_Games.jpg	447932	site_content
assets/static.tildacdn.com/tild3165-3365-4866-a536-643762633636/-/resize/20x/IMG_1033-2.jpg	921	site_content
assets/static.tildacdn.com/tild3165-3939-4561-b536-386234653237/6_kids.png	51533	site_content
assets/static.tildacdn.com/tild3165-6431-4336-b038-616431346461/_2___-2.png	131125	site_content
assets/static.tildacdn.com/tild3165-6432-4132-a162-626336306239/photo_2024-09-28_14-.jpg	174454	site_content
assets/static.tildacdn.com/tild3166-3333-4830-b366-646430366531/image-8-2.webp	18024	site_content
assets/static.tildacdn.com/tild3166-6133-4265-b736-666331333162/caed1ab0-dd5c-4e39-a.png	1163827	site_content
assets/static.tildacdn.com/tild3166-6133-4532-a336-653830303563/photo_2024-10-30_14-.jpg	63494	site_content
assets/static.tildacdn.com/tild3230-3035-4234-b534-623639303036/id_6386942333_0-2.png	1403618	site_content
assets/static.tildacdn.com/tild3230-3735-4137-b162-636636363635/photo_2024-10-30_14-.jpg	168580	site_content
assets/static.tildacdn.com/tild3231-3165-4339-b266-346438363839/Frame_1341.svg	2669	site_content
assets/static.tildacdn.com/tild3231-6461-4964-b234-396262613566/IMG_7064-2.jpg	100391	site_content
assets/static.tildacdn.com/tild3231-6466-4162-a665-353764346531/3__.png	179004	site_content
assets/static.tildacdn.com/tild3231-6564-4735-a239-353165663535/noroot.png	346531	site_content
assets/static.tildacdn.com/tild3232-3539-4235-a438-646433356639/Frame_22.svg	6979	site_content
assets/static.tildacdn.com/tild3232-3566-4337-a334-333263366361/IMG_3281.jpg	127052	site_content
assets/static.tildacdn.com/tild3232-3631-4834-a636-396533313730/photo_53980772950812.jpg	139023	site_content
assets/static.tildacdn.com/tild3232-6235-4032-b964-636133363333/2025-2.png	5832	site_content
assets/static.tildacdn.com/tild3232-6365-4432-a637-613261343564/_2___-2.png	182744	site_content
assets/static.tildacdn.com/tild3232-6634-4239-b238-323232363765/IMG_1038-2.jpg	293076	site_content
assets/static.tildacdn.com/tild3233-3264-4466-a466-623635663661/image-6-2.webp	20632	site_content
assets/static.tildacdn.com/tild3233-3665-4139-b731-316337393935/Frame_59.svg	1283710	site_content
assets/static.tildacdn.com/tild3233-6235-4563-b330-643064653932/IMG_4978-2.JPG	143283	site_content
assets/static.tildacdn.com/tild3233-6235-4563-b330-643064653932/IMG_4978-2.webp	134754	site_content
assets/static.tildacdn.com/tild3234-3134-4166-a434-386630616463/photo_53980772950812.jpg	104502	site_content
assets/static.tildacdn.com/tild3234-3264-4237-b530-653662303034/_-.png	118872	site_content
assets/static.tildacdn.com/tild3234-3765-4963-b735-646238303664/_mini.png	20065	site_content
assets/static.tildacdn.com/tild3235-3138-4533-b233-326338366532/Sin_titulo-1_Mesa_de.svg	783	site_content
assets/static.tildacdn.com/tild3235-3233-4039-b238-623161396362/Sin_titulo-1_Mesa_de.svg	783	site_content
assets/static.tildacdn.com/tild3235-3366-4134-b739-643464343062/IMG_7067.jpg	221311	site_content
assets/static.tildacdn.com/tild3235-3935-4063-b933-346639363931/noroot.png	423060	site_content
assets/static.tildacdn.com/tild3236-3232-4839-b637-666466343066/-.jpg	61675	site_content
assets/static.tildacdn.com/tild3236-3630-4235-a538-616265653735/Sin_titulo-1_Mesa_de.svg	783	site_content
assets/static.tildacdn.com/tild3236-6634-4161-b739-303963653530/photo_2024-09-28_14-.jpg	162657	site_content
assets/static.tildacdn.com/tild3237-3530-4565-b864-333261343235/-/resize/20x/id_6386942333_0.jpg	912	site_content
assets/static.tildacdn.com/tild3237-3664-4263-b133-346137303465/2_.jpg	64021	site_content
assets/static.tildacdn.com/tild3237-6263-4632-b333-313961383531/svg_1749642066155.svg	4957	site_content
assets/static.tildacdn.com/tild3238-3538-4263-b761-626338653834/Group_2.png	849	site_content
assets/static.tildacdn.com/tild3238-6261-4135-b662-646561666538/VR3.jpg	47049	site_content
assets/static.tildacdn.com/tild3238-6330-4231-b466-633862643461/IMG_4978-2.JPG	140337	site_content
assets/static.tildacdn.com/tild3239-3534-4262-b565-383065646162/photo.svg	453	site_content
assets/static.tildacdn.com/tild3239-3565-4161-a230-323732646465/6_ruka.png	12295	site_content
assets/static.tildacdn.com/tild3239-3732-4136-a132-303661663537/_.svg	332726	site_content
assets/static.tildacdn.com/tild3239-6162-4163-a632-643330623031/photo_53980772950812.jpg	139023	site_content
assets/static.tildacdn.com/tild3261-3365-4262-b463-643735613366/-_.jpg	98954	site_content
assets/static.tildacdn.com/tild3262-3031-4664-b662-663264656536/Sin_titulo-1_Mesa_de.svg	783	site_content
assets/static.tildacdn.com/tild3262-3035-4337-b265-663333643462/Sin_titulo-1_Mesa_de.svg	783	site_content
assets/static.tildacdn.com/tild3262-3035-4665-b037-386530363433/photo.svg	1982	site_content
assets/static.tildacdn.com/tild3262-3239-4538-b930-393964393236/-/resize/20x/photo_53572970444584.jpg	923	site_content
assets/static.tildacdn.com/tild3262-3239-4538-b930-393964393236/photo_53572970444584.jpg	113792	site_content
assets/static.tildacdn.com/tild3262-6235-4464-b131-613734346230/image-5-2.webp	24562	site_content
assets/static.tildacdn.com/tild3262-6430-4635-b532-306233653561/_2.jpg	86393	site_content
assets/static.tildacdn.com/tild3262-6437-4163-a664-323535303334/_-2.jpg	219298	site_content
assets/static.tildacdn.com/tild3262-6633-4261-b034-306663306138/photo_53980772950812.jpg	125554	site_content
assets/static.tildacdn.com/tild3263-3064-4561-b762-373933613562/image-4-2.webp	31796	site_content
assets/static.tildacdn.com/tild3263-6230-4964-b763-343131643634/ok.png	260	site_content
assets/static.tildacdn.com/tild3263-6436-4134-a466-383565363962/_-2.png	6482	site_content
assets/static.tildacdn.com/tild3263-6538-4537-b934-343064323136/gift--v1.png	4304	site_content
assets/static.tildacdn.com/tild3263-6637-4530-a436-373065646637/IMG_20230619_232452.jpg	62913	site_content
assets/static.tildacdn.com/tild3264-3538-4530-b761-666561356535/photo_2024-10-30_14-.jpg	130150	site_content
assets/static.tildacdn.com/tild3264-3538-4530-b761-666561356535/photo_2024-10-30_14-.webp	101560	site_content
assets/static.tildacdn.com/tild3265-3038-4238-b365-643839373336/LAT_1323.jpg	340213	site_content
assets/static.tildacdn.com/tild3265-3038-4238-b365-643839373336/LAT_1323.webp	163884	site_content
assets/static.tildacdn.com/tild3265-3530-4264-a166-666632666162/photo_2024-09-29_19-.jpg	113310	site_content
assets/static.tildacdn.com/tild3265-3730-4464-a664-383637306332/image-3-2.jpg	51431	site_content
assets/static.tildacdn.com/tild3265-3730-4464-a664-383637306332/image-3-2.webp	13094	site_content
assets/static.tildacdn.com/tild3265-3766-4533-b431-666161303333/-/resize/20x/IMG_5231jpg.webp	416	site_content
assets/static.tildacdn.com/tild3265-3766-4533-b431-666161303333/IMG_5231jpg.webp	109928	site_content
assets/static.tildacdn.com/tild3265-6366-4766-b836-626631383035/Frame_1328-2.png	14109	site_content
assets/static.tildacdn.com/tild3266-3563-4232-b763-643436663366/svg_1747594585591.svg	6806	site_content
assets/static.tildacdn.com/tild3266-3633-4562-b364-663035643935/Hero_1.jpg	165716	site_content
assets/static.tildacdn.com/tild3266-3662-4161-b962-386137353831/_.jpg	44260	site_content
assets/static.tildacdn.com/tild3266-3862-4736-a538-393232393631/photo.jpg	94097	site_content
assets/static.tildacdn.com/tild3266-6337-4239-b435-326335323831/IMG_7068-2.jpg	93120	site_content
assets/static.tildacdn.com/tild3266-6530-4961-b639-656630353465/noroot.png	179540	site_content
assets/static.tildacdn.com/tild3266-6665-4733-b834-656431363737/noroot.png	713147	site_content
assets/static.tildacdn.com/tild3330-6134-4531-a661-303463373338/IMG_8080.jpeg	79022	site_content
assets/static.tildacdn.com/tild3331-3336-4630-a235-306563346364/-/resize/20x/IMG_3785-2.jpg	887	site_content
assets/static.tildacdn.com/tild3331-3336-4630-a235-306563346364/IMG_3785-2.jpg	196110	site_content
assets/static.tildacdn.com/tild3331-6231-4432-b966-663334666264/Sin_titulo-1-03.svg	744	site_content
assets/static.tildacdn.com/tild3331-6231-4664-b832-356461313162/Frame_9-3-2.jpg	100414	site_content
assets/static.tildacdn.com/tild3331-6262-4230-b339-303765306337/_-2.png	7704	site_content
assets/static.tildacdn.com/tild3332-3038-4537-b337-633361343030/-/resize/20x/IMG_8171-2.jpg	884	site_content
assets/static.tildacdn.com/tild3332-3038-4537-b337-633361343030/IMG_8171-2.jpg	158039	site_content
assets/static.tildacdn.com/tild3332-3061-4661-b738-346636633462/tempImage4rhrwp_1-3-.jpg	152526	site_content
assets/static.tildacdn.com/tild3332-3062-4631-a564-336364316163/_mini.jpg	61026	site_content
assets/static.tildacdn.com/tild3332-3166-4133-a639-663336383831/Group_26.png	661	site_content
assets/static.tildacdn.com/tild3332-3938-4331-a335-616663393862/_____.jpg	61172	site_content
assets/static.tildacdn.com/tild3333-3131-4363-b237-663936636161/icon.svg	7795	site_content
assets/static.tildacdn.com/tild3334-3233-4863-b363-663966346362/DSC_0453_1jpg.webp	100094	site_content
assets/static.tildacdn.com/tild3334-3966-4964-b430-373265343261/159d9f2ed569252f19c5.jpeg	75918	site_content
assets/static.tildacdn.com/tild3334-6265-4539-a161-376638336433/6.png	56679	site_content
assets/static.tildacdn.com/tild3334-6265-4539-a161-376638336433/6.webp	10288	site_content
assets/static.tildacdn.com/tild3334-6662-4466-b237-386665393934/_3___-2.png	283862	site_content
assets/static.tildacdn.com/tild3335-3365-4131-b130-663135343131/__.png	7651	site_content
assets/static.tildacdn.com/tild3336-3263-4462-a636-333137316335/Sin_titulo-1-02.svg	908	site_content
assets/static.tildacdn.com/tild3336-3434-4738-a362-643937653036/photo_52899088100156.jpg	121494	site_content
assets/static.tildacdn.com/tild3336-3831-4462-a235-356130663131/_01-2.jpg	54221	site_content
assets/static.tildacdn.com/tild3336-3930-4237-b936-373031366464/IMG_20230619_225859.jpg	62361	site_content
assets/static.tildacdn.com/tild3336-6130-4464-b336-336463313232/tempImageclLCMN_1.webp	18782	site_content
assets/static.tildacdn.com/tild3337-3334-4564-b733-663864376532/noroot.webp	23956	site_content
assets/static.tildacdn.com/tild3337-3465-4164-b862-663864643264/Party_games_ik-2.png	6462	site_content
assets/static.tildacdn.com/tild3337-3537-4933-a532-356335333533/photo.webp	94972	site_content
assets/static.tildacdn.com/tild3337-3666-4237-b830-313666316639/IMAGE_2021-11-24_140.jpg	45755	site_content
assets/static.tildacdn.com/tild3338-3136-4335-b532-663830623362/Sin_titulo-1_Mesa_de.svg	783	site_content
assets/static.tildacdn.com/tild3338-6165-4466-b665-623433623761/Group_2.png	849	site_content
assets/static.tildacdn.com/tild3338-6439-4466-b038-303931333530/9f14ec0d-9aa4-437f-9.png	43575	site_content
assets/static.tildacdn.com/tild3339-6361-4039-a339-616335313430/Sin_titulo-1_Mesa_de.svg	783	site_content
assets/static.tildacdn.com/tild3339-6435-4239-b762-643133336131/Sin_titulo-1_Mesa_de.svg	783	site_content
assets/static.tildacdn.com/tild3339-6462-4239-b662-353164363932/-.png	26638	site_content
assets/static.tildacdn.com/tild3361-3138-4962-b233-633164663065/LAT_3538.jpg	382339	site_content
assets/static.tildacdn.com/tild3361-3138-4962-b233-633164663065/LAT_3538.webp	189008	site_content
assets/static.tildacdn.com/tild3361-3363-4264-b635-393438343031/-/resize/20x/photo_53980772950812.jpg	1002	site_content
assets/static.tildacdn.com/tild3361-3434-4239-b839-373566653432/17653056227838269517.png	464445	site_content
assets/static.tildacdn.com/tild3362-3333-4035-b466-303137303731/IMG_20230619_225835.jpg	81529	site_content
assets/static.tildacdn.com/tild3362-3466-4237-a634-303533353234/-/resize/20x/konstantintaranov-68.jpg	892	site_content
assets/static.tildacdn.com/tild3362-3466-4237-a634-303533353234/konstantintaranov-68.jpg	128717	site_content
assets/static.tildacdn.com/tild3362-6333-4631-a435-656361646166/_14.png	191064	site_content
assets/static.tildacdn.com/tild3362-6333-4631-a435-656361646166/_14.webp	73392	site_content
assets/static.tildacdn.com/tild3363-3462-4233-a662-326533643163/IMG_20230620_072334.jpg	60523	site_content
assets/static.tildacdn.com/tild3363-3735-4236-a431-326334383233/_-2.png	6406	site_content
assets/static.tildacdn.com/tild3363-3939-4161-a432-363165316361/003-history.png	597	site_content
assets/static.tildacdn.com/tild3363-6338-4532-a563-666262343138/NEW_YEAR-4-2.png	35927	site_content
assets/static.tildacdn.com/tild3363-6436-4639-b138-373931383939/Rectangle_33.png	52967	site_content
assets/static.tildacdn.com/tild3364-3332-4138-a232-613136353466/8.png	533874	site_content
assets/static.tildacdn.com/tild3364-6436-4831-a437-363436366534/-/resize/20x/ugon3jpg.jpg	938	site_content
assets/static.tildacdn.com/tild3364-6436-4831-a437-363436366534/ugon3jpg.jpg	108119	site_content
assets/static.tildacdn.com/tild3365-3336-4232-b966-663430316334/Cartoon_Boy_Harry_Ho.png	9462	site_content
assets/static.tildacdn.com/tild3365-3336-4232-b966-663430316334/Cartoon_Boy_Harry_Ho.webp	3672	site_content
assets/static.tildacdn.com/tild3365-3635-4465-b335-343632663439/photo_52899088100156.jpg	108927	site_content
assets/static.tildacdn.com/tild3365-6339-4435-a633-623833323735/noroot.png	694535	site_content
assets/static.tildacdn.com/tild3366-3061-4861-a239-613533626261/Sin_titulo-1_Mesa_de.svg	783	site_content
assets/static.tildacdn.com/tild3366-3663-4536-a538-373466313034/-2.png	83929	site_content
assets/static.tildacdn.com/tild3366-6365-4762-b665-633666363431/_2.jpg	102729	site_content
assets/static.tildacdn.com/tild3430-3061-4661-b339-636639623163/Frame_1341.svg	2669	site_content
assets/static.tildacdn.com/tild3430-3135-4739-b536-613937653061/svg_1747594546072.svg	6805	site_content
assets/static.tildacdn.com/tild3430-3333-4134-b838-386338626265/-/resize/20x/photo_2023-12-15_21-.jpg	928	site_content
assets/static.tildacdn.com/tild3430-3930-4437-b335-623937323737/IMG_7151.jpg	156908	site_content
assets/static.tildacdn.com/tild3430-6563-4631-a563-356539343637/image-3-2.png	87088	site_content
assets/static.tildacdn.com/tild3431-3038-4362-b232-386265383466/8.png	58150	site_content
assets/static.tildacdn.com/tild3431-3237-4565-a435-343732646232/5_banda.png	249810	site_content
assets/static.tildacdn.com/tild3431-3631-4338-a263-343265383664/noroot.png	275516	site_content
assets/static.tildacdn.com/tild3431-3735-4264-b439-633630306164/001-maps-and-flags.svg	684	site_content
assets/static.tildacdn.com/tild3431-3965-4430-b063-643038653435/IMG_8104jpg-2.webp	105394	site_content
assets/static.tildacdn.com/tild3431-6537-4539-b938-346138366463/____.png	248566	site_content
assets/static.tildacdn.com/tild3432-6136-4333-b532-663661646264/photo_2024-11-11_12-.jpg	111899	site_content
assets/static.tildacdn.com/tild3432-6166-4266-b030-663765393637/svg_1758105377099.svg	1021	site_content
assets/static.tildacdn.com/tild3433-6262-4231-b832-646365383035/image_2025-03-20_20-.jpg	99623	site_content
assets/static.tildacdn.com/tild3434-3462-4665-b535-383435633563/image-15-2.png	26876	site_content
assets/static.tildacdn.com/tild3434-3536-4438-b134-383235386439/Sin_titulo-1_Mesa_de.svg	783	site_content
assets/static.tildacdn.com/tild3434-3737-4263-a364-616564326139/8.png	58150	site_content
assets/static.tildacdn.com/tild3434-6135-4537-b932-666563363536/Colorful_BalloonsH03.png	8777	site_content
assets/static.tildacdn.com/tild3434-6135-4537-b932-666563363536/Colorful_BalloonsH03.webp	2508	site_content
assets/static.tildacdn.com/tild3434-6236-4666-b730-653163336530/_VR.jpg	129906	site_content
assets/static.tildacdn.com/tild3434-6330-4661-b163-643832373066/photo_53980772950812.jpg	135796	site_content
assets/static.tildacdn.com/tild3434-6438-4938-a637-633430623562/bombaquest_hostel_po.jpg	17950	site_content
assets/static.tildacdn.com/tild3435-3464-4339-b730-363863653365/8.png	58150	site_content
assets/static.tildacdn.com/tild3435-3562-4164-a165-336265323434/photo_52245135305926.jpg	104375	site_content
assets/static.tildacdn.com/tild3435-3664-4963-b337-336266343361/photo_2024-10-30_14-.jpg	168580	site_content
assets/static.tildacdn.com/tild3435-3665-4064-a336-653663386664/konstantintaranov-24.jpg	59303	site_content
assets/static.tildacdn.com/tild3435-6237-4166-a533-303533373539/svg_1773243747952.svg	663	site_content
assets/static.tildacdn.com/tild3435-6363-4039-a638-313563306366/IMG_1044-2.jpg	299539	site_content
assets/static.tildacdn.com/tild3435-6665-4839-b561-633238653832/Sin_titulo-1_Mesa_de.svg	783	site_content
assets/static.tildacdn.com/tild3436-3336-4039-b663-636466623138/Sin_titulo-1-03.svg	744	site_content
assets/static.tildacdn.com/tild3436-3664-4361-b363-363263316463/image-8-2.webp	32972	site_content
assets/static.tildacdn.com/tild3436-6365-4665-a465-343439316163/_-2.png	6460	site_content
assets/static.tildacdn.com/tild3436-6536-4239-b265-303332356330/image_4.png	199778	site_content
assets/static.tildacdn.com/tild3436-6537-4738-a333-343966386138/__1-2.webp	8666	site_content
assets/static.tildacdn.com/tild3437-3336-4535-a431-396335396138/_DSC3759.jpg	223022	site_content
assets/static.tildacdn.com/tild3437-3561-4536-a635-303066306432/new__.jpg	158092	site_content
assets/static.tildacdn.com/tild3437-3631-4361-a534-653939383935/-/resize/20x/___4jpg-2.webp	398	site_content
assets/static.tildacdn.com/tild3437-3631-4361-a534-653939383935/___4jpg-2.webp	95034	site_content
assets/static.tildacdn.com/tild3438-3366-4137-b166-303763313235/_-2.jpg	139158	site_content
assets/static.tildacdn.com/tild3439-3036-4166-a237-633766626637/image-3-2.png	89355	site_content
assets/static.tildacdn.com/tild3439-3531-4535-b661-393264383037/__.jpg	55207	site_content
assets/static.tildacdn.com/tild3439-6362-4561-a465-303634663163/birthday-cake.png	4614	site_content
assets/static.tildacdn.com/tild3439-6564-4239-b865-616134313230/IMG_3972-2.png	930196	site_content
assets/static.tildacdn.com/tild3461-3638-4839-b762-326438376439/photo.png	207799	site_content
assets/static.tildacdn.com/tild3462-3262-4664-a463-306335666234/free-icon-phone-call.svg	1999	site_content
assets/static.tildacdn.com/tild3462-3330-4661-b461-313732386230/IMG_8101jpg-2.webp	92870	site_content
assets/static.tildacdn.com/tild3462-3335-4439-a234-316530653936/photo.png	145166	site_content
assets/static.tildacdn.com/tild3462-3338-4131-b463-323965323630/photo_53980772950812.jpg	127115	site_content
assets/static.tildacdn.com/tild3462-6361-4331-a530-613138666131/_st_block.png	213151	site_content
assets/static.tildacdn.com/tild3462-6565-4131-b138-666134393862/__2GIS.png	64030	site_content
assets/static.tildacdn.com/tild3462-6565-4131-b138-666134393862/__2GIS.webp	18238	site_content
assets/static.tildacdn.com/tild3463-3931-4833-b565-346437376365/_GPT_light.png	50171	site_content
assets/static.tildacdn.com/tild3463-3931-4833-b565-346437376365/_GPT_light.webp	5864	site_content
assets/static.tildacdn.com/tild3464-3462-4065-b462-353931643230/__.jpg	39340	site_content
assets/static.tildacdn.com/tild3464-3761-4133-b563-306136346438/__copia2x.png	592086	site_content
assets/static.tildacdn.com/tild3464-6263-4732-b533-343632613635/-/resize/20x/photo_53980772950812.jpg	918	site_content
assets/static.tildacdn.com/tild3464-6665-4961-b665-363365666438/___st_block.png	89409	site_content
assets/static.tildacdn.com/tild3465-3338-4533-a235-356139393230/_.webp	55530	site_content
assets/static.tildacdn.com/tild3465-6130-4138-a562-306366316431/IMG_8062jpg-2.webp	62022	site_content
assets/static.tildacdn.com/tild3465-6631-4734-a366-633732343135/-/resize/20x/photo_53980772950812.jpg	1048	site_content
assets/static.tildacdn.com/tild3466-3134-4363-b064-613538316266/6_baloon2.png	5658	site_content
assets/static.tildacdn.com/tild3466-3963-4064-b831-353563623839/photo_2023-10-30_21-.jpg	37459	site_content
assets/static.tildacdn.com/tild3466-3963-4865-b837-663732303638/svg_1758105385401.svg	1014	site_content
assets/static.tildacdn.com/tild3466-6130-4564-a365-643635333331/__________01-2.jpg	273287	site_content
assets/static.tildacdn.com/tild3466-6634-4163-a365-336233663634/001-maps-and-flags.svg	684	site_content
assets/static.tildacdn.com/tild3530-3135-4366-b466-643965336563/-/resize/20x/bombaquest_hostel_ph.jpg	569	site_content
assets/static.tildacdn.com/tild3530-3135-4366-b466-643965336563/bombaquest_hostel_ph.jpg	35576	site_content
assets/static.tildacdn.com/tild3530-3537-4161-b065-343062393764/IMG_4988.JPG	86922	site_content
assets/static.tildacdn.com/tild3530-6437-4531-b939-363662633635/-/resize/20x/DSC_04741500-2.jpg	907	site_content
assets/static.tildacdn.com/tild3530-6437-4531-b939-363662633635/DSC_04741500-2.jpg	279850	site_content
assets/static.tildacdn.com/tild3530-6466-4838-b832-353262336136/_3___-2.png	157088	site_content
assets/static.tildacdn.com/tild3531-3164-4231-a536-623462373662/IMG_3249.jpg	183088	site_content
assets/static.tildacdn.com/tild3531-3330-4161-b134-313666653439/__.png	6051	site_content
assets/static.tildacdn.com/tild3531-3365-4539-a439-636435326565/photo_2024-10-30_14-.jpg	111770	site_content
assets/static.tildacdn.com/tild3531-3431-4138-a463-636636326662/photo_53616418204901.jpg	42537	site_content
assets/static.tildacdn.com/tild3531-6466-4433-b361-333161316364/-/resize/20x/ugon4jpg.jpg	905	site_content
assets/static.tildacdn.com/tild3531-6466-4433-b361-333161316364/ugon4jpg.jpg	112651	site_content
assets/static.tildacdn.com/tild3532-3133-4462-b232-626435626664/image-7.webp	18348	site_content
assets/static.tildacdn.com/tild3532-3262-4932-b261-383136656265/Sin_titulo-1_Mesa_de.svg	783	site_content
assets/static.tildacdn.com/tild3532-3434-4664-a464-366335343238/-.jpg	165843	site_content
assets/static.tildacdn.com/tild3533-3162-4566-a339-353761623963/-/resize/20x/IMG_7369-min_.jpg	937	site_content
assets/static.tildacdn.com/tild3533-6262-4034-a465-336536666338/Sin_titulo-1_Mesa_de.svg	783	site_content
assets/static.tildacdn.com/tild3533-6262-4464-a465-383865646636/_1___-2.png	136692	site_content
assets/static.tildacdn.com/tild3533-6639-4433-b265-663331666466/quest_stars_patologi.jpg	71391	site_content
assets/static.tildacdn.com/tild3534-3237-4062-b433-336239353838/image_2025-03-20_20-.jpg	141438	site_content
assets/static.tildacdn.com/tild3534-3361-4366-a666-373737636565/IMG_8075jpg-2.webp	106776	site_content
assets/static.tildacdn.com/tild3535-3437-4837-b939-646237636439/photo.jpg	83265	site_content
assets/static.tildacdn.com/tild3535-3764-4434-a365-643361393266/-/resize/20x/Zs7eA0Sjryk-2.jpg	933	site_content
assets/static.tildacdn.com/tild3535-3764-4434-a365-643361393266/Zs7eA0Sjryk-2.jpg	266515	site_content
assets/static.tildacdn.com/tild3535-3863-4466-b934-306336633032/Sin_titulo-1_Mesa_de.svg	783	site_content
assets/static.tildacdn.com/tild3535-6637-4238-b435-386537363864/_-2.png	6427	site_content
assets/static.tildacdn.com/tild3535-6639-4365-a165-343265326163/party-baloons.png	6152	site_content
assets/static.tildacdn.com/tild3535-6662-4837-a163-653431623335/_.jpg	221893	site_content
assets/static.tildacdn.com/tild3536-3232-4837-a430-643364383434/_.svg	278	site_content
assets/static.tildacdn.com/tild3536-3538-4666-a132-313662373136/photo_51931340829162.jpg	50141	site_content
assets/static.tildacdn.com/tild3536-6331-4565-b461-316465303434/2.png	291705	site_content
assets/static.tildacdn.com/tild3537-3136-4665-b339-363339353138/IMG_7336.JPG	71201	site_content
assets/static.tildacdn.com/tild3537-3932-4835-a238-393030646235/3.png	359585	site_content
assets/static.tildacdn.com/tild3537-6261-4833-a161-303633303830/_.png	65441	site_content
assets/static.tildacdn.com/tild3537-6561-4037-b435-303936646336/Sin_titulo-1-02.svg	908	site_content
assets/static.tildacdn.com/tild3538-6338-4039-b662-323163633930/image-5-2.png	26484	site_content
assets/static.tildacdn.com/tild3539-3165-4264-b662-646432636638/___2.webp	71012	site_content
assets/static.tildacdn.com/tild3539-3262-4933-b130-663531376135/001-maps-and-flags.svg	684	site_content
assets/static.tildacdn.com/tild3539-3436-4132-a533-303639653139/__.png	145222	site_content
assets/static.tildacdn.com/tild3539-3765-4937-b161-656464383237/Frame_1341.svg	2669	site_content
assets/static.tildacdn.com/tild3561-3036-4763-a633-393338336536/_DSC3787.jpg	307395	site_content
assets/static.tildacdn.com/tild3561-3066-4630-a432-646466366434/A1-sr82sdjk_1.jpg	164688	site_content
assets/static.tildacdn.com/tild3561-3266-4635-b264-643032336637/IMG_7151.jpg	56170	site_content
assets/static.tildacdn.com/tild3561-3266-4662-a539-313732383839/noroot.webp	103704	site_content
assets/static.tildacdn.com/tild3561-3934-4231-b639-323164653634/4090969693_a35cdc26-.png	30371	site_content
assets/static.tildacdn.com/tild3561-6366-4337-a637-363764333531/decor___blur.svg	1321	site_content
assets/static.tildacdn.com/tild3561-6434-4235-b832-663937623132/-/resize/20x/photo_53980772950812.jpg	1017	site_content
assets/static.tildacdn.com/tild3563-3231-4235-a638-323266316466/photo.png	300913	site_content
assets/static.tildacdn.com/tild3563-6236-4435-b539-336539323632/_st_block.png	57233	site_content
assets/static.tildacdn.com/tild3563-6366-4262-b031-616361636433/Sin_titulo-1_Mesa_de.svg	783	site_content
assets/static.tildacdn.com/tild3564-3134-4832-b935-343137363033/IMG_5253.JPG	93398	site_content
assets/static.tildacdn.com/tild3564-3163-4131-b439-336266663830/-/resize/20x/IMG_1044-2.jpg	927	site_content
assets/static.tildacdn.com/tild3564-3234-4635-b733-396466643433/image-4-2.webp	18024	site_content
assets/static.tildacdn.com/tild3564-3266-4737-b762-336361313533/-/resize/20x/upload_4b5390b409699.jpg	923	site_content
assets/static.tildacdn.com/tild3564-3266-4737-b762-336361313533/upload_4b5390b409699.jpg	140365	site_content
assets/static.tildacdn.com/tild3564-3962-4361-b561-303431343737/image_27-2.png	18664	site_content
assets/static.tildacdn.com/tild3564-6538-4438-b563-356663383339/_big.png	48746	site_content
assets/static.tildacdn.com/tild3565-3134-4038-b361-303965633364/Portal_kids_ik-2.png	6475	site_content
assets/static.tildacdn.com/tild3565-3665-4264-a438-616436393633/-/resize/20x/IMG_7370-min_.jpg	919	site_content
assets/static.tildacdn.com/tild3565-6165-4137-b536-353565373135/quest_stars_patologi.jpg	29620	site_content
assets/static.tildacdn.com/tild3565-6334-4163-b966-373864306535/photo_51931340829162.jpg	73812	site_content
assets/static.tildacdn.com/tild3566-3064-4133-b831-356261366238/_-2.png	6439	site_content
assets/static.tildacdn.com/tild3566-3233-4636-b931-666439353935/Sin_titulo-1_Mesa_de.svg	783	site_content
assets/static.tildacdn.com/tild3566-3334-4234-b233-653839613766/photo.webp	20246	site_content
assets/static.tildacdn.com/tild3566-3334-4966-b035-636432313661/LAT_5835.jpg	203883	site_content
assets/static.tildacdn.com/tild3566-3961-4461-b934-663663396334/Frame_1341.svg	2669	site_content
assets/static.tildacdn.com/tild3630-3365-4161-b439-353039346262/2_4_1.svg	1136889	site_content
assets/static.tildacdn.com/tild3630-3564-4432-b334-633066346433/Sin_titulo-1_Mesa_de.svg	783	site_content
assets/static.tildacdn.com/tild3630-3738-4462-b561-326632646165/_611.jpg	25954	site_content
assets/static.tildacdn.com/tild3630-3936-4736-b639-666332353035/photo_51931340829162.jpg	96823	site_content
assets/static.tildacdn.com/tild3631-3836-4531-b039-303431663735/8.png	58150	site_content
assets/static.tildacdn.com/tild3631-3837-4233-b766-626566656633/_.jpg	43644	site_content
assets/static.tildacdn.com/tild3632-6432-4034-a665-666633343761/ic_info_outline_black.svg	756	site_content
assets/static.tildacdn.com/tild3632-6536-4331-a666-316464363066/IMG_8085.jpeg	51932	site_content
assets/static.tildacdn.com/tild3632-6638-4462-b934-386630386332/Frame_22.svg	6979	site_content
assets/static.tildacdn.com/tild3633-3134-4437-b738-393839316431/svg_1747594572795.svg	6806	site_content
assets/static.tildacdn.com/tild3633-3964-4262-b731-333734383564/IMG_8011jpg-2-2.webp	34806	site_content
assets/static.tildacdn.com/tild3634-3037-4639-b762-303561396361/_.webp	18702	site_content
assets/static.tildacdn.com/tild3634-3830-4237-a465-383064306538/-/resize/20x/IMG_1036-2.jpg	904	site_content
assets/static.tildacdn.com/tild3635-3962-4134-b738-353735346234/noroot.png	268676	site_content
assets/static.tildacdn.com/tild3635-3963-4039-b139-663737666633/-_.jpg	36162	site_content
assets/static.tildacdn.com/tild3636-3365-4230-b034-373264656531/Sin_titulo-1_Mesa_de.svg	783	site_content
assets/static.tildacdn.com/tild3636-3835-4665-b338-666330336136/_.jpg	130033	site_content
assets/static.tildacdn.com/tild3636-6463-4332-a131-313030313561/_1861.jpg	26985	site_content
assets/static.tildacdn.com/tild3637-6230-4333-b731-313330343434/2_decor__.svg	875	site_content
assets/static.tildacdn.com/tild3637-6236-4832-b162-363931626431/IMG_20230620_072429.jpg	26858	site_content
assets/static.tildacdn.com/tild3638-3337-4261-b839-663838356334/_DSC7951_1.jpg	143937	site_content
assets/static.tildacdn.com/tild3638-6264-4237-b062-646161343632/8.png	58150	site_content
assets/static.tildacdn.com/tild3638-6430-4263-a639-616163316136/noroot.png	413464	site_content
assets/static.tildacdn.com/tild3638-6533-4330-b934-363430653464/001-maps-and-flags.svg	684	site_content
assets/static.tildacdn.com/tild3639-3032-4062-b030-346363616339/-/resize/20x/IMG_1037-2.jpg	928	site_content
assets/static.tildacdn.com/tild3639-3136-4430-b835-343236396231/apple-phone.png	2006	site_content
assets/static.tildacdn.com/tild3639-3330-4433-b536-333834653333/__.webp	106686	site_content
assets/static.tildacdn.com/tild3639-3337-4163-b935-626366336431/_.svg	587100	site_content
assets/static.tildacdn.com/tild3639-3736-4464-b865-313663313264/-/resize/20x/kgb3jpg-2.jpg	908	site_content
assets/static.tildacdn.com/tild3639-3736-4464-b865-313663313264/kgb3jpg-2.jpg	61789	site_content
assets/static.tildacdn.com/tild3661-6333-4335-b964-653234633737/-/resize/20x/IMG_8198-2.jpg	870	site_content
assets/static.tildacdn.com/tild3661-6333-4335-b964-653234633737/IMG_8198-2.jpg	161351	site_content
assets/static.tildacdn.com/tild3661-6365-4435-a331-343836663534/_1_1.svg	1216857	site_content
assets/static.tildacdn.com/tild3662-6466-4436-a636-376234363361/photo_2024-06-18_21-.jpg	106554	site_content
assets/static.tildacdn.com/tild3662-6664-4032-b135-663138643665/photo_2024-06-08_14-.jpg	103210	site_content
assets/static.tildacdn.com/tild3663-3163-4934-a566-336335666437/run-2.jpg	144969	site_content
assets/static.tildacdn.com/tild3663-3263-4136-b831-333631343265/IMG_7151.jpg	156908	site_content
assets/static.tildacdn.com/tild3663-3435-4437-b134-323835643532/tempImageRF9AD7_1-2.png	462286	site_content
assets/static.tildacdn.com/tild3663-6538-4766-b866-333262336463/Vector_Smart_Object_.png	1414	site_content
assets/static.tildacdn.com/tild3664-3031-4764-a336-356365656532/IMG_3437.jpg	150492	site_content
assets/static.tildacdn.com/tild3664-3038-4131-b635-643935393636/_02-2.jpg	153610	site_content
assets/static.tildacdn.com/tild3664-3863-4964-a135-323536623164/Fondo.png	3095616	site_content
assets/static.tildacdn.com/tild3664-6361-4431-b035-666164323634/icons8-.gif	6485	site_content
assets/static.tildacdn.com/tild3664-6666-4330-b165-666161616538/photo_53980772950812.jpg	147432	site_content
assets/static.tildacdn.com/tild3665-3238-4465-a464-613766613634/__.png	32672	site_content
assets/static.tildacdn.com/tild3665-6262-4166-b037-343431363732/Frame_1341.svg	2669	site_content
assets/static.tildacdn.com/tild3665-6336-4632-b661-353763653766/Sin_titulo-1-03.svg	744	site_content
assets/static.tildacdn.com/tild3665-6436-4665-b563-356139333732/_.jpg	201997	site_content
assets/static.tildacdn.com/tild3665-6436-4665-b563-356139333732/_.webp	133678	site_content
assets/static.tildacdn.com/tild3666-3063-4234-b666-333334363733/Dw9p2Cs30WY-2_1-2-2.png	24639	site_content
assets/static.tildacdn.com/tild3666-3139-4239-a333-396537623161/logo2-03.svg	868	site_content
assets/static.tildacdn.com/tild3666-3161-4534-a230-353131636338/zakrytaya_zona_ne_po.jpg	30492	site_content
assets/static.tildacdn.com/tild3666-3363-4430-b737-616439363137/-_.jpg	79604	site_content
assets/static.tildacdn.com/tild3666-6631-4861-a366-626239616436/Frame_14.svg	15484	site_content
assets/static.tildacdn.com/tild3730-3134-4232-a663-646465323631/702b5a78-c903-4fbe-a.jpg	97788	site_content
assets/static.tildacdn.com/tild3730-3162-4135-b063-653034366261/photo_53572970444584.jpg	106874	site_content
assets/static.tildacdn.com/tild3730-3631-4664-a639-323638656165/3__.png	178742	site_content
assets/static.tildacdn.com/tild3730-6236-4162-b032-663630336533/___-2.png	6471	site_content
assets/static.tildacdn.com/tild3730-6433-4639-b934-633037323135/photo.jpg	60885	site_content
assets/static.tildacdn.com/tild3730-6634-4766-a632-656164343433/_007__ROBLOX_.png	121286	site_content
assets/static.tildacdn.com/tild3730-6634-4766-a632-656164343433/_007__ROBLOX_.webp	42162	site_content
assets/static.tildacdn.com/tild3731-6163-4031-b035-663832393539/Sin_titulo-1_Mesa_de.svg	783	site_content
assets/static.tildacdn.com/tild3731-6330-4232-a339-393461633861/photo_53980772950812.jpg	104502	site_content
assets/static.tildacdn.com/tild3731-6666-4738-a631-323162346334/_.jpg	90951	site_content
assets/static.tildacdn.com/tild3732-3261-4132-b237-623736373435/-/resize/20x/photo_52379156410360.jpg	925	site_content
assets/static.tildacdn.com/tild3732-6337-4561-a263-363062343735/_1031.jpg	71571	site_content
assets/static.tildacdn.com/tild3732-6366-4564-b734-323263346433/__.webp	63254	site_content
assets/static.tildacdn.com/tild3733-3134-4666-a534-353134336435/-/resize/20x/photo_53980772950812.jpg	1009	site_content
assets/static.tildacdn.com/tild3733-3266-4434-b933-636336313937/photo_20325-05-13_11.png	168584	site_content
assets/static.tildacdn.com/tild3733-3361-4461-b737-366638383531/fire.png	5268	site_content
assets/static.tildacdn.com/tild3733-6162-4939-a131-326461653038/_-2.png	6279	site_content
assets/static.tildacdn.com/tild3734-3063-4631-a131-653635366164/2____.jpg	86963	site_content
assets/static.tildacdn.com/tild3734-3361-4337-b335-356330383539/image-18-04-25-06-09.jpg	746590	site_content
assets/static.tildacdn.com/tild3734-3866-4938-b361-313238313433/svg_1719351471927.svg	73930	site_content
assets/static.tildacdn.com/tild3734-6332-4632-b631-323466393135/IMG_20230619_232314.jpg	26424	site_content
assets/static.tildacdn.com/tild3734-6436-4435-a365-623034666262/-/resize/20x/IMG_8250-2.jpg	902	site_content
assets/static.tildacdn.com/tild3734-6436-4435-a365-623034666262/IMG_8250-2.jpg	277496	site_content
assets/static.tildacdn.com/tild3735-6334-4633-b631-313735626131/Sin_titulo-1-02.svg	908	site_content
assets/static.tildacdn.com/tild3736-3734-4235-b061-363564636134/-/resize/20x/IMG_1049-2.jpg	1080	site_content
assets/static.tildacdn.com/tild3736-3836-4132-b430-653734356133/image_7.png	193881	site_content
assets/static.tildacdn.com/tild3736-6130-4661-a561-366163396461/LAT_3451.jpg	329605	site_content
assets/static.tildacdn.com/tild3736-6130-4661-a561-366163396461/LAT_3451.webp	167036	site_content
assets/static.tildacdn.com/tild3736-6165-4564-b366-353337653061/-/resize/20x/IMG_1036-2.jpg	904	site_content
assets/static.tildacdn.com/tild3737-3661-4466-b364-633762616338/Sin_titulo-1_Mesa_de.svg	783	site_content
assets/static.tildacdn.com/tild3737-3733-4164-a234-343462326538/-/resize/20x/IMG_8245-2.jpg	896	site_content
assets/static.tildacdn.com/tild3737-3733-4164-a234-343462326538/IMG_8245-2.jpg	259257	site_content
assets/static.tildacdn.com/tild3737-6133-4062-a432-356661643237/kids-min.png	401534	site_content
assets/static.tildacdn.com/tild3737-6464-4266-b265-393030366439/4__.png	6590	site_content
assets/static.tildacdn.com/tild3738-3136-4238-b036-313239313830/image-2.png	7417	site_content
assets/static.tildacdn.com/tild3738-3139-4135-a466-653532396362/image-13-2.webp	47768	site_content
assets/static.tildacdn.com/tild3738-3861-4636-b531-376631326334/_.jpg	118635	site_content
assets/static.tildacdn.com/tild3738-6137-4533-a233-633534373733/-/resize/20x/photo_52379156410360.jpg	925	site_content
assets/static.tildacdn.com/tild3739-3430-4539-b366-613466643030/Sin_titulo-1_Mesa_de.svg	783	site_content
assets/static.tildacdn.com/tild3739-3838-4330-b533-626330363832/image-9-2.webp	14186	site_content
assets/static.tildacdn.com/tild3739-3861-4237-b434-333732383561/photo.png	258687	site_content
assets/static.tildacdn.com/tild3739-3934-4031-a338-353635653464/IMG_8012_1jpg-3.webp	96752	site_content
assets/static.tildacdn.com/tild3761-3735-4430-b832-373637653537/__.jpg	48645	site_content
assets/static.tildacdn.com/tild3761-6235-4039-b261-393039633962/IMG_8044jpg-3.webp	63224	site_content
assets/static.tildacdn.com/tild3761-6461-4363-b436-653661303937/_.svg	284	site_content
assets/static.tildacdn.com/tild3762-3038-4831-b532-663462636430/Sin_titulo-1-03.svg	744	site_content
assets/static.tildacdn.com/tild3762-3433-4465-a331-313563633066/photo_2024-11-02_03-.jpg	72843	site_content
assets/static.tildacdn.com/tild3762-3563-4638-b163-303165633763/_02-2.jpg	153610	site_content
assets/static.tildacdn.com/tild3762-3731-4234-a334-633439373735/_.png	7679	site_content
assets/static.tildacdn.com/tild3762-6563-4666-a238-393732393663/image-5-2.png	89767	site_content
assets/static.tildacdn.com/tild3763-3032-4430-a234-333137626437/photo_52899088100156.jpg	93379	site_content
assets/static.tildacdn.com/tild3763-3539-4565-b833-383165303864/-/resize/20x/IMG_1033-2.jpg	921	site_content
assets/static.tildacdn.com/tild3763-3839-4662-a161-633239313535/_.jpg	118635	site_content
assets/static.tildacdn.com/tild3763-6131-4030-b665-386366376235/IMG_4403_1.jpg	137098	site_content
assets/static.tildacdn.com/tild3764-3134-4165-b539-326138323366/__mini.png	47760	site_content
assets/static.tildacdn.com/tild3764-6439-4433-a266-633336383865/-_.jpg	79330	site_content
assets/static.tildacdn.com/tild3766-3261-4837-a434-643539393334/_.svg	1017220	site_content
assets/static.tildacdn.com/tild3766-3336-4566-a561-343366316235/-/resize/20x/___3__-2.jpg	900	site_content
assets/static.tildacdn.com/tild3766-3336-4566-a561-343366316235/___3__-2.jpg	273931	site_content
assets/static.tildacdn.com/tild3830-3130-4662-b562-386630333361/noroot.png	242256	site_content
assets/static.tildacdn.com/tild3830-3366-4161-b636-373562633061/photo_2023-11-20_22-.jpg	45719	site_content
assets/static.tildacdn.com/tild3832-3762-4130-b366-666366373136/-/resize/20x/IMG_8136-2.jpg	899	site_content
assets/static.tildacdn.com/tild3832-3762-4130-b366-666366373136/IMG_8136-2.jpg	252417	site_content
assets/static.tildacdn.com/tild3832-6137-4765-b131-376533323262/image-6-2.webp	13416	site_content
assets/static.tildacdn.com/tild3833-3332-4162-b139-306565346233/Group-2.png	21909	site_content
assets/static.tildacdn.com/tild3833-6162-4661-a631-346362346432/_Portal_Strike.png	63007	site_content
assets/static.tildacdn.com/tild3833-6637-4432-b736-386538313735/tempImagePVWdhK_1-2.webp	82464	site_content
assets/static.tildacdn.com/tild3834-3730-4065-b561-363835313731/noroot.png	267056	site_content
assets/static.tildacdn.com/tild3834-6132-4531-a331-623039313762/burger_1.png	1624	site_content
assets/static.tildacdn.com/tild3834-6264-4434-b061-333862343963/noroot.png	615566	site_content
assets/static.tildacdn.com/tild3834-6435-4564-b934-633162353064/svg_1747594558718.svg	6805	site_content
assets/static.tildacdn.com/tild3834-6565-4038-a561-623064353630/Favicon.webp	5924	site_content
assets/static.tildacdn.com/tild3835-3832-4365-a364-633938666339/IMG_8114jpg-2.webp	93386	site_content
assets/static.tildacdn.com/tild3836-3363-4263-b364-663639633436/8.png	58150	site_content
assets/static.tildacdn.com/tild3836-3465-4165-b533-363736613561/_1___-2.png	212040	site_content
assets/static.tildacdn.com/tild3836-3761-4937-a262-326237356434/Sin_titulo-1-03.svg	744	site_content
assets/static.tildacdn.com/tild3836-6134-4037-a337-623736643465/_.jpg	106115	site_content
assets/static.tildacdn.com/tild3836-6461-4436-b238-323766353839/102832617_1.png	34400	site_content
assets/static.tildacdn.com/tild3837-3831-4363-a463-353239383431/_1___-2.png	170596	site_content
assets/static.tildacdn.com/tild3837-3861-4633-a635-656137656437/freepik__expand__303.jpeg	30256	site_content
assets/static.tildacdn.com/tild3837-6438-4534-a139-623363356466/-/resize/20x/photo_2023-12-15_16-.jpg	937	site_content
assets/static.tildacdn.com/tild3837-6538-4232-a237-386166376139/8.png	58150	site_content
assets/static.tildacdn.com/tild3837-6665-4261-b030-303434653333/button__2.svg	569	site_content
assets/static.tildacdn.com/tild3838-3630-4465-b366-623562313065/_.svg	278	site_content
assets/static.tildacdn.com/tild3838-3934-4934-b366-353136663561/_.svg	284	site_content
assets/static.tildacdn.com/tild3838-6338-4636-b135-646464376165/svg_1747594504254.svg	6805	site_content
assets/static.tildacdn.com/tild3839-3039-4634-b964-663637613935/Frame_13.svg	8486	site_content
assets/static.tildacdn.com/tild3839-3438-4135-a335-666434316132/photo_2024-10-30_14-.jpg	140921	site_content
assets/static.tildacdn.com/tild3839-3534-4665-b030-626561663961/Sin_titulo-1_Mesa_de.svg	783	site_content
assets/static.tildacdn.com/tild3839-6166-4036-b636-343739373866/OBJECTS_2_1.png	642	site_content
assets/static.tildacdn.com/tild3839-6436-4735-a434-636630643635/_3___-2.png	122864	site_content
assets/static.tildacdn.com/tild3861-3135-4930-b932-383731343136/5.png	55961	site_content
assets/static.tildacdn.com/tild3861-3135-4930-b932-383731343136/5.webp	9334	site_content
assets/static.tildacdn.com/tild3861-6631-4164-b161-643466643963/photo_2024-10-30_14-.jpg	140921	site_content
assets/static.tildacdn.com/tild3861-6638-4136-b362-326232326266/221_3_2.svg	1136516	site_content
assets/static.tildacdn.com/tild3862-3664-4861-b539-326363333135/-/resize/20x/DSC_04871500-2.jpg	925	site_content
assets/static.tildacdn.com/tild3862-3664-4861-b539-326363333135/DSC_04871500-2.jpg	310316	site_content
assets/static.tildacdn.com/tild3862-3836-4137-b264-373966363439/Sin_titulo-1_Mesa_de.svg	783	site_content
assets/static.tildacdn.com/tild3862-6331-4263-b264-343334343765/_.jpg	60241	site_content
assets/static.tildacdn.com/tild3863-3062-4336-b566-333335396135/Desktop_-_11.png	2278792	site_content
assets/static.tildacdn.com/tild3863-3161-4138-a632-323030663536/photo_2025-05-06_15-.jpg	182740	site_content
assets/static.tildacdn.com/tild3863-3430-4430-b763-323731343539/IMG_20230620_071548.jpg	43987	site_content
assets/static.tildacdn.com/tild3863-6630-4162-a634-356462613633/Sin_titulo-1_Mesa_de.svg	783	site_content
assets/static.tildacdn.com/tild3864-3137-4236-a365-373065343230/tempImage4rhrwp_1-4.jpg	84195	site_content
assets/static.tildacdn.com/tild3864-3936-4064-b633-356563643865/_-___2.webp	69216	site_content
assets/static.tildacdn.com/tild3865-3132-4864-a630-326531636333/eee8132230613e0ca1d5.jpg	83498	site_content
assets/static.tildacdn.com/tild3865-3330-4661-a539-613535393162/photo.png	46915	site_content
assets/static.tildacdn.com/tild3865-3663-4265-a638-323935656638/photo_53980772950812.jpg	148749	site_content
assets/static.tildacdn.com/tild3865-6133-4663-a532-333435623638/3_1__2_1.png	19697	site_content
assets/static.tildacdn.com/tild3865-6232-4365-a335-666132343633/_186.jpg	35212	site_content
assets/static.tildacdn.com/tild3866-3030-4031-b233-363461663364/-/resize/20x/-186-3_1200.jpg	959	site_content
assets/static.tildacdn.com/tild3866-3131-4234-a532-303033376539/_.jpg	667599	site_content
assets/static.tildacdn.com/tild3866-3434-4132-b131-343366316237/photo_2024-11-02_03-.jpg	133707	site_content
assets/static.tildacdn.com/tild3866-3636-4465-a139-353231356137/-/resize/20x/konstantintaranov-82.jpg	873	site_content
assets/static.tildacdn.com/tild3866-3636-4465-a139-353231356137/konstantintaranov-82.jpg	71672	site_content
assets/static.tildacdn.com/tild3930-3466-4538-b432-393266336632/photo_52899088100156.jpg	123090	site_content
assets/static.tildacdn.com/tild3930-3635-4538-b266-373631363239/-/resize/20x/IMG_8258-2.jpg	929	site_content
assets/static.tildacdn.com/tild3930-3635-4538-b266-373631363239/IMG_8258-2.jpg	282688	site_content
assets/static.tildacdn.com/tild3930-3661-4939-a131-626663623631/-/resize/20x/IMG_8094-2.jpg	922	site_content
assets/static.tildacdn.com/tild3930-3661-4939-a131-626663623631/IMG_8094-2.jpg	250835	site_content
assets/static.tildacdn.com/tild3930-3837-4631-b939-373738376664/photo_53980772950812.jpg	188951	site_content
assets/static.tildacdn.com/tild3930-6438-4463-b237-306432633962/_Roblox.jpg	85765	site_content
assets/static.tildacdn.com/tild3931-3963-4736-a263-653163353463/_.jpg	124987	site_content
assets/static.tildacdn.com/tild3931-3964-4234-b538-353432663965/image-2-2.png	62514	site_content
assets/static.tildacdn.com/tild3931-6235-4761-a134-373530323962/001-maps-and-flags.svg	684	site_content
assets/static.tildacdn.com/tild3931-6261-4331-a661-366430393039/photo_2024-06-18_21-.jpg	99573	site_content
assets/static.tildacdn.com/tild3931-6566-4962-b765-313231393338/Frame_56.svg	1744566	site_content
assets/static.tildacdn.com/tild3932-6462-4235-b765-613439633033/-/resize/20x/photo_2023-12-15_21-.jpg	911	site_content
assets/static.tildacdn.com/tild3933-3136-4735-a430-346635383439/_1_2.png	20372	site_content
assets/static.tildacdn.com/tild3933-3662-4361-b637-613437373737/Sin_titulo-1_Mesa_de.svg	783	site_content
assets/static.tildacdn.com/tild3933-3866-4436-b233-626265633332/DSC_4533_1.jpg	172025	site_content
assets/static.tildacdn.com/tild3933-6537-4165-b530-346132646563/Ellipse_18.svg	230	site_content
assets/static.tildacdn.com/tild3934-3034-4630-a366-663230346237/IMG_9395.jpg	174934	site_content
assets/static.tildacdn.com/tild3934-3262-4235-b939-353763393937/002-person.png	398	site_content
assets/static.tildacdn.com/tild3934-3433-4464-a634-336432343562/Frame_22.svg	6979	site_content
assets/static.tildacdn.com/tild3934-3734-4531-a263-366434623936/_.jpg	167355	site_content
assets/static.tildacdn.com/tild3934-6132-4863-a234-666334393738/Vector_Smart_Object_.png	1414	site_content
assets/static.tildacdn.com/tild3934-6539-4333-a230-333536643337/IMG_5257.JPG	99434	site_content
assets/static.tildacdn.com/tild3935-3636-4335-a530-393030656534/photo_53980772950812.jpg	135796	site_content
assets/static.tildacdn.com/tild3935-6135-4239-b330-646533323765/svg_1772900945846.svg	1039	site_content
assets/static.tildacdn.com/tild3935-6364-4139-b139-633966386561/svg_1772863980850.svg	1039	site_content
assets/static.tildacdn.com/tild3935-6531-4561-b534-313564333237/photo.jpg	96444	site_content
assets/static.tildacdn.com/tild3935-6561-4936-a239-633335383335/_2___-2.png	165904	site_content
assets/static.tildacdn.com/tild3935-6563-4533-a465-366234316133/-/resize/20x/photo_53572970444584.jpg	951	site_content
assets/static.tildacdn.com/tild3935-6563-4533-a465-366234316133/photo_53572970444584.jpg	141768	site_content
assets/static.tildacdn.com/tild3936-3338-4866-b639-363066663662/-/resize/20x/IMG_8156-2.jpg	907	site_content
assets/static.tildacdn.com/tild3936-3338-4866-b639-363066663662/IMG_8156-2.jpg	268216	site_content
assets/static.tildacdn.com/tild3936-3432-4332-b434-343961633161/4_Mesa_de_trabajo_1.svg	8368	site_content
assets/static.tildacdn.com/tild3936-3966-4764-a330-356562333766/IMG_8088-2.jpg	262981	site_content
assets/static.tildacdn.com/tild3937-6139-4165-b563-393134313865/Frame_9-2-2.jpg	145739	site_content
assets/static.tildacdn.com/tild3937-6261-4661-b537-613237353334/IMG_3437.jpg	150492	site_content
assets/static.tildacdn.com/tild3937-6438-4431-a462-663466643433/svg_1772878789439.svg	1046	site_content
assets/static.tildacdn.com/tild3938-3132-4264-b439-643831653037/IMG_5253.JPG	93398	site_content
assets/static.tildacdn.com/tild3938-3165-4030-a338-396663333963/IMG_3786-2.jpg	514902	site_content
assets/static.tildacdn.com/tild3938-6339-4465-b631-356437313865/photo_2024-09-28_14-.jpg	181333	site_content
assets/static.tildacdn.com/tild3938-6439-4763-a130-373631663065/Sin_titulo-1_Mesa_de.svg	783	site_content
assets/static.tildacdn.com/tild3938-6532-4162-a530-396538653433/_DSC3701.jpg	240073	site_content
assets/static.tildacdn.com/tild3938-6539-4131-b761-333332303866/Sin_titulo-1-02.svg	908	site_content
assets/static.tildacdn.com/tild3939-3331-4663-a332-333830343434/-/resize/20x/IMG_5221jpg.webp	3582	site_content
assets/static.tildacdn.com/tild3939-3331-4663-a332-333830343434/IMG_5221jpg.webp	149696	site_content
assets/static.tildacdn.com/tild3939-3636-4437-a362-313730643038/Low_Poly_Thought_Bub.png	4761	site_content
assets/static.tildacdn.com/tild3939-3636-4437-a362-313730643038/Low_Poly_Thought_Bub.webp	2780	site_content
assets/static.tildacdn.com/tild3961-3061-4231-a636-326561336230/___.png	6029	site_content
assets/static.tildacdn.com/tild3961-3561-4235-b139-373362323530/331_4_1.png	17862	site_content
assets/static.tildacdn.com/tild3961-6232-4864-a637-636636396539/svg_1777917173303.svg	1046	site_content
assets/static.tildacdn.com/tild3961-6234-4263-a332-333734643639/Sin_titulo-1_Mesa_de.svg	783	site_content
assets/static.tildacdn.com/tild3961-6638-4934-b162-623633336637/id_6386942333_0.jpg	145927	site_content
assets/static.tildacdn.com/tild3962-3064-4039-a531-343538613834/_photo_2024-04-26_13.jpg	106366	site_content
assets/static.tildacdn.com/tild3962-6435-4337-a333-393339336637/_03-2.jpg	143711	site_content
assets/static.tildacdn.com/tild3962-6463-4938-a166-303938633931/image-8-2.png	74410	site_content
assets/static.tildacdn.com/tild3963-3263-4839-a662-393736663663/IMG_4406_1.jpg	80123	site_content
assets/static.tildacdn.com/tild3963-3732-4166-a539-363730353534/-/resize/20x/5r7rjcD-0ZE_1.jpg	938	site_content
assets/static.tildacdn.com/tild3963-3732-4166-a539-363730353534/5r7rjcD-0ZE_1.jpg	174936	site_content
assets/static.tildacdn.com/tild3963-6130-4231-b664-366539653065/svg_1747589934172.svg	7742	site_content
assets/static.tildacdn.com/tild3963-6431-4239-b766-393864323337/__-2.png	6471	site_content
assets/static.tildacdn.com/tild3964-3364-4939-a334-666535613961/photo_2023-12-15_21-.jpg	134624	site_content
assets/static.tildacdn.com/tild3965-3930-4331-a639-613063303966/photo.svg	5037	site_content
assets/static.tildacdn.com/tild3965-6233-4463-a266-383431383331/-/resize/20x/photo_2023-10-30_21-.jpg	912	site_content
assets/static.tildacdn.com/tild3965-6233-4463-a266-383431383331/photo_2023-10-30_21-.jpg	109223	site_content
assets/static.tildacdn.com/tild3965-6466-4663-a231-646638653030/kgb2jpg-2.jpg	103447	site_content
assets/static.tildacdn.com/tild3965-6532-4938-a432-356134643335/-/resize/20x/IMG_8201-2.jpg	952	site_content
assets/static.tildacdn.com/tild3965-6532-4938-a432-356134643335/IMG_8201-2.jpg	254915	site_content
assets/static.tildacdn.com/tild3966-3038-4766-a134-326165663537/DSC_0453900-2.jpg	159595	site_content
assets/static.tildacdn.com/tild3966-6335-4036-a165-356132643966/Sin_titulo-1-02.svg	908	site_content
assets/static.tildacdn.com/tild3966-6335-4263-b336-613765626566/noroot.jpg	103835	site_content
assets/static.tildacdn.com/tild3966-6666-4363-b838-613961643464/2_.svg	6977	site_content
assets/static.tildacdn.com/tild6130-3038-4262-a664-386234373861/IMG_20230619_232333.jpg	87343	site_content
assets/static.tildacdn.com/tild6130-3332-4533-b838-333431396631/_.jpg	57377	site_content
assets/static.tildacdn.com/tild6130-3765-4638-a331-663839636436/image-7-2.webp	28444	site_content
assets/static.tildacdn.com/tild6131-3339-4437-a661-363836326164/Frame_98.png	780132	site_content
assets/static.tildacdn.com/tild6131-3865-4339-b236-626563623766/_-2.png	6428	site_content
assets/static.tildacdn.com/tild6131-6564-4735-b639-353532663239/photo.jpg	46946	site_content
assets/static.tildacdn.com/tild6132-6664-4664-b935-653932306337/-/resize/20x/id_6386942333_0.jpg	912	site_content
assets/static.tildacdn.com/tild6133-3263-4239-b231-376664316562/-/resize/20x/DSC_05091500-2.jpg	908	site_content
assets/static.tildacdn.com/tild6133-3263-4239-b231-376664316562/DSC_05091500-2.jpg	344620	site_content
assets/static.tildacdn.com/tild6133-3836-4837-b138-343831356265/-/resize/20x/photo_54360476578361.jpg	1087	site_content
assets/static.tildacdn.com/tild6133-6535-4638-a662-636261656433/-.jpg	75527	site_content
assets/static.tildacdn.com/tild6133-6565-4738-b762-343131343761/-/resize/20x/DSC_04591500-2.jpg	916	site_content
assets/static.tildacdn.com/tild6133-6565-4738-b762-343131343761/DSC_04591500-2.jpg	684686	site_content
assets/static.tildacdn.com/tild6134-3031-4461-b930-346164396531/image-3-2.jpg	110560	site_content
assets/static.tildacdn.com/tild6134-3031-4461-b930-346164396531/image-3-2.webp	31466	site_content
assets/static.tildacdn.com/tild6134-3037-4362-b332-356164633965/-/resize/20x/ugon6jpg-2.webp	426	site_content
assets/static.tildacdn.com/tild6134-3037-4362-b332-356164633965/ugon6jpg-2.webp	42262	site_content
assets/static.tildacdn.com/tild6134-3337-4763-a135-383062313463/noroot.png	395038	site_content
assets/static.tildacdn.com/tild6134-6165-4535-b833-656233303964/DSC_0537-2.jpg	310587	site_content
assets/static.tildacdn.com/tild6135-6666-4833-a238-613334643035/photo_53980772950812.jpg	128360	site_content
assets/static.tildacdn.com/tild6136-3565-4363-b866-316530326163/image-10-2.png	25579	site_content
assets/static.tildacdn.com/tild6136-3633-4134-b134-643032326232/photo_53980772950812.jpg	165692	site_content
assets/static.tildacdn.com/tild6136-6261-4236-b538-653362636266/001-maps-and-flags.svg	684	site_content
assets/static.tildacdn.com/tild6136-6561-4137-b237-346263343235/photo_2025-03-14_01-.jpg	75870	site_content
assets/static.tildacdn.com/tild6137-3332-4930-a263-383161343461/tempImagef3O5t7_1.png	288553	site_content
assets/static.tildacdn.com/tild6137-3530-4739-b835-346636653436/VR2.jpg	54095	site_content
assets/static.tildacdn.com/tild6137-3566-4436-b937-393639633464/photo_60161969967691.jpg	69813	site_content
assets/static.tildacdn.com/tild6137-6435-4262-b135-353636633333/noroot.png	685143	site_content
assets/static.tildacdn.com/tild6137-6463-4137-b634-633131623832/833024e9-f82c-42e9-a.png	92551	site_content
assets/static.tildacdn.com/tild6138-3866-4462-b836-343862613164/photo_2024-10-31_15-.jpg	104375	site_content
assets/static.tildacdn.com/tild6139-3964-4565-a166-313736343839/-/resize/20x/photo_53980772950812.jpg	1008	site_content
assets/static.tildacdn.com/tild6139-6233-4231-b466-653764333666/-/resize/20x/IMG_3798-2.jpg	914	site_content
assets/static.tildacdn.com/tild6139-6233-4231-b466-653764333666/IMG_3798-2.jpg	442297	site_content
assets/static.tildacdn.com/tild6139-6331-4564-b966-613332393138/IMG_8050jpg-2.webp	120820	site_content
assets/static.tildacdn.com/tild6161-3432-4935-b531-653963333264/_.jpg	59018	site_content
assets/static.tildacdn.com/tild6161-3930-4262-a636-633062313436/Free-Open-A4-Magazin.png	104909	site_content
assets/static.tildacdn.com/tild6161-6331-4336-a539-363837396139/PC_fon.webp	146772	site_content
assets/static.tildacdn.com/tild6161-6433-4066-b064-383561336539/_23.jpg	31179	site_content
assets/static.tildacdn.com/tild6162-3163-4464-b062-613637353633/photo_2024-06-08_14-.jpg	103257	site_content
assets/static.tildacdn.com/tild6162-3633-4565-b664-393366366236/--_mini.png	243927	site_content
assets/static.tildacdn.com/tild6162-6630-4636-a134-663762303236/___.jpg	80102	site_content
assets/static.tildacdn.com/tild6163-3239-4066-a434-306161646232/IMG_8031jpg-3.webp	69128	site_content
assets/static.tildacdn.com/tild6163-3530-4132-b930-323438633866/205467036_6306483_1.png	12613	site_content
assets/static.tildacdn.com/tild6163-6638-4461-a430-396635663665/-/resize/20x/photo_52379156410360.jpg	921	site_content
assets/static.tildacdn.com/tild6164-3532-4333-b038-303330326433/IMG_7064.jpg	142820	site_content
assets/static.tildacdn.com/tild6164-3662-4438-a431-616666313931/_3___.png	283862	site_content
assets/static.tildacdn.com/tild6164-6134-4136-b830-303264613964/ICz5TeXO7CU.jpg	199451	site_content
assets/static.tildacdn.com/tild6164-6438-4164-b066-303037393733/5_fon.jpg	44483	site_content
assets/static.tildacdn.com/tild6165-3563-4637-a661-396264623634/_-2.jpg	139158	site_content
assets/static.tildacdn.com/tild6165-3635-4638-b933-376465613632/Sin_titulo-1_Mesa_de.svg	783	site_content
assets/static.tildacdn.com/tild6165-3863-4262-a337-346333663664/_.jpg	217709	site_content
assets/static.tildacdn.com/tild6165-6437-4431-a535-373435373037/__.webp	60382	site_content
assets/static.tildacdn.com/tild6166-3734-4262-a639-616237656336/_.jpg	92454	site_content
assets/static.tildacdn.com/tild6166-6132-4639-b634-663165326432/LAT_6091-2.jpg	73218	site_content
assets/static.tildacdn.com/tild6166-6165-4038-a362-356364616261/bombaquest_hostel_po.jpg	17950	site_content
assets/static.tildacdn.com/tild6166-6230-4430-b262-323036316538/_KIDS.jpg	62560	site_content
assets/static.tildacdn.com/tild6166-6632-4138-b463-333934373864/image-8-2.jpg	126146	site_content
assets/static.tildacdn.com/tild6230-6463-4838-b865-386137323461/2_.jpg	64021	site_content
assets/static.tildacdn.com/tild6231-3732-4435-b437-303934356436/IMG_3527.jpeg	132585	site_content
assets/static.tildacdn.com/tild6231-6132-4361-a438-353734366664/photo_54268975907855.jpg	115102	site_content
assets/static.tildacdn.com/tild6231-6133-4535-a566-363338653331/photo_52899088100156.jpg	107243	site_content
assets/static.tildacdn.com/tild6232-3739-4336-b561-363038306565/Group_96-2.png	6402	site_content
assets/static.tildacdn.com/tild6232-6135-4636-a665-613063653162/_03.jpg	66868	site_content
assets/static.tildacdn.com/tild6232-6337-4839-a161-663463393337/-/resize/20x/IMG_1037-2.jpg	928	site_content
assets/static.tildacdn.com/tild6233-3132-4134-b933-636336393633/IMG_8041jpg-3.webp	126190	site_content
assets/static.tildacdn.com/tild6233-3665-4664-b832-303965313239/-/resize/20x/photo_53980772950812.jpg	1011	site_content
assets/static.tildacdn.com/tild6233-3739-4433-a234-663764333466/_01-2.jpg	54221	site_content
assets/static.tildacdn.com/tild6233-3935-4664-a266-306466333135/2.png	808514	site_content
assets/static.tildacdn.com/tild6233-6464-4236-b533-373835343930/Sin_titulo-1_Mesa_de.svg	783	site_content
assets/static.tildacdn.com/tild6234-3334-4733-a235-646132656433/logo2-04.svg	832	site_content
assets/static.tildacdn.com/tild6234-3565-4633-a239-333832653838/photo_52899088100156.jpg	103159	site_content
assets/static.tildacdn.com/tild6234-3833-4032-b939-313666333364/_17.png	161274	site_content
assets/static.tildacdn.com/tild6234-3833-4032-b939-313666333364/_17.webp	47554	site_content
assets/static.tildacdn.com/tild6235-3038-4537-b664-363437656233/9.png	429250	site_content
assets/static.tildacdn.com/tild6235-3534-4566-a634-396162653363/Favicon.webp	3468	site_content
assets/static.tildacdn.com/tild6235-3831-4161-b665-303263313561/IMG_4076-2-2.JPG	500166	site_content
assets/static.tildacdn.com/tild6235-6565-4530-b165-376662386538/__.jpg	52908	site_content
assets/static.tildacdn.com/tild6236-3065-4339-a437-613732383332/noroot.png	352294	site_content
assets/static.tildacdn.com/tild6236-3332-4162-a362-303065386565/_.png	7674	site_content
assets/static.tildacdn.com/tild6236-3538-4231-b738-306461646461/-/resize/20x/IMG_8226-2.jpg	929	site_content
assets/static.tildacdn.com/tild6236-3538-4231-b738-306461646461/IMG_8226-2.jpg	267016	site_content
assets/static.tildacdn.com/tild6236-3630-4562-b032-633166326635/-/resize/20x/konstantintaranov-20.jpg	903	site_content
assets/static.tildacdn.com/tild6236-3630-4562-b032-633166326635/konstantintaranov-20.jpg	125251	site_content
assets/static.tildacdn.com/tild6237-3630-4238-a263-346236313763/Frame_1341.svg	2669	site_content
assets/static.tildacdn.com/tild6237-3663-4736-a539-303864326337/cyioZpD7D0Ijpg-2.jpg	71580	site_content
assets/static.tildacdn.com/tild6237-6338-4664-a639-306464653233/tempImagePVWdhK_1-2.png	470175	site_content
assets/static.tildacdn.com/tild6238-3561-4863-b436-616636636434/--.svg	4768	site_content
assets/static.tildacdn.com/tild6238-6439-4463-a631-663664313536/Sin_titulo-1-03.svg	744	site_content
assets/static.tildacdn.com/tild6239-3965-4034-a565-376561666166/Frame_1341.svg	2669	site_content
assets/static.tildacdn.com/tild6239-6538-4831-b438-393632346634/image_8.png	129758	site_content
assets/static.tildacdn.com/tild6261-3163-4334-a231-633832623730/Frame_1341.svg	2669	site_content
assets/static.tildacdn.com/tild6261-3930-4461-a634-633831396363/Sin_titulo-1_Mesa_de.svg	783	site_content
assets/static.tildacdn.com/tild6261-6439-4531-b634-323034373437/IMG_1033-2.jpg	286467	site_content
assets/static.tildacdn.com/tild6262-3336-4030-b234-633730306564/8.png	58150	site_content
assets/static.tildacdn.com/tild6262-3562-4465-b662-626437306266/noroot.png	742404	site_content
assets/static.tildacdn.com/tild6262-3634-4539-b730-663033643063/_--WA.svg	1529	site_content
assets/static.tildacdn.com/tild6262-3937-4636-b935-626464636365/image-4.jpg	181935	site_content
assets/static.tildacdn.com/tild6262-3937-4636-b935-626464636365/image-4.webp	21694	site_content
assets/static.tildacdn.com/tild6262-6233-4735-a263-343630353737/-/resize/20x/-186-2-1200.jpg	952	site_content
assets/static.tildacdn.com/tild6262-6235-4763-b963-643864346337/IMG_20230620_071823.jpg	44043	site_content
assets/static.tildacdn.com/tild6262-6361-4635-b536-363165623632/IMG_7067-2.jpg	168427	site_content
assets/static.tildacdn.com/tild6263-3230-4230-a633-653166653038/photo_2024-10-17_12-.png	114909	site_content
assets/static.tildacdn.com/tild6263-3261-4135-b239-373066396237/svg_1747594594166.svg	6805	site_content
assets/static.tildacdn.com/tild6263-3432-4761-b965-303430336262/_.png	117114	site_content
assets/static.tildacdn.com/tild6263-6239-4765-b737-613766623839/Sin_titulo-1_Mesa_de.svg	783	site_content
assets/static.tildacdn.com/tild6263-6334-4135-a631-633761633134/Sin_titulo-1_Mesa_de.svg	783	site_content
assets/static.tildacdn.com/tild6263-6366-4462-b838-626232396237/-/resize/20x/ugon1jpg.jpg	908	site_content
assets/static.tildacdn.com/tild6263-6366-4462-b838-626232396237/ugon1jpg.jpg	87069	site_content
assets/static.tildacdn.com/tild6263-6537-4361-a633-643232663732/Group_2.png	849	site_content
assets/static.tildacdn.com/tild6263-6632-4134-b232-363334393134/Ilya-Nodia-photograp.jpg	335795	site_content
assets/static.tildacdn.com/tild6264-3138-4432-b566-626239613665/6_baloon.png	8536	site_content
assets/static.tildacdn.com/tild6264-3731-4534-b335-363338396337/tempImage2GaaOk_1-2.png	525783	site_content
assets/static.tildacdn.com/tild6264-3732-4938-b738-303434633062/Group_26-2.png	507	site_content
assets/static.tildacdn.com/tild6264-3965-4935-a666-303236643332/2.jpg	27486	site_content
assets/static.tildacdn.com/tild6264-6330-4430-b638-316230623638/photo_52899088100156.jpg	107505	site_content
assets/static.tildacdn.com/tild6264-6533-4639-b035-366261623630/photo_2024-10-31_15-.jpg	143702	site_content
assets/static.tildacdn.com/tild6265-3065-4132-b332-613131376261/3_2_1.png	39552	site_content
assets/static.tildacdn.com/tild6265-3464-4237-b536-303837336564/IMG_20230619_225749.jpg	48220	site_content
assets/static.tildacdn.com/tild6265-6338-4362-a563-643864633061/____.jpg	90154	site_content
assets/static.tildacdn.com/tild6265-6465-4933-a430-653034343130/bombaquest_hostel_po.jpg	48364	site_content
assets/static.tildacdn.com/tild6265-6632-4839-b363-653738663762/ea43ee19-50d6-4025-9.png	2371268	site_content
assets/static.tildacdn.com/tild6266-3432-4137-a538-646265633432/decor__.svg	868	site_content
assets/static.tildacdn.com/tild6266-3662-4865-a461-393234393663/1_1_1.png	17786	site_content
assets/static.tildacdn.com/tild6266-3961-4662-b734-633134326139/-.webp	68316	site_content
assets/static.tildacdn.com/tild6266-6465-4137-b734-363963626331/LAT_3531.jpg	684143	site_content
assets/static.tildacdn.com/tild6266-6465-4137-b734-363963626331/LAT_3531.webp	130170	site_content
assets/static.tildacdn.com/tild6330-3239-4437-a661-663466363633/IMG_8091jpg-2.webp	101852	site_content
assets/static.tildacdn.com/tild6330-3737-4631-b733-373236626239/Portal_Strike.png	82418	site_content
assets/static.tildacdn.com/tild6330-6164-4263-a666-323231353964/noroot.png	404642	site_content
assets/static.tildacdn.com/tild6331-3136-4463-b235-363863646266/001-maps-and-flags.svg	684	site_content
assets/static.tildacdn.com/tild6331-3366-4863-b230-356361323838/_Portal_Strike_Kids.jpg	65116	site_content
assets/static.tildacdn.com/tild6331-6563-4532-b038-363833663461/photo_2024-10-29_16-.jpg	146523	site_content
assets/static.tildacdn.com/tild6332-3465-4132-a365-386562633237/-/resize/20x/nNQ_-M-Ya1Y.jpg	949	site_content
assets/static.tildacdn.com/tild6332-3465-4132-a365-386562633237/nNQ_-M-Ya1Y.jpg	156258	site_content
assets/static.tildacdn.com/tild6332-6262-4438-b163-303034393830/konstantintaranov-17.jpg	356944	site_content
assets/static.tildacdn.com/tild6333-3064-4563-a439-326463353665/photo.svg	332	site_content
assets/static.tildacdn.com/tild6333-3137-4862-b434-326332663966/_GPT_dark.jpg	19270	site_content
assets/static.tildacdn.com/tild6334-3031-4264-a364-633339656539/-__.jpg	132648	site_content
assets/static.tildacdn.com/tild6334-3964-4363-a662-316332656634/_3D.webp	16794	site_content
assets/static.tildacdn.com/tild6334-6130-4537-a366-316632393837/Frame_15.svg	23578	site_content
assets/static.tildacdn.com/tild6335-3162-4830-b162-353437336630/button__1.svg	571	site_content
assets/static.tildacdn.com/tild6335-3230-4332-b863-386665316232/photo_60161969967691.jpg	160549	site_content
assets/static.tildacdn.com/tild6335-3261-4736-b433-653534356331/favicon.ico	32988	site_content
assets/static.tildacdn.com/tild6335-3339-4439-b762-656565663366/Sin_titulo-1-03.svg	744	site_content
assets/static.tildacdn.com/tild6335-3734-4239-b936-323862333565/Group_2.png	849	site_content
assets/static.tildacdn.com/tild6335-6538-4430-b332-376532333162/svg_1747594518382.svg	6805	site_content
assets/static.tildacdn.com/tild6336-3065-4564-b735-656135323338/Sin_titulo-1_Mesa_de.svg	783	site_content
assets/static.tildacdn.com/tild6336-3637-4233-a361-393238383938/photo_54268975907855.jpg	120499	site_content
assets/static.tildacdn.com/tild6337-3065-4063-b364-396539646233/-/resize/20x/photo_54360476578361.jpg	1019	site_content
assets/static.tildacdn.com/tild6337-3137-4336-b766-346166383730/Sin_titulo-1_Mesa_de.svg	783	site_content
assets/static.tildacdn.com/tild6337-3661-4238-a665-343134353038/image-3-2.webp	34340	site_content
assets/static.tildacdn.com/tild6337-6433-4035-b265-333837663931/noroot.png	1230943	site_content
assets/static.tildacdn.com/tild6337-6561-4434-a631-626137386564/-_.png	11976	site_content
assets/static.tildacdn.com/tild6337-6561-4434-a631-626137386564/-_.webp	6988	site_content
assets/static.tildacdn.com/tild6337-6637-4666-b132-333337386234/_03-2.jpg	143711	site_content
assets/static.tildacdn.com/tild6338-3130-4363-b962-653062373030/photo.jpg	93638	site_content
assets/static.tildacdn.com/tild6338-3130-4363-b962-653062373030/photo.webp	54668	site_content
assets/static.tildacdn.com/tild6338-3231-4465-a430-356663653936/noroot.png	404106	site_content
assets/static.tildacdn.com/tild6338-3234-4638-b232-633463663337/__-2.png	6471	site_content
assets/static.tildacdn.com/tild6338-3364-4132-a237-636565613261/2_.svg	6977	site_content
assets/static.tildacdn.com/tild6338-3765-4164-b038-336430313236/__-2.png	169542	site_content
assets/static.tildacdn.com/tild6338-3931-4234-b532-393636656537/33_1__1.svg	1220827	site_content
assets/static.tildacdn.com/tild6338-3962-4435-a336-616335336265/_____.png	6068	site_content
assets/static.tildacdn.com/tild6339-3665-4163-a163-383763373035/_-2.png	6444	site_content
assets/static.tildacdn.com/tild6339-6464-4330-b139-376434663530/mob_fon.webp	85994	site_content
assets/static.tildacdn.com/tild6361-6464-4336-b561-656362663934/IMG_20230619_232405.jpg	35454	site_content
assets/static.tildacdn.com/tild6362-3232-4166-b064-633165613262/noroot.png	248755	site_content
assets/static.tildacdn.com/tild6362-3362-4531-a466-306163656161/6_konfetti.png	6976	site_content
assets/static.tildacdn.com/tild6362-3634-4134-a366-623036363630/Sin_titulo-1_Mesa_de.svg	783	site_content
assets/static.tildacdn.com/tild6362-6131-4236-b636-623238633530/f43d2e7f-e453-4fd0-8.png	1174716	site_content
assets/static.tildacdn.com/tild6362-6531-4865-a330-316661386539/image-4.png	50707	site_content
assets/static.tildacdn.com/tild6363-3433-4864-b938-336434646266/_DSC3790.jpg	192004	site_content
assets/static.tildacdn.com/tild6363-3434-4832-b261-623262316635/-/resize/20x/IMG_8142-2.jpg	933	site_content
assets/static.tildacdn.com/tild6363-3434-4832-b261-623262316635/IMG_8142-2.jpg	232695	site_content
assets/static.tildacdn.com/tild6364-3336-4762-b564-323765633633/Sin_titulo-1_Mesa_de.svg	783	site_content
assets/static.tildacdn.com/tild6364-3337-4065-b736-343231663637/_103.jpg	23800	site_content
assets/static.tildacdn.com/tild6364-3764-4731-b439-316133666666/photo.jpg	49682	site_content
assets/static.tildacdn.com/tild6364-6138-4961-b132-383266363438/5_gift.png	14775	site_content
assets/static.tildacdn.com/tild6364-6162-4332-b062-376631383733/001-maps-and-flags.svg	684	site_content
assets/static.tildacdn.com/tild6364-6337-4137-b135-616333396265/_mini.png	154938	site_content
assets/static.tildacdn.com/tild6364-6430-4138-b536-383838373739/IMG_8081.jpeg	82075	site_content
assets/static.tildacdn.com/tild6364-6538-4339-b962-376432656433/photo_2024-10-30_14-.jpg	120101	site_content
assets/static.tildacdn.com/tild6365-3035-4132-b937-633933653033/Gift_BoxH032kn.png	8756	site_content
assets/static.tildacdn.com/tild6365-3035-4132-b937-633933653033/Gift_BoxH032kn.webp	3122	site_content
assets/static.tildacdn.com/tild6365-3064-4464-b135-393533353035/_61.jpg	28468	site_content
assets/static.tildacdn.com/tild6365-3366-4534-a164-663862636461/__-2.png	6492	site_content
assets/static.tildacdn.com/tild6365-3931-4261-b633-363936333632/IMG_20230620_071844.jpg	36779	site_content
assets/static.tildacdn.com/tild6365-6130-4636-b535-656238646432/_.svg	843	site_content
assets/static.tildacdn.com/tild6365-6436-4333-a632-383764356661/_DSC3704.jpg	298013	site_content
assets/static.tildacdn.com/tild6366-3061-4732-b636-633533653031/Frame_1341.svg	2669	site_content
assets/static.tildacdn.com/tild6366-3133-4136-b933-653137333462/_st_block.png	55917	site_content
assets/static.tildacdn.com/tild6366-3134-4334-a130-326664373730/photo_2024-10-31_15-.jpg	65121	site_content
assets/static.tildacdn.com/tild6366-3266-4665-b961-636461643362/IMG_7336.JPG	71201	site_content
assets/static.tildacdn.com/tild6366-3466-4664-a338-633938366530/7ad3c0ee-a35c-444c-9.png	1073795	site_content
assets/static.tildacdn.com/tild6366-3839-4131-b434-613364343233/--__.svg	18174	site_content
assets/static.tildacdn.com/tild6366-6636-4561-b065-623263313236/002-key.png	363	site_content
assets/static.tildacdn.com/tild6430-3538-4730-a537-633139306339/Frame_1341.svg	2669	site_content
assets/static.tildacdn.com/tild6430-3930-4633-b861-333864653265/LAT_1165.jpg	304755	site_content
assets/static.tildacdn.com/tild6430-3930-4633-b861-333864653265/LAT_1165.webp	146890	site_content
assets/static.tildacdn.com/tild6430-6265-4435-b333-323465613635/Sin_titulo-1-02.svg	908	site_content
assets/static.tildacdn.com/tild6430-6365-4261-b266-363831303561/___1jpg-2.webp	121538	site_content
assets/static.tildacdn.com/tild6431-6463-4730-b234-633931636663/6478939a-9f3f-4d00-9.png	1392674	site_content
assets/static.tildacdn.com/tild6432-3465-4330-b335-356635323235/img.svg	28051	site_content
assets/static.tildacdn.com/tild6432-6136-4731-b663-633363363665/noroot.png	101439	site_content
assets/static.tildacdn.com/tild6433-3031-4330-a263-626539323936/Frame_9-5.jpg	76352	site_content
assets/static.tildacdn.com/tild6433-3235-4138-a430-663237386235/_.png	18638	site_content
assets/static.tildacdn.com/tild6433-3236-4839-b861-393338643038/__.png	7675	site_content
assets/static.tildacdn.com/tild6433-3430-4737-b262-306565313663/image-6-2.webp	21938	site_content
assets/static.tildacdn.com/tild6433-3534-4265-a436-633664336631/3_.png	319887	site_content
assets/static.tildacdn.com/tild6433-3661-4463-a338-323062323265/Sin_titulo-1_Mesa_de.svg	783	site_content
assets/static.tildacdn.com/tild6433-6632-4034-a465-386432643861/333_2_1.png	24217	site_content
assets/static.tildacdn.com/tild6433-6662-4639-b139-663337323637/quest_stars_patologi.jpg	26272	site_content
assets/static.tildacdn.com/tild6434-3031-4764-a430-326334373439/IMG_8112jpg-2.webp	80580	site_content
assets/static.tildacdn.com/tild6435-3231-4432-b964-613865313433/__02.jpg	73134	site_content
assets/static.tildacdn.com/tild6435-3231-4432-b964-613865313433/__02.jpg.webp	28328	site_content
assets/static.tildacdn.com/tild6435-3633-4234-b166-633430396161/photo.jpg	42130	site_content
assets/static.tildacdn.com/tild6435-6463-4536-b639-666265623733/IMG_20230620_071614.jpg	34158	site_content
assets/static.tildacdn.com/tild6435-6639-4664-b761-636665353737/_DSC7951_1.jpg	52422	site_content
assets/static.tildacdn.com/tild6436-3264-4361-b838-343639346166/noroot.png	649173	site_content
assets/static.tildacdn.com/tild6436-3363-4164-b133-643933383861/noroot.png	871174	site_content
assets/static.tildacdn.com/tild6436-3538-4636-a461-653734623439/24fe0f2f-ffa8-42ae-8.png	258389	site_content
assets/static.tildacdn.com/tild6436-3561-4831-b037-373062363064/_-2.png	6460	site_content
assets/static.tildacdn.com/tild6436-6164-4962-b433-383664396435/image-9-2.webp	27244	site_content
assets/static.tildacdn.com/tild6436-6561-4634-b531-656430636661/photo_2024-10-30_14-.jpg	103767	site_content
assets/static.tildacdn.com/tild6437-6165-4462-a163-383065653238/22.png	5499	site_content
assets/static.tildacdn.com/tild6437-6539-4235-a365-323432373330/Frame_1341.svg	2669	site_content
assets/static.tildacdn.com/tild6438-3330-4435-a239-393237303465/_VR.jpg	156323	site_content
assets/static.tildacdn.com/tild6438-3463-4664-b736-663031396438/photo_52899088100156.jpg	77610	site_content
assets/static.tildacdn.com/tild6438-6361-4462-b761-316137333336/photo_2024-11-11_12-.jpg	111899	site_content
assets/static.tildacdn.com/tild6438-6532-4262-b761-333165303966/-/resize/20x/IMG_5284jpg.webp	414	site_content
assets/static.tildacdn.com/tild6438-6532-4262-b761-333165303966/IMG_5284jpg.webp	108340	site_content
assets/static.tildacdn.com/tild6439-3135-4936-b837-313139616233/___.jpg	172529	site_content
assets/static.tildacdn.com/tild6439-3239-4433-a161-633431656666/IMG_20230619_232514.jpg	71088	site_content
assets/static.tildacdn.com/tild6439-3333-4333-b537-383235313239/IMG_8083.jpeg	114002	site_content
assets/static.tildacdn.com/tild6439-3965-4533-b232-356563643863/photo_54360476578361.jpg	144789	site_content
assets/static.tildacdn.com/tild6461-3331-4932-b636-363235393930/Frame_1341.svg	2669	site_content
assets/static.tildacdn.com/tild6461-3832-4663-b637-326433636363/bombaquest_hostel_po.jpg	51958	site_content
assets/static.tildacdn.com/tild6461-3961-4635-b637-386262353562/Sin_titulo-1-03.svg	744	site_content
assets/static.tildacdn.com/tild6461-6536-4438-b932-663731386337/IMG_7067.jpg	221311	site_content
assets/static.tildacdn.com/tild6461-6536-4438-b932-663731386337/IMG_7067.webp	52030	site_content
assets/static.tildacdn.com/tild6462-3366-4731-a530-303530653535/noroot.png	320921	site_content
assets/static.tildacdn.com/tild6462-3563-4363-a461-393036653939/IMG_5252.JPG	140292	site_content
assets/static.tildacdn.com/tild6462-3633-4932-a237-323363323437/photo.png	31670	site_content
assets/static.tildacdn.com/tild6463-6163-4266-a136-623536393237/photo.png	71437	site_content
assets/static.tildacdn.com/tild6463-6166-4865-b731-396333373962/snapedit_17474129053.png	57761	site_content
assets/static.tildacdn.com/tild6463-6334-4861-a330-316465333435/Sin_titulo-1_Mesa_de.svg	783	site_content
assets/static.tildacdn.com/tild6464-3138-4234-b034-316262333862/image_2025-03-20_20-.jpg	81345	site_content
assets/static.tildacdn.com/tild6464-3535-4334-a130-346333396262/2.jpg	133538	site_content
assets/static.tildacdn.com/tild6464-3539-4630-a264-623836343634/Ellipse_22.svg	230	site_content
assets/static.tildacdn.com/tild6464-3662-4166-b463-656536306633/_.svg	778	site_content
assets/static.tildacdn.com/tild6464-6161-4364-a339-336563343263/__-2.png	159965	site_content
assets/static.tildacdn.com/tild6465-3161-4232-b062-663735653861/Vector_Smart_Object_.png	2940	site_content
assets/static.tildacdn.com/tild6465-3164-4436-b864-653863373334/image-7-2.webp	36122	site_content
assets/static.tildacdn.com/tild6465-3235-4234-b263-316631343263/IMG_4403_1-2.jpg	115714	site_content
assets/static.tildacdn.com/tild6465-3532-4239-b038-303633376665/photo_53980772950812.jpg	104502	site_content
assets/static.tildacdn.com/tild6465-3631-4637-b263-663462366136/IMG_7068.jpg	166499	site_content
assets/static.tildacdn.com/tild6465-6566-4131-b531-643263393062/VR.jpg	113166	site_content
assets/static.tildacdn.com/tild6465-6666-4061-a437-646464626336/IMG_7373-min_.webp	114446	site_content
assets/static.tildacdn.com/tild6466-3533-4434-b362-633038613266/-/resize/20x/photo_2023-12-15_21-.jpg	911	site_content
assets/static.tildacdn.com/tild6466-3630-4265-a339-643130333939/image.png	169581	site_content
assets/static.tildacdn.com/tild6466-3630-4265-a339-643130333939/image.webp	15310	site_content
assets/static.tildacdn.com/tild6466-3633-4466-b931-393534646339/002-key.png	363	site_content
assets/static.tildacdn.com/tild6466-3866-4230-b832-386635663734/_-2.png	6465	site_content
assets/static.tildacdn.com/tild6466-6338-4261-a437-396438383663/free-icon-phone-call.svg	1999	site_content
assets/static.tildacdn.com/tild6530-6239-4337-a561-653733613865/Frame_1328-2.png	14109	site_content
assets/static.tildacdn.com/tild6530-6439-4537-a531-363334343337/-/resize/20x/IMG_8153-2.jpg	929	site_content
assets/static.tildacdn.com/tild6530-6439-4537-a531-363334343337/IMG_8153-2.jpg	290386	site_content
assets/static.tildacdn.com/tild6531-3434-4837-b636-623234333962/Sin_titulo-1_Mesa_de.svg	783	site_content
assets/static.tildacdn.com/tild6531-3663-4361-b138-333865356332/Mafia.jpg	69477	site_content
assets/static.tildacdn.com/tild6531-3839-4832-b830-653535356135/002-key.png	363	site_content
assets/static.tildacdn.com/tild6531-3939-4262-a431-366437346236/photo_53980772950812.jpg	128360	site_content
assets/static.tildacdn.com/tild6531-6430-4437-b163-363762356566/33_1__2.png	29424	site_content
assets/static.tildacdn.com/tild6532-3566-4561-b639-346162366165/Frame_8-2.jpg	140308	site_content
assets/static.tildacdn.com/tild6532-3738-4465-b463-613663643137/-/resize/20x/IMG_1038-2.jpg	924	site_content
assets/static.tildacdn.com/tild6532-6236-4937-b066-343261386462/photo_51931340829162.jpg	90970	site_content
assets/static.tildacdn.com/tild6533-3033-4133-a134-386563653837/IMG_3445.jpg	160649	site_content
assets/static.tildacdn.com/tild6533-3236-4162-b061-363934613931/icon.svg	2634	site_content
assets/static.tildacdn.com/tild6533-3762-4563-a339-363932383834/hf_20260310_071405_e.jpeg	253238	site_content
assets/static.tildacdn.com/tild6533-6538-4762-b163-343935306431/_DSC3658.jpg	241609	site_content
assets/static.tildacdn.com/tild6534-3430-4131-b934-383636356333/-/resize/20x/ugon2jpg.jpg	948	site_content
assets/static.tildacdn.com/tild6534-3430-4131-b934-383636356333/ugon2jpg.jpg	122612	site_content
assets/static.tildacdn.com/tild6534-3438-4338-a632-383730633365/e64f36b3-0c6e-4eb1-a.png	974746	site_content
assets/static.tildacdn.com/tild6534-3463-4566-a463-623534343835/-/resize/20x/photo_53980772950812.jpg	1020	site_content
assets/static.tildacdn.com/tild6534-3633-4261-b836-653764666561/8.png	58150	site_content
assets/static.tildacdn.com/tild6534-6633-4661-a336-343337366665/photo_52379156410360.jpg	103552	site_content
assets/static.tildacdn.com/tild6535-3237-4363-b232-636237623031/Sin_titulo-1_Mesa_de.svg	783	site_content
assets/static.tildacdn.com/tild6535-3239-4132-b836-323232623635/IMG_5256.JPG	91617	site_content
assets/static.tildacdn.com/tild6535-3566-4838-b836-303239383736/IMG_20230619_225808.jpg	28518	site_content
assets/static.tildacdn.com/tild6535-3634-4833-a166-333861643434/-2.png	6453	site_content
assets/static.tildacdn.com/tild6536-3432-4234-b635-663663303134/-/resize/20x/konstantintaranov-23.jpg	905	site_content
assets/static.tildacdn.com/tild6536-3432-4234-b635-663663303134/konstantintaranov-23.jpg	196899	site_content
assets/static.tildacdn.com/tild6537-3037-4763-b532-383030323031/FOTO_PARTY_MAIN_.webp	72784	site_content
assets/static.tildacdn.com/tild6537-6330-4733-b338-313332316637/noroot.png	519919	site_content
assets/static.tildacdn.com/tild6537-6635-4333-a439-656130613230/6_img1.jpg	63735	site_content
assets/static.tildacdn.com/tild6538-3038-4930-b235-343733356161/image-11-2.webp	10796	site_content
assets/static.tildacdn.com/tild6538-3064-4332-b632-646136356438/-3_1200.jpg	208286	site_content
assets/static.tildacdn.com/tild6538-3631-4730-a232-633036643535/-_.jpg	79330	site_content
assets/static.tildacdn.com/tild6538-3863-4466-b434-396638393135/_DSC3751.jpg	274310	site_content
assets/static.tildacdn.com/tild6538-6135-4530-b765-303665363933/photo_2024-10-30_14-.jpg	167942	site_content
assets/static.tildacdn.com/tild6538-6534-4665-b733-633935383663/_2x.png	453502	site_content
assets/static.tildacdn.com/tild6538-6634-4866-a663-653938636437/image-8-2.webp	45708	site_content
assets/static.tildacdn.com/tild6539-3333-4933-b734-366563386465/IMG_5255.JPG	106153	site_content
assets/static.tildacdn.com/tild6539-3736-4630-a434-346232323632/image-9.webp	25542	site_content
assets/static.tildacdn.com/tild6561-3036-4133-a564-313031376331/-/resize/20x/photo_52379156410360.jpg	919	site_content
assets/static.tildacdn.com/tild6561-3234-4761-b931-343461393236/download_12.png	488652	site_content
assets/static.tildacdn.com/tild6561-3334-4766-a139-633239613064/-/resize/20x/IMG_1049-2.jpg	1080	site_content
assets/static.tildacdn.com/tild6561-3830-4437-b965-383432663633/_-2.png	6444	site_content
assets/static.tildacdn.com/tild6561-6131-4236-a538-333163663766/-/resize/20x/IMG_8242-2.jpg	903	site_content
assets/static.tildacdn.com/tild6561-6131-4236-a538-333163663766/IMG_8242-2.jpg	221218	site_content
assets/static.tildacdn.com/tild6562-3562-4762-a434-656133363038/noroot.png	682673	site_content
assets/static.tildacdn.com/tild6562-3861-4339-b338-656463346639/photo_51931340829162.jpg	82391	site_content
assets/static.tildacdn.com/tild6562-3936-4534-b139-333839336261/-2.jpg	69321	site_content
assets/static.tildacdn.com/tild6562-6232-4730-b134-643664343365/___2jpg-2.webp	61010	site_content
assets/static.tildacdn.com/tild6562-6235-4537-b838-633637643965/2025-05-29_13-57-00_.png	6251	site_content
assets/static.tildacdn.com/tild6563-3462-4231-a562-613961356462/1.jpg	34971	site_content
assets/static.tildacdn.com/tild6564-3539-4236-a231-646138356663/--3.jpg	102906	site_content
assets/static.tildacdn.com/tild6564-3739-4035-a561-386233383166/Frame_1341.svg	2669	site_content
assets/static.tildacdn.com/tild6564-3937-4161-a165-353034303730/IMG_5217jpg.webp	130032	site_content
assets/static.tildacdn.com/tild6564-6637-4461-a231-343637303237/__.webp	46866	site_content
assets/static.tildacdn.com/tild6565-3639-4336-b331-663431643630/photo_2021-09-10_23-.webp	82328	site_content
assets/static.tildacdn.com/tild6565-3663-4230-b338-636363623031/_.jpg	127318	site_content
assets/static.tildacdn.com/tild6565-3935-4133-b935-333963313438/_-2.jpg	139158	site_content
assets/static.tildacdn.com/tild6565-6238-4866-a236-623966613864/_003.png	98529	site_content
assets/static.tildacdn.com/tild6565-6238-4866-a236-623966613864/_003.webp	41388	site_content
assets/static.tildacdn.com/tild6565-6663-4430-b834-313634336365/image-9-2.png	80566	site_content
assets/static.tildacdn.com/tild6566-3034-4337-b431-653937663966/photo_2024-10-30_14-.jpg	167942	site_content
assets/static.tildacdn.com/tild6566-3834-4033-b630-393963303866/dmitriy-leongff2ovic.png	49000	site_content
assets/static.tildacdn.com/tild6566-6363-4439-a438-643461343262/_2___-2.png	182744	site_content
assets/static.tildacdn.com/tild6566-6632-4464-b433-356630383833/Vector_Smart_Object_.png	3377	site_content
assets/static.tildacdn.com/tild6631-3032-4661-b431-336634316238/IMG_20230620_071642.jpg	60350	site_content
assets/static.tildacdn.com/tild6632-3261-4832-a634-613166356430/8.png	58150	site_content
assets/static.tildacdn.com/tild6632-3562-4639-b037-333961306530/-/resize/20x/photo_2023-12-15_16-.jpg	937	site_content
assets/static.tildacdn.com/tild6632-3638-4331-b039-353038343264/1648103416_3-kartink.png	313874	site_content
assets/static.tildacdn.com/tild6632-3738-4561-b862-653733333135/IMG_6569_mini.jpg	292923	site_content
assets/static.tildacdn.com/tild6632-3738-4561-b862-653733333135/IMG_6569_mini.webp	123238	site_content
assets/static.tildacdn.com/tild6632-3861-4330-b634-353330616163/_006__.png	110938	site_content
assets/static.tildacdn.com/tild6632-3861-4330-b634-353330616163/_006__.webp	35086	site_content
assets/static.tildacdn.com/tild6632-6535-4831-a230-663765633739/1jpg.webp	70485	site_content
assets/static.tildacdn.com/tild6632-6539-4236-b962-376531623831/-/resize/20x/bombaquest_hostel_ph.jpg	568	site_content
assets/static.tildacdn.com/tild6632-6539-4236-b962-376531623831/bombaquest_hostel_ph.jpg	124180	site_content
assets/static.tildacdn.com/tild6633-3264-4362-a561-616464333966/photo_52899088100156.jpg	87055	site_content
assets/static.tildacdn.com/tild6633-3333-4139-a330-663635636135/1_.png	263174	site_content
assets/static.tildacdn.com/tild6633-3435-4136-a237-643031333535/IMG_8011jpg-2-2.webp	59920	site_content
assets/static.tildacdn.com/tild6633-6163-4630-a331-333135643135/_.jpg	114170	site_content
assets/static.tildacdn.com/tild6633-6538-4639-b930-393862633139/Sin_titulo-1-02.svg	908	site_content
assets/static.tildacdn.com/tild6634-3234-4332-b362-343764373439/IMG_8142jpg-2.webp	73604	site_content
assets/static.tildacdn.com/tild6634-6434-4835-b938-643962616235/FON_snow.svg	21112	site_content
assets/static.tildacdn.com/tild6634-6531-4537-b563-313531363836/-/resize/20x/REN_013_9799.jpg	4079	site_content
assets/static.tildacdn.com/tild6634-6531-4537-b563-313531363836/REN_013_9799.jpg	213900	site_content
assets/static.tildacdn.com/tild6635-3165-4130-a639-373031373739/-/resize/20x/photo_53980772950812.jpg	1048	site_content
assets/static.tildacdn.com/tild6635-3664-4862-b263-323663376233/image-4-2.webp	18088	site_content
assets/static.tildacdn.com/tild6635-3731-4935-a137-376234623835/icon.svg	5208	site_content
assets/static.tildacdn.com/tild6635-6531-4664-b861-663662393065/__-2.png	6487	site_content
assets/static.tildacdn.com/tild6635-6664-4336-b964-613336356363/Frame_1328-2.png	14109	site_content
assets/static.tildacdn.com/tild6636-3361-4832-a330-396634383464/-/resize/20x/bombaquest_hostel_ph.jpg	878	site_content
assets/static.tildacdn.com/tild6636-3361-4832-a330-396634383464/bombaquest_hostel_ph.jpg	79308	site_content
assets/static.tildacdn.com/tild6636-3430-4662-b535-336639373930/IMG_4406_1-2.jpg	54548	site_content
assets/static.tildacdn.com/tild6636-3462-4631-b937-313963343763/image-18-04-25-06-09.jpg	517456	site_content
assets/static.tildacdn.com/tild6636-3635-4364-b539-363561303037/Frame_1341.svg	2669	site_content
assets/static.tildacdn.com/tild6636-3738-4534-b330-386338313031/-/resize/20x/photo_2023-12-15_21-.jpg	928	site_content
assets/static.tildacdn.com/tild6636-3766-4432-b238-663463396263/-/resize/20x/IMG_1038-2.jpg	924	site_content
assets/static.tildacdn.com/tild6636-6135-4335-a434-366364626139/amongas_mini.png	17519	site_content
assets/static.tildacdn.com/tild6636-6332-4038-a164-666533363733/IMG_20230620_0717541.jpg	90716	site_content
assets/static.tildacdn.com/tild6636-6630-4862-a431-376564633636/photo_53980772950812.jpg	124419	site_content
assets/static.tildacdn.com/tild6637-3337-4664-a363-373131396164/002-key.png	363	site_content
assets/static.tildacdn.com/tild6637-3533-4531-b332-653235376165/noroot.png	762612	site_content
assets/static.tildacdn.com/tild6637-3865-4332-b833-623334326465/photo_53980772950812.jpg	138974	site_content
assets/static.tildacdn.com/tild6637-6363-4261-a334-316566343735/-/resize/20x/konstantintaranov-23.jpg	884	site_content
assets/static.tildacdn.com/tild6637-6363-4261-a334-316566343735/konstantintaranov-23.jpg	213059	site_content
assets/static.tildacdn.com/tild6638-3266-4265-b939-343332346234/_Portal_Strike.png	405501	site_content
assets/static.tildacdn.com/tild6638-3366-4663-a232-313261333339/noroot.png	445522	site_content
assets/static.tildacdn.com/tild6638-3539-4533-b438-363932363438/svg_1747594531728.svg	6805	site_content
assets/static.tildacdn.com/tild6638-3632-4034-a161-643761373537/image-5.jpg	149332	site_content
assets/static.tildacdn.com/tild6638-3632-4034-a161-643761373537/image-5.webp	19790	site_content
assets/static.tildacdn.com/tild6638-3730-4165-b863-326663336530/konstantintaranov-43.jpg	26713	site_content
assets/static.tildacdn.com/tild6638-3763-4335-a434-623762353536/noroot.png	203566	site_content
assets/static.tildacdn.com/tild6638-6235-4436-a164-646337663663/_15.png	166651	site_content
assets/static.tildacdn.com/tild6638-6235-4436-a164-646337663663/_15.webp	75920	site_content
assets/static.tildacdn.com/tild6638-6361-4861-a231-646635333634/photo_2023-10-30_21-.jpg	99852	site_content
assets/static.tildacdn.com/tild6639-3232-4330-b132-333866666566/LAT_3415.jpg	358853	site_content
assets/static.tildacdn.com/tild6639-3232-4330-b132-333866666566/LAT_3415.webp	176760	site_content
assets/static.tildacdn.com/tild6639-3432-4030-b534-653564653565/photo.png	252337	site_content
assets/static.tildacdn.com/tild6639-3434-4262-a365-376339336161/__-2.png	156735	site_content
assets/static.tildacdn.com/tild6639-3666-4430-a637-303731373932/Sin_titulo-1_Mesa_de.svg	783	site_content
assets/static.tildacdn.com/tild6639-6562-4030-a239-303339396137/tempImage12MvYV_1.png	393421	site_content
assets/static.tildacdn.com/tild6661-3236-4334-a439-366666393761/image_2025-03-20_20-.jpg	67927	site_content
assets/static.tildacdn.com/tild6661-3336-4335-b161-386235383666/IMG_20230619_225922.jpg	78257	site_content
assets/static.tildacdn.com/tild6661-3365-4538-b864-306638303334/IMG_8011jpg-2-2.webp	59920	site_content
assets/static.tildacdn.com/tild6661-3732-4566-a461-666632343732/IMG_5253-2.JPG	92829	site_content
assets/static.tildacdn.com/tild6661-6232-4234-b631-613862383232/__-2.png	6462	site_content
assets/static.tildacdn.com/tild6661-6530-4362-a163-613339313330/__.jpg	58145	site_content
assets/static.tildacdn.com/tild6662-6163-4638-a634-386334333664/_Portal_Strike_Kids.jpg	400336	site_content
assets/static.tildacdn.com/tild6663-3263-4532-a239-626139616232/Sin_titulo-1_Mesa_de.svg	783	site_content
assets/static.tildacdn.com/tild6663-3636-4063-b739-626165666266/BT_BIG_HEADER_green3.png	65588	site_content
assets/static.tildacdn.com/tild6663-3934-4334-b364-613837356431/Sin_titulo-1-02.svg	908	site_content
assets/static.tildacdn.com/tild6663-6465-4565-a664-383235633133/IMG_3972.png	476207	site_content
assets/static.tildacdn.com/tild6664-3061-4365-a636-346336303031/image-5-2.jpg	112499	site_content
assets/static.tildacdn.com/tild6664-3061-4365-a636-346336303031/image-5-2.webp	31684	site_content
assets/static.tildacdn.com/tild6664-3366-4130-a665-663338366366/_.jpg	79268	site_content
assets/static.tildacdn.com/tild6664-3836-4961-a538-636136363339/_.jpg	89446	site_content
assets/static.tildacdn.com/tild6664-6161-4235-a565-373762373064/photo_2023-10-30_21-.jpg	66120	site_content
assets/static.tildacdn.com/tild6664-6232-4562-a136-653166306332/Sin_titulo-1_Mesa_de.svg	783	site_content
assets/static.tildacdn.com/tild6665-3263-4464-a530-383536666664/photo_2024-10-30_14-.jpg	130150	site_content
assets/static.tildacdn.com/tild6665-6132-4234-a634-323133376130/Sin_titulo-1_Mesa_de.svg	783	site_content
assets/static.tildacdn.com/tild6665-6232-4066-b532-616561616363/image-10-2.jpg	38027	site_content
assets/static.tildacdn.com/tild6665-6436-4635-b931-393733303262/bombaquest_hostel_po.jpg	17950	site_content
assets/static.tildacdn.com/tild6666-3637-4461-a232-313266316431/image-4.webp	25314	site_content
assets/static.tildacdn.com/tild6666-3933-4432-b533-336236656639/IMG_8153.webp	128916	site_content
assets/static.tildacdn.com/tild6666-6265-4239-a537-643961396530/logo2-02.svg	1142	site_content
assets/static.tildacdn.com/vide3830-3861-4032-b762-626665356561/IMG_2297_online-vide.mp4	3281669	site_content
assets/static.tildacdn.com/ws/project2135642/tilda-blocks-page41480751.min.css	60789	site_content
assets/thb.tildacdn.com/tild3030-3032-4366-b139-373938643134/-/resizeb/20x/_005.png	677	site_content
assets/thb.tildacdn.com/tild3030-3032-4366-b139-373938643134/-/resizeb/20x/_005.webp	142	site_content
assets/thb.tildacdn.com/tild3030-6262-4366-a231-306133663765/-/resizeb/20x/IMG_5254.JPG	839	site_content
assets/thb.tildacdn.com/tild3030-6438-4966-a262-323663643765/-/resizeb/20x/tempImage4rhrwp_1-2-.jpg	833	site_content
assets/thb.tildacdn.com/tild3030-6535-4132-b031-643164646536/-/resize/20x/photo.jpg	882	site_content
assets/thb.tildacdn.com/tild3031-6135-4864-b436-643738356635/-/resizeb/20x/--2.jpg	841	site_content
assets/thb.tildacdn.com/tild3032-3630-4539-b636-303163646634/-/resize/20x/_.png	1221	site_content
assets/thb.tildacdn.com/tild3032-3630-4539-b636-303163646634/-/resize/20x/_.webp	478	site_content
assets/thb.tildacdn.com/tild3032-3730-4137-a662-303536393730/-/resizeb/20x/_DSC3628.jpg	827	site_content
assets/thb.tildacdn.com/tild3032-6535-4336-b833-356233373433/-/resizeb/20x/_DSC7951_1-2.jpg	835	site_content
assets/thb.tildacdn.com/tild3033-3464-4766-b566-613339323632/-/empty/quest_stars_patologi.jpg	2168	site_content
assets/thb.tildacdn.com/tild3033-6165-4230-a138-623138663761/-/resize/20x/image_24.png	923	site_content
assets/thb.tildacdn.com/tild3034-3430-4466-b030-356662633137/-/empty/IMG_3445.jpg	2410	site_content
assets/thb.tildacdn.com/tild3035-3236-4566-b762-376431663838/-/resizeb/20x/___2jpg.webp	292	site_content
assets/thb.tildacdn.com/tild3035-3863-4332-b833-393664323961/-/resizeb/20x/photo_2024-10-17_12-.png	1210	site_content
assets/thb.tildacdn.com/tild3036-3666-4734-b263-613930383463/-/resize/20x/image_3.png	2124	site_content
assets/thb.tildacdn.com/tild3037-3233-4136-a531-386563636166/-/resizeb/20x/IMG_8088.jpeg	840	site_content
assets/thb.tildacdn.com/tild3037-3236-4237-b563-663238316563/-/resize/20x/3__.jpg	910	site_content
assets/thb.tildacdn.com/tild3037-3932-4837-a630-373736393937/-/resize/20x/IMG.png	1194	site_content
assets/thb.tildacdn.com/tild3038-3232-4334-a135-633839303636/-/resize/20x/BT_BIG_HEADER3x.png	646	site_content
assets/thb.tildacdn.com/tild3039-3635-4437-b865-353334353166/-/empty/IMG_20230620_072401.jpg	688	site_content
assets/thb.tildacdn.com/tild3061-3062-4664-b265-356362643635/-/resize/20x/photo.png	1087	site_content
assets/thb.tildacdn.com/tild3061-6162-4135-b261-313632343865/-/resizeb/20x/photo.webp	330	site_content
assets/thb.tildacdn.com/tild3062-6161-4030-b866-323939616631/-/resize/20x/_1___-2.png	1397	site_content
assets/thb.tildacdn.com/tild3064-3661-4637-b066-383866666662/-/resizeb/20x/hf_20260310_072251_a.jpeg	842	site_content
assets/thb.tildacdn.com/tild3064-6337-4131-b163-613261343761/-/empty/photo_2025-05-05_22-.jpg	3342	site_content
assets/thb.tildacdn.com/tild3066-6163-4165-b437-323735303534/-/empty/_.jpg	2889	site_content
assets/thb.tildacdn.com/tild3066-6163-4165-b437-323735303534/-/resizeb/20x/_.jpg	861	site_content
assets/thb.tildacdn.com/tild3130-6361-4465-b433-633333646436/-/resizeb/20x/IMG_8086.jpeg	838	site_content
assets/thb.tildacdn.com/tild3131-3839-4239-b362-666536373135/-/resize/20x/photo.png	1046	site_content
assets/thb.tildacdn.com/tild3131-6363-4064-b731-383635353664/-/resize/20x/001-maps-and-flags_c.png	577	site_content
assets/thb.tildacdn.com/tild3132-6661-4631-a163-663638303761/-/resize/20x/photo.jpg	893	site_content
assets/thb.tildacdn.com/tild3133-3535-4231-b133-353037613031/-/resize/20x/Western_Boots_with_S.png	919	site_content
assets/thb.tildacdn.com/tild3134-6239-4833-a138-616235643735/-/resizeb/20x/_DSC3759.jpg	844	site_content
assets/thb.tildacdn.com/tild3136-3233-4135-b533-363161613830/-/resize/20x/002-key.png	491	site_content
assets/thb.tildacdn.com/tild3136-3236-4431-b962-383839363432/-/resizeb/20x/Frame_3-2.png	826	site_content
assets/thb.tildacdn.com/tild3136-3766-4930-b332-366335366262/-/resizeb/20x/IMG_7124_1.jpg	833	site_content
assets/thb.tildacdn.com/tild3137-3130-4165-a539-356562656339/-/resize/20x/33_1__1_1.png	1617	site_content
assets/thb.tildacdn.com/tild3137-6139-4565-a434-333431353034/-/resizeb/20x/noroot.png	1535	site_content
assets/thb.tildacdn.com/tild3137-6331-4636-b564-346438323161/-/empty/LAT_0655.jpg	3944	site_content
assets/thb.tildacdn.com/tild3137-6331-4636-b564-346438323161/-/empty/LAT_0655.webp	3228	site_content
assets/thb.tildacdn.com/tild3137-6331-4636-b564-346438323161/-/resizeb/20x/LAT_0655.jpg	4008	site_content
assets/thb.tildacdn.com/tild3139-6237-4963-b065-393234363734/-/resize/20x/photo.png	1118	site_content
assets/thb.tildacdn.com/tild3161-3338-4166-b039-303061633336/-/resizeb/20x/2.png	1177	site_content
assets/thb.tildacdn.com/tild3161-3732-4636-b439-613837333465/-/resizeb/20x/IMG_7124_1-2.jpg	832	site_content
assets/thb.tildacdn.com/tild3161-3838-4437-b162-633936376562/-/resize/20x/photo_2024-04-26_13-.jpg	1013	site_content
assets/thb.tildacdn.com/tild3161-6535-4831-b364-303861663861/-/resize/20x/__320-480px.png	1930	site_content
assets/thb.tildacdn.com/tild3162-3136-4139-a638-643138316132/-/resizeb/20x/photo.webp	442	site_content
assets/thb.tildacdn.com/tild3162-3233-4138-b238-363139356262/-/resize/20x/-_.png	458	site_content
assets/thb.tildacdn.com/tild3162-3766-4966-a530-363963316434/-/resize/20x/_5_1.png	1752	site_content
assets/thb.tildacdn.com/tild3162-6262-4963-b839-626134383333/-/resizeb/20x/photo_2024-10-30_14-.jpg	838	site_content
assets/thb.tildacdn.com/tild3164-3637-4665-a132-356361343561/-/resizeb/20x/photo_52899088100156.jpg	850	site_content
assets/thb.tildacdn.com/tild3164-6665-4035-b662-353137663663/-/resize/20x/__.png	1183	site_content
assets/thb.tildacdn.com/tild3165-3133-4965-b833-646230346232/-/empty/photo_52719489404110.jpg	2676	site_content
assets/thb.tildacdn.com/tild3165-6432-4132-a162-626336306239/-/resizeb/20x/photo_2024-09-28_14-.jpg	889	site_content
assets/thb.tildacdn.com/tild3166-6133-4532-a336-653830303563/-/resizeb/20x/photo_2024-10-30_14-.jpg	838	site_content
assets/thb.tildacdn.com/tild3230-3035-4234-b534-623639303036/-/resizeb/20x/id_6386942333_0-2.png	1020	site_content
assets/thb.tildacdn.com/tild3230-3735-4137-b162-636636363635/-/resizeb/20x/photo_2024-10-30_14-.jpg	846	site_content
assets/thb.tildacdn.com/tild3231-6461-4964-b234-396262613566/-/resizeb/20x/IMG_7064-2.jpg	836	site_content
assets/thb.tildacdn.com/tild3231-6564-4735-a239-353165663535/-/empty/noroot.png	699	site_content
assets/thb.tildacdn.com/tild3232-3566-4337-a334-333263366361/-/empty/IMG_3281.jpg	2410	site_content
assets/thb.tildacdn.com/tild3232-6235-4032-b964-636133363333/-/resize/20x/2025-2.png	1129	site_content
assets/thb.tildacdn.com/tild3232-6365-4432-a637-613261343564/-/resize/20x/_2___-2.png	1455	site_content
assets/thb.tildacdn.com/tild3232-6634-4239-b238-323232363765/-/resizeb/20x/IMG_1038-2.jpg	843	site_content
assets/thb.tildacdn.com/tild3234-3264-4237-b530-653662303034/-/resizeb/20x/_-.png	296	site_content
assets/thb.tildacdn.com/tild3235-3935-4063-b933-346639363931/-/resizeb/20x/noroot.png	1110	site_content
assets/thb.tildacdn.com/tild3236-3232-4839-b637-666466343066/-/resizeb/20x/-.jpg	869	site_content
assets/thb.tildacdn.com/tild3236-6634-4161-b739-303963653530/-/empty/photo_2024-09-28_14-.jpg	2676	site_content
assets/thb.tildacdn.com/tild3236-6634-4161-b739-303963653530/-/resizeb/20x/photo_2024-09-28_14-.jpg	888	site_content
assets/thb.tildacdn.com/tild3237-3664-4263-b133-346137303465/-/resizeb/20x/2_.jpg	911	site_content
assets/thb.tildacdn.com/tild3238-3538-4263-b761-626338653834/-/resize/20x/Group_2.png	605	site_content
assets/thb.tildacdn.com/tild3238-6261-4135-b662-646561666538/-/resizeb/20x/VR3.jpg	825	site_content
assets/thb.tildacdn.com/tild3238-6330-4231-b466-633862643461/-/resizeb/20x/IMG_4978-2.JPG	884	site_content
assets/thb.tildacdn.com/tild3261-3365-4262-b463-643735613366/-/resizeb/20x/-_.jpg	847	site_content
assets/thb.tildacdn.com/tild3262-6430-4635-b532-306233653561/-/resizeb/20x/_2.jpg	864	site_content
assets/thb.tildacdn.com/tild3262-6437-4163-a664-323535303334/-/resize/20x/_-2.jpg	914	site_content
assets/thb.tildacdn.com/tild3263-6230-4964-b763-343131643634/-/resize/20x/ok.png	493	site_content
assets/thb.tildacdn.com/tild3263-6538-4537-b934-343064323136/-/resize/20x/gift--v1.png	454	site_content
assets/thb.tildacdn.com/tild3263-6637-4530-a436-373065646637/-/empty/IMG_20230619_232452.jpg	757	site_content
assets/thb.tildacdn.com/tild3264-3538-4530-b761-666561356535/-/empty/photo_2024-10-30_14-.jpg	2410	site_content
assets/thb.tildacdn.com/tild3264-3538-4530-b761-666561356535/-/empty/photo_2024-10-30_14-.webp	2116	site_content
assets/thb.tildacdn.com/tild3265-3038-4238-b365-643839373336/-/empty/LAT_1323.jpg	3944	site_content
assets/thb.tildacdn.com/tild3265-3038-4238-b365-643839373336/-/empty/LAT_1323.webp	3228	site_content
assets/thb.tildacdn.com/tild3265-3038-4238-b365-643839373336/-/resizeb/20x/LAT_1323.jpg	4013	site_content
assets/thb.tildacdn.com/tild3265-3530-4264-a166-666632666162/-/resizeb/20x/photo_2024-09-29_19-.jpg	853	site_content
assets/thb.tildacdn.com/tild3266-3662-4161-b962-386137353831/-/resizeb/20x/_.jpg	822	site_content
assets/thb.tildacdn.com/tild3266-3862-4736-a538-393232393631/-/resizeb/20x/photo.jpg	850	site_content
assets/thb.tildacdn.com/tild3266-6337-4239-b435-326335323831/-/resizeb/20x/IMG_7068-2.jpg	826	site_content
assets/thb.tildacdn.com/tild3266-6530-4961-b639-656630353465/-/resizeb/20x/noroot.png	1217	site_content
assets/thb.tildacdn.com/tild3266-6665-4733-b834-656431363737/-/resize/20x/noroot.png	573	site_content
assets/thb.tildacdn.com/tild3330-6134-4531-a661-303463373338/-/resizeb/20x/IMG_8080.jpeg	839	site_content
assets/thb.tildacdn.com/tild3331-6231-4664-b832-356461313162/-/resizeb/20x/Frame_9-3-2.jpg	842	site_content
assets/thb.tildacdn.com/tild3332-3061-4661-b738-346636633462/-/resizeb/20x/tempImage4rhrwp_1-3-.jpg	837	site_content
assets/thb.tildacdn.com/tild3332-3062-4631-a564-336364316163/-/resizeb/20x/_mini.jpg	863	site_content
assets/thb.tildacdn.com/tild3332-3166-4133-a639-663336383831/-/resize/20x/Group_26.png	347	site_content
assets/thb.tildacdn.com/tild3332-3938-4331-a335-616663393862/-/resize/20x/_____.jpg	916	site_content
assets/thb.tildacdn.com/tild3334-3233-4863-b363-663966346362/-/resizeb/20x/DSC_0453_1jpg.webp	4000	site_content
assets/thb.tildacdn.com/tild3334-6265-4539-a161-376638336433/-/resize/20x/6.png	624	site_content
assets/thb.tildacdn.com/tild3334-6265-4539-a161-376638336433/-/resize/20x/6.webp	232	site_content
assets/thb.tildacdn.com/tild3334-6662-4466-b237-386665393934/-/resize/20x/_3___-2.png	1454	site_content
assets/thb.tildacdn.com/tild3336-3434-4738-a362-643937653036/-/resizeb/20x/photo_52899088100156.jpg	846	site_content
assets/thb.tildacdn.com/tild3336-3831-4462-a235-356130663131/-/resizeb/20x/_01-2.jpg	838	site_content
assets/thb.tildacdn.com/tild3336-3930-4237-b936-373031366464/-/empty/IMG_20230619_225859.jpg	733	site_content
assets/thb.tildacdn.com/tild3336-6130-4464-b336-336463313232/-/resizeb/20x/tempImageclLCMN_1.webp	316	site_content
assets/thb.tildacdn.com/tild3337-3666-4237-b830-313666316639/-/resize/20x/IMAGE_2021-11-24_140.jpg	879	site_content
assets/thb.tildacdn.com/tild3338-6165-4466-b665-623433623761/-/empty/Group_2.png	300	site_content
assets/thb.tildacdn.com/tild3339-6462-4239-b662-353164363932/-/resize/20x/-.png	1164	site_content
assets/thb.tildacdn.com/tild3361-3138-4962-b233-633164663065/-/empty/LAT_3538.jpg	3944	site_content
assets/thb.tildacdn.com/tild3361-3138-4962-b233-633164663065/-/empty/LAT_3538.webp	3228	site_content
assets/thb.tildacdn.com/tild3361-3138-4962-b233-633164663065/-/resizeb/20x/LAT_3538.jpg	4014	site_content
assets/thb.tildacdn.com/tild3361-3434-4239-b839-373566653432/-/resizeb/20x/17653056227838269517.png	981	site_content
assets/thb.tildacdn.com/tild3362-3333-4035-b466-303137303731/-/empty/IMG_20230619_225835.jpg	836	site_content
assets/thb.tildacdn.com/tild3362-6333-4631-a435-656361646166/-/resizeb/20x/_14.png	788	site_content
assets/thb.tildacdn.com/tild3362-6333-4631-a435-656361646166/-/resizeb/20x/_14.webp	162	site_content
assets/thb.tildacdn.com/tild3363-3462-4233-a662-326533643163/-/empty/IMG_20230620_072334.jpg	714	site_content
assets/thb.tildacdn.com/tild3363-3939-4161-a432-363165316361/-/resize/20x/003-history.png	889	site_content
assets/thb.tildacdn.com/tild3363-6338-4532-a563-666262343138/-/resize/20x/NEW_YEAR-4-2.png	605	site_content
assets/thb.tildacdn.com/tild3363-6436-4639-b138-373931383939/-/resize/20x/Rectangle_33.png	292	site_content
assets/thb.tildacdn.com/tild3364-3332-4138-a232-613136353466/-/resizeb/20x/8.png	652	site_content
assets/thb.tildacdn.com/tild3365-3336-4232-b966-663430316334/-/resize/20x/Cartoon_Boy_Harry_Ho.png	1229	site_content
assets/thb.tildacdn.com/tild3365-3336-4232-b966-663430316334/-/resize/20x/Cartoon_Boy_Harry_Ho.webp	618	site_content
assets/thb.tildacdn.com/tild3365-3635-4465-b335-343632663439/-/resizeb/20x/photo_52899088100156.jpg	840	site_content
assets/thb.tildacdn.com/tild3365-6339-4435-a633-623833323735/-/resizeb/20x/noroot.png	1139	site_content
assets/thb.tildacdn.com/tild3366-3532-4235-a531-333765366464/-/resize/20x/LAT_3415.jpg	4111	site_content
assets/thb.tildacdn.com/tild3366-3663-4536-a538-373466313034/-/resizeb/20x/-2.png	1153	site_content
assets/thb.tildacdn.com/tild3366-6365-4762-b665-633666363431/-/resizeb/20x/_2.jpg	897	site_content
assets/thb.tildacdn.com/tild3431-3038-4362-b232-386265383466/-/resize/20x/8.png	611	site_content
assets/thb.tildacdn.com/tild3431-3237-4565-a435-343732646232/-/resize/20x/5_banda.png	911	site_content
assets/thb.tildacdn.com/tild3431-3631-4338-a263-343265383664/-/resizeb/20x/noroot.png	1098	site_content
assets/thb.tildacdn.com/tild3431-6537-4539-b938-346138366463/-/resizeb/20x/____.png	1342	site_content
assets/thb.tildacdn.com/tild3433-6262-4231-b832-646365383035/-/resizeb/20x/image_2025-03-20_20-.jpg	835	site_content
assets/thb.tildacdn.com/tild3434-3462-4665-b535-383435633563/-/resizeb/20x/image-15-2.png	976	site_content
assets/thb.tildacdn.com/tild3434-3737-4263-a364-616564326139/-/resize/20x/8.png	611	site_content
assets/thb.tildacdn.com/tild3434-6135-4537-b932-666563363536/-/resize/20x/Colorful_BalloonsH03.png	1551	site_content
assets/thb.tildacdn.com/tild3434-6135-4537-b932-666563363536/-/resize/20x/Colorful_BalloonsH03.webp	710	site_content
assets/thb.tildacdn.com/tild3434-6236-4666-b730-653163336530/-/resizeb/20x/_VR.jpg	903	site_content
assets/thb.tildacdn.com/tild3435-3464-4339-b730-363863653365/-/resize/20x/8.png	611	site_content
assets/thb.tildacdn.com/tild3435-3562-4164-a165-336265323434/-/resizeb/20x/photo_52245135305926.jpg	869	site_content
assets/thb.tildacdn.com/tild3435-3664-4963-b337-336266343361/-/resizeb/20x/photo_2024-10-30_14-.jpg	846	site_content
assets/thb.tildacdn.com/tild3435-3665-4064-a336-653663386664/-/resizeb/20x/konstantintaranov-24.jpg	4000	site_content
assets/thb.tildacdn.com/tild3435-6363-4039-a638-313563306366/-/resizeb/20x/IMG_1044-2.jpg	842	site_content
assets/thb.tildacdn.com/tild3436-6536-4239-b265-303332356330/-/resize/20x/image_4.png	1190	site_content
assets/thb.tildacdn.com/tild3437-3336-4535-a431-396335396138/-/resizeb/20x/_DSC3759.jpg	842	site_content
assets/thb.tildacdn.com/tild3438-3366-4137-b166-303763313235/-/resizeb/20x/_-2.jpg	866	site_content
assets/thb.tildacdn.com/tild3439-3036-4166-a237-633766626637/-/resize/20x/image-3-2.png	967	site_content
assets/thb.tildacdn.com/tild3439-3531-4535-b661-393264383037/-/resizeb/20x/__.jpg	855	site_content
assets/thb.tildacdn.com/tild3439-6362-4561-a465-303634663163/-/resize/20x/birthday-cake.png	520	site_content
assets/thb.tildacdn.com/tild3461-3638-4839-b762-326438376439/-/resize/20x/photo.png	1246	site_content
assets/thb.tildacdn.com/tild3462-3335-4439-a234-316530653936/-/resize/20x/photo.png	1245	site_content
assets/thb.tildacdn.com/tild3462-6361-4331-a530-613138666131/-/resizeb/20x/_st_block.png	1217	site_content
assets/thb.tildacdn.com/tild3462-6565-4131-b138-666134393862/-/resize/20x/__2GIS.png	2497	site_content
assets/thb.tildacdn.com/tild3462-6565-4131-b138-666134393862/-/resize/20x/__2GIS.webp	582	site_content
assets/thb.tildacdn.com/tild3463-3931-4833-b565-346437376365/-/resizeb/20x/_GPT_light.png	296	site_content
assets/thb.tildacdn.com/tild3463-3931-4833-b565-346437376365/-/resizeb/20x/_GPT_light.webp	64	site_content
assets/thb.tildacdn.com/tild3464-3462-4065-b462-353931643230/-/resize/20x/__.jpg	847	site_content
assets/thb.tildacdn.com/tild3464-3761-4133-b563-306136346438/-/resize/20x/__copia2x.png	1213	site_content
assets/thb.tildacdn.com/tild3464-6665-4961-b665-363365666438/-/resizeb/20x/___st_block.png	1051	site_content
assets/thb.tildacdn.com/tild3466-3963-4064-b831-353563623839/-/resizeb/20x/photo_2023-10-30_21-.jpg	834	site_content
assets/thb.tildacdn.com/tild3466-6130-4564-a365-643635333331/-/empty/__________01-2.jpg	4409	site_content
assets/thb.tildacdn.com/tild3466-6130-4564-a365-643635333331/-/resizeb/20x/__________01-2.jpg	853	site_content
assets/thb.tildacdn.com/tild3530-3537-4161-b065-343062393764/-/resizeb/20x/IMG_4988.JPG	867	site_content
assets/thb.tildacdn.com/tild3530-6466-4838-b832-353262336136/-/resize/20x/_3___-2.png	1835	site_content
assets/thb.tildacdn.com/tild3531-3164-4231-a536-623462373662/-/empty/IMG_3249.jpg	2410	site_content
assets/thb.tildacdn.com/tild3531-3365-4539-a439-636435326565/-/resizeb/20x/photo_2024-10-30_14-.jpg	837	site_content
assets/thb.tildacdn.com/tild3532-3434-4664-a464-366335343238/-/resizeb/20x/-.jpg	844	site_content
assets/thb.tildacdn.com/tild3533-6639-4433-b265-663331666466/-/empty/quest_stars_patologi.jpg	2168	site_content
assets/thb.tildacdn.com/tild3534-3237-4062-b433-336239353838/-/resizeb/20x/image_2025-03-20_20-.jpg	849	site_content
assets/thb.tildacdn.com/tild3535-3437-4837-b939-646237636439/-/resizeb/20x/photo.jpg	853	site_content
assets/thb.tildacdn.com/tild3535-6639-4365-a165-343265326163/-/resize/20x/party-baloons.png	498	site_content
assets/thb.tildacdn.com/tild3535-6662-4837-a163-653431623335/-/resizeb/20x/_.jpg	888	site_content
assets/thb.tildacdn.com/tild3536-3538-4666-a132-313662373136/-/resizeb/20x/photo_51931340829162.jpg	882	site_content
assets/thb.tildacdn.com/tild3536-6331-4565-b461-316465303434/-/resize/20x/2.png	1249	site_content
assets/thb.tildacdn.com/tild3537-3136-4665-b339-363339353138/-/empty/IMG_7336.JPG	2675	site_content
assets/thb.tildacdn.com/tild3537-3136-4665-b339-363339353138/-/resizeb/20x/IMG_7336.JPG	831	site_content
assets/thb.tildacdn.com/tild3537-3932-4835-a238-393030646235/-/resize/20x/3.png	1208	site_content
assets/thb.tildacdn.com/tild3538-6264-4565-b034-313961353532/-/resize/20x/celebrate_bg2x.png	321	site_content
assets/thb.tildacdn.com/tild3561-3036-4763-a633-393338336536/-/resizeb/20x/_DSC3787.jpg	849	site_content
assets/thb.tildacdn.com/tild3561-3266-4635-b264-643032336637/-/resizeb/20x/IMG_7151.jpg	839	site_content
assets/thb.tildacdn.com/tild3561-3934-4231-b639-323164653634/-/resize/20x/4090969693_a35cdc26-.png	1733	site_content
assets/thb.tildacdn.com/tild3563-3231-4235-a638-323266316466/-/resize/20x/photo.png	1064	site_content
assets/thb.tildacdn.com/tild3563-6236-4435-b539-336539323632/-/resizeb/20x/_st_block.png	1115	site_content
assets/thb.tildacdn.com/tild3564-3962-4361-b561-303431343737/-/resize/20x/image_27-2.png	754	site_content
assets/thb.tildacdn.com/tild3564-6538-4438-b563-356663383339/-/resizeb/20x/_big.png	294	site_content
assets/thb.tildacdn.com/tild3565-6334-4163-b966-373864306535/-/resizeb/20x/photo_51931340829162.jpg	847	site_content
assets/thb.tildacdn.com/tild3566-3334-4234-b233-653839613766/-/resizeb/20x/photo.webp	456	site_content
assets/thb.tildacdn.com/tild3566-3334-4966-b035-636432313661/-/resizeb/20x/LAT_5835.jpg	891	site_content
assets/thb.tildacdn.com/tild3630-3738-4462-b561-326632646165/-/empty/_611.jpg	622	site_content
assets/thb.tildacdn.com/tild3630-3936-4736-b639-666332353035/-/resizeb/20x/photo_51931340829162.jpg	840	site_content
assets/thb.tildacdn.com/tild3631-3836-4531-b039-303431663735/-/resize/20x/8.png	611	site_content
assets/thb.tildacdn.com/tild3631-3837-4233-b766-626566656633/-/resize/20x/_.jpg	894	site_content
assets/thb.tildacdn.com/tild3632-6536-4331-a666-316464363066/-/resizeb/20x/IMG_8085.jpeg	881	site_content
assets/thb.tildacdn.com/tild3633-3964-4262-b731-333734383564/-/resizeb/20x/IMG_8011jpg-2-2.webp	308	site_content
assets/thb.tildacdn.com/tild3635-3962-4134-b738-353735346234/-/empty/noroot.png	711	site_content
assets/thb.tildacdn.com/tild3635-3963-4039-b139-663737666633/-/resizeb/20x/-_.jpg	831	site_content
assets/thb.tildacdn.com/tild3636-3835-4665-b338-666330336136/-/resizeb/20x/_.jpg	822	site_content
assets/thb.tildacdn.com/tild3636-6463-4332-a131-313030313561/-/empty/_1861.jpg	624	site_content
assets/thb.tildacdn.com/tild3637-6236-4832-b162-363931626431/-/empty/IMG_20230620_072429.jpg	622	site_content
assets/thb.tildacdn.com/tild3638-6264-4237-b062-646161343632/-/resize/20x/8.png	611	site_content
assets/thb.tildacdn.com/tild3638-6430-4263-a639-616163316136/-/resizeb/20x/noroot.png	1127	site_content
assets/thb.tildacdn.com/tild3639-3136-4430-b835-343236396231/-/resizeb/20x/apple-phone.png	586	site_content
assets/thb.tildacdn.com/tild3662-6466-4436-a636-376234363361/-/resizeb/20x/photo_2024-06-18_21-.jpg	873	site_content
assets/thb.tildacdn.com/tild3663-6538-4766-b866-333262336463/-/resize/20x/Vector_Smart_Object_.png	878	site_content
assets/thb.tildacdn.com/tild3664-3863-4964-a135-323536623164/-/resizeb/20x/Fondo.png	993	site_content
assets/thb.tildacdn.com/tild3664-6361-4431-b035-666164323634/-/resize/20x/icons8-.gif	17173	site_content
assets/thb.tildacdn.com/tild3665-3238-4465-a464-613766613634/-/resize/20x/__.png	1883	site_content
assets/thb.tildacdn.com/tild3665-3238-4465-a464-613766613634/-/resize/20x/__.webp	708	site_content
assets/thb.tildacdn.com/tild3665-6436-4665-b563-356139333732/-/empty/_.jpg	2168	site_content
assets/thb.tildacdn.com/tild3665-6436-4665-b563-356139333732/-/empty/_.webp	1884	site_content
assets/thb.tildacdn.com/tild3665-6436-4665-b563-356139333732/-/resizeb/20x/_.jpg	842	site_content
assets/thb.tildacdn.com/tild3666-3161-4534-a230-353131636338/-/resizeb/20x/zakrytaya_zona_ne_po.jpg	823	site_content
assets/thb.tildacdn.com/tild3666-3363-4430-b737-616439363137/-/resizeb/20x/-_.jpg	854	site_content
assets/thb.tildacdn.com/tild3730-3134-4232-a663-646465323631/-/resizeb/20x/702b5a78-c903-4fbe-a.jpg	837	site_content
assets/thb.tildacdn.com/tild3730-6433-4639-b934-633037323135/-/resizeb/20x/photo.jpg	874	site_content
assets/thb.tildacdn.com/tild3730-6634-4766-a632-656164343433/-/resizeb/20x/_007__ROBLOX_.png	777	site_content
assets/thb.tildacdn.com/tild3730-6634-4766-a632-656164343433/-/resizeb/20x/_007__ROBLOX_.webp	164	site_content
assets/thb.tildacdn.com/tild3732-6337-4561-a263-363062343735/-/empty/_1031.jpg	798	site_content
assets/thb.tildacdn.com/tild3733-3361-4461-b737-366638383531/-/resize/20x/fire.png	978	site_content
assets/thb.tildacdn.com/tild3734-3063-4631-a131-653635366164/-/resizeb/20x/2____.jpg	846	site_content
assets/thb.tildacdn.com/tild3734-3361-4337-b335-356330383539/-/resizeb/20x/image-18-04-25-06-09.jpg	872	site_content
assets/thb.tildacdn.com/tild3734-6332-4632-b631-323466393135/-/empty/IMG_20230619_232314.jpg	622	site_content
assets/thb.tildacdn.com/tild3736-3836-4132-b430-653734356133/-/resize/20x/image_7.png	1233	site_content
assets/thb.tildacdn.com/tild3736-6130-4661-a561-366163396461/-/empty/LAT_3451.jpg	3944	site_content
assets/thb.tildacdn.com/tild3736-6130-4661-a561-366163396461/-/empty/LAT_3451.webp	3228	site_content
assets/thb.tildacdn.com/tild3736-6130-4661-a561-366163396461/-/resizeb/20x/LAT_3451.jpg	3998	site_content
assets/thb.tildacdn.com/tild3737-6133-4062-a432-356661643237/-/resize/20x/kids-min.png	678	site_content
assets/thb.tildacdn.com/tild3737-6465-4432-b433-386131376335/-/resize/20x/LAT_3538.jpg	4103	site_content
assets/thb.tildacdn.com/tild3738-3136-4238-b036-313239313830/-/resize/20x/image-2.png	1021	site_content
assets/thb.tildacdn.com/tild3738-3861-4636-b531-376631326334/-/resizeb/20x/_.jpg	850	site_content
assets/thb.tildacdn.com/tild3739-3861-4237-b434-333732383561/-/resize/20x/photo.png	1089	site_content
assets/thb.tildacdn.com/tild3739-6633-4330-a365-353238616666/-/resize/20x/noroot.png	465	site_content
assets/thb.tildacdn.com/tild3761-3366-4363-a536-323665366534/-/resizeb/20x/13683010_opposites11.jpg	4020	site_content
assets/thb.tildacdn.com/tild3761-3735-4430-b832-373637653537/-/resizeb/20x/__.jpg	843	site_content
assets/thb.tildacdn.com/tild3762-3433-4465-a331-313563633066/-/empty/photo_2024-11-02_03-.jpg	2077	site_content
assets/thb.tildacdn.com/tild3762-3563-4638-b163-303165633763/-/resizeb/20x/_02-2.jpg	835	site_content
assets/thb.tildacdn.com/tild3763-3032-4430-a234-333137626437/-/resizeb/20x/photo_52899088100156.jpg	851	site_content
assets/thb.tildacdn.com/tild3763-3839-4662-a161-633239313535/-/resizeb/20x/_.jpg	850	site_content
assets/thb.tildacdn.com/tild3763-6131-4030-b665-386366376235/-/resizeb/20x/IMG_4403_1.jpg	877	site_content
assets/thb.tildacdn.com/tild3764-6439-4433-a266-633336383865/-/resizeb/20x/-_.jpg	905	site_content
assets/thb.tildacdn.com/tild3830-3130-4662-b562-386630333361/-/empty/noroot.png	761	site_content
assets/thb.tildacdn.com/tild3830-3366-4161-b636-373562633061/-/resize/20x/photo_2023-11-20_22-.jpg	864	site_content
assets/thb.tildacdn.com/tild3833-3332-4162-b139-306565346233/-/resize/20x/Group-2.png	1422	site_content
assets/thb.tildacdn.com/tild3833-6162-4661-a631-346362346432/-/resizeb/20x/_Portal_Strike.png	839	site_content
assets/thb.tildacdn.com/tild3834-3730-4065-b561-363835313731/-/empty/noroot.png	719	site_content
assets/thb.tildacdn.com/tild3834-6132-4531-a331-623039313762/-/resize/20x/burger_1.png	855	site_content
assets/thb.tildacdn.com/tild3834-6264-4434-b061-333862343963/-/resizeb/20x/noroot.png	1259	site_content
assets/thb.tildacdn.com/tild3836-3363-4263-b364-663639633436/-/resize/20x/8.png	611	site_content
assets/thb.tildacdn.com/tild3836-3465-4165-b533-363736613561/-/resize/20x/_1___-2.png	1397	site_content
assets/thb.tildacdn.com/tild3836-6134-4037-a337-623736643465/-/empty/_.jpg	1087	site_content
assets/thb.tildacdn.com/tild3836-6461-4436-b238-323766353839/-/resize/20x/102832617_1.png	1039	site_content
assets/thb.tildacdn.com/tild3837-3831-4363-a463-353239383431/-/resize/20x/_1___-2.png	1862	site_content
assets/thb.tildacdn.com/tild3837-3861-4633-a635-656137656437/-/resize/20x/freepik__expand__303.jpeg	862	site_content
assets/thb.tildacdn.com/tild3837-6538-4232-a237-386166376139/-/resize/20x/8.png	611	site_content
assets/thb.tildacdn.com/tild3839-6166-4036-b636-343739373866/-/resize/20x/OBJECTS_2_1.png	1397	site_content
assets/thb.tildacdn.com/tild3861-3135-4930-b932-383731343136/-/resize/20x/5.png	630	site_content
assets/thb.tildacdn.com/tild3861-3135-4930-b932-383731343136/-/resize/20x/5.webp	234	site_content
assets/thb.tildacdn.com/tild3861-6631-4164-b161-643466643963/-/resizeb/20x/photo_2024-10-30_14-.jpg	848	site_content
assets/thb.tildacdn.com/tild3862-6331-4263-b264-343334343765/-/resizeb/20x/_.jpg	851	site_content
assets/thb.tildacdn.com/tild3863-3062-4336-b566-333335396135/-/resize/20x/Desktop_-_11.png	1154	site_content
assets/thb.tildacdn.com/tild3863-3161-4138-a632-323030663536/-/empty/photo_2025-05-06_15-.jpg	3342	site_content
assets/thb.tildacdn.com/tild3863-3430-4430-b763-323731343539/-/empty/IMG_20230620_071548.jpg	657	site_content
assets/thb.tildacdn.com/tild3864-3137-4236-a365-373065343230/-/resizeb/20x/tempImage4rhrwp_1-4.jpg	833	site_content
assets/thb.tildacdn.com/tild3865-3132-4864-a630-326531636333/-/resizeb/20x/eee8132230613e0ca1d5.jpg	875	site_content
assets/thb.tildacdn.com/tild3865-3330-4661-a539-613535393162/-/resize/20x/photo.png	1622	site_content
assets/thb.tildacdn.com/tild3865-6133-4663-a532-333435623638/-/resize/20x/3_1__2_1.png	1080	site_content
assets/thb.tildacdn.com/tild3865-6232-4365-a335-666132343633/-/empty/_186.jpg	693	site_content
assets/thb.tildacdn.com/tild3866-3131-4234-a532-303033376539/-/resizeb/20x/_.jpg	820	site_content
assets/thb.tildacdn.com/tild3866-3434-4132-b131-343366316237/-/resizeb/20x/photo_2024-11-02_03-.jpg	845	site_content
assets/thb.tildacdn.com/tild3930-3466-4538-b432-393266336632/-/resizeb/20x/photo_52899088100156.jpg	846	site_content
assets/thb.tildacdn.com/tild3930-6438-4463-b237-306432633962/-/resizeb/20x/_Roblox.jpg	873	site_content
assets/thb.tildacdn.com/tild3931-3963-4736-a263-653163353463/-/empty/_.jpg	1243	site_content
assets/thb.tildacdn.com/tild3931-6261-4331-a661-366430393039/-/empty/photo_2024-06-18_21-.jpg	1301	site_content
assets/thb.tildacdn.com/tild3931-6261-4331-a661-366430393039/-/resizeb/20x/photo_2024-06-18_21-.jpg	872	site_content
assets/thb.tildacdn.com/tild3933-3136-4735-a430-346635383439/-/resize/20x/_1_2.png	1211	site_content
assets/thb.tildacdn.com/tild3933-6236-4463-b335-316630363937/-/resize/20x/noroot.png	1532	site_content
assets/thb.tildacdn.com/tild3934-3034-4630-a366-663230346237/-/resizeb/20x/IMG_9395.jpg	913	site_content
assets/thb.tildacdn.com/tild3934-3262-4235-b939-353763393937/-/resize/20x/002-person.png	518	site_content
assets/thb.tildacdn.com/tild3934-3734-4531-a263-366434623936/-/resizeb/20x/_.jpg	874	site_content
assets/thb.tildacdn.com/tild3934-6132-4863-a234-666334393738/-/resize/20x/Vector_Smart_Object_.png	878	site_content
assets/thb.tildacdn.com/tild3934-6539-4333-a230-333536643337/-/resizeb/20x/IMG_5257.JPG	880	site_content
assets/thb.tildacdn.com/tild3935-6561-4936-a239-633335383335/-/resize/20x/_2___-2.png	1838	site_content
assets/thb.tildacdn.com/tild3937-6139-4165-b563-393134313865/-/resizeb/20x/Frame_9-2-2.jpg	835	site_content
assets/thb.tildacdn.com/tild3937-6261-4661-b537-613237353334/-/empty/IMG_3437.jpg	2410	site_content
assets/thb.tildacdn.com/tild3938-3132-4264-b439-643831653037/-/resizeb/20x/IMG_5253.JPG	845	site_content
assets/thb.tildacdn.com/tild3938-6339-4465-b631-356437313865/-/resizeb/20x/photo_2024-09-28_14-.jpg	888	site_content
assets/thb.tildacdn.com/tild3938-6532-4162-a530-396538653433/-/resizeb/20x/_DSC3701.jpg	844	site_content
assets/thb.tildacdn.com/tild3939-3636-4437-a362-313730643038/-/resize/20x/Low_Poly_Thought_Bub.png	1094	site_content
assets/thb.tildacdn.com/tild3939-3636-4437-a362-313730643038/-/resize/20x/Low_Poly_Thought_Bub.webp	616	site_content
assets/thb.tildacdn.com/tild3961-3561-4235-b139-373362323530/-/resize/20x/331_4_1.png	1215	site_content
assets/thb.tildacdn.com/tild3961-6638-4934-b162-623633336637/-/empty/id_6386942333_0.jpg	2153	site_content
assets/thb.tildacdn.com/tild3962-3064-4039-a531-343538613834/-/resize/20x/_photo_2024-04-26_13.jpg	938	site_content
assets/thb.tildacdn.com/tild3962-6435-4337-a333-393339336637/-/resizeb/20x/_03-2.jpg	836	site_content
assets/thb.tildacdn.com/tild3963-3263-4839-a662-393736663663/-/resizeb/20x/IMG_4406_1.jpg	849	site_content
assets/thb.tildacdn.com/tild3964-3364-4939-a334-666535613961/-/resizeb/20x/photo_2023-12-15_21-.jpg	843	site_content
assets/thb.tildacdn.com/tild3966-6335-4263-b336-613765626566/-/resize/20x/noroot.jpg	1376	site_content
assets/thb.tildacdn.com/tild6130-3038-4262-a664-386234373861/-/empty/IMG_20230619_232333.jpg	864	site_content
assets/thb.tildacdn.com/tild6130-3332-4533-b838-333431396631/-/resizeb/20x/_.jpg	850	site_content
assets/thb.tildacdn.com/tild6131-6564-4735-b639-353532663239/-/resizeb/20x/photo.jpg	860	site_content
assets/thb.tildacdn.com/tild6133-6535-4638-a662-636261656433/-/resizeb/20x/-.jpg	1432	site_content
assets/thb.tildacdn.com/tild6136-6561-4137-b237-346263343235/-/resizeb/20x/photo_2025-03-14_01-.jpg	860	site_content
assets/thb.tildacdn.com/tild6137-3332-4930-a263-383161343461/-/resizeb/20x/tempImagef3O5t7_1.png	991	site_content
assets/thb.tildacdn.com/tild6137-3530-4739-b835-346636653436/-/resizeb/20x/VR2.jpg	819	site_content
assets/thb.tildacdn.com/tild6137-3566-4436-b937-393639633464/-/resizeb/20x/photo_60161969967691.jpg	851	site_content
assets/thb.tildacdn.com/tild6138-3866-4462-b836-343862613164/-/resizeb/20x/photo_2024-10-31_15-.jpg	869	site_content
assets/thb.tildacdn.com/tild6161-3432-4935-b531-653963333264/-/resizeb/20x/_.jpg	864	site_content
assets/thb.tildacdn.com/tild6161-3930-4262-a636-633062313436/-/resizeb/20x/Free-Open-A4-Magazin.png	2103	site_content
assets/thb.tildacdn.com/tild6161-6433-4066-b064-383561336539/-/empty/_23.jpg	649	site_content
assets/thb.tildacdn.com/tild6162-6630-4636-a134-663762303236/-/resizeb/20x/___.jpg	851	site_content
assets/thb.tildacdn.com/tild6164-3662-4438-a431-616666313931/-/resize/20x/_3___.png	1454	site_content
assets/thb.tildacdn.com/tild6165-3563-4637-a661-396264623634/-/resizeb/20x/_-2.jpg	866	site_content
assets/thb.tildacdn.com/tild6165-3863-4262-a337-346333663664/-/resize/20x/_.jpg	917	site_content
assets/thb.tildacdn.com/tild6165-6437-4431-a535-373435373037/-/resizeb/20x/__.webp	320	site_content
assets/thb.tildacdn.com/tild6166-3734-4262-a639-616237656336/-/resize/20x/_.jpg	988	site_content
assets/thb.tildacdn.com/tild6166-6132-4639-b634-663165326432/-/resizeb/20x/LAT_6091-2.jpg	834	site_content
assets/thb.tildacdn.com/tild6166-6230-4430-b262-323036316538/-/resizeb/20x/_KIDS.jpg	861	site_content
assets/thb.tildacdn.com/tild6166-6632-4138-b463-333934373864/-/resizeb/20x/image-8-2.jpg	878	site_content
assets/thb.tildacdn.com/tild6230-6463-4838-b865-386137323461/-/resizeb/20x/2_.jpg	911	site_content
assets/thb.tildacdn.com/tild6231-3732-4435-b437-303934356436/-/resize/20x/IMG_3527.jpeg	1080	site_content
assets/thb.tildacdn.com/tild6231-6132-4361-a438-353734366664/-/resizeb/20x/photo_54268975907855.jpg	842	site_content
assets/thb.tildacdn.com/tild6231-6133-4535-a566-363338653331/-/resizeb/20x/photo_52899088100156.jpg	845	site_content
assets/thb.tildacdn.com/tild6232-6135-4636-a665-613063653162/-/resizeb/20x/_03.jpg	836	site_content
assets/thb.tildacdn.com/tild6233-3935-4664-a266-306466333135/-/resize/20x/2.png	1241	site_content
assets/thb.tildacdn.com/tild6234-3565-4633-a239-333832653838/-/resizeb/20x/photo_52899088100156.jpg	846	site_content
assets/thb.tildacdn.com/tild6234-3833-4032-b939-313666333364/-/resizeb/20x/_17.png	624	site_content
assets/thb.tildacdn.com/tild6234-3833-4032-b939-313666333364/-/resizeb/20x/_17.webp	142	site_content
assets/thb.tildacdn.com/tild6235-3038-4537-b664-363437656233/-/resize/20x/9.png	940	site_content
assets/thb.tildacdn.com/tild6235-6565-4530-b165-376662386538/-/resizeb/20x/__.jpg	852	site_content
assets/thb.tildacdn.com/tild6236-3065-4339-a437-613732383332/-/resizeb/20x/noroot.png	1094	site_content
assets/thb.tildacdn.com/tild6239-6538-4831-b438-393632346634/-/resize/20x/image_8.png	1131	site_content
assets/thb.tildacdn.com/tild6261-6439-4531-b634-323034373437/-/empty/IMG_1033-2.jpg	4409	site_content
assets/thb.tildacdn.com/tild6261-6439-4531-b634-323034373437/-/resizeb/20x/IMG_1033-2.jpg	841	site_content
assets/thb.tildacdn.com/tild6262-3336-4030-b234-633730306564/-/resize/20x/8.png	611	site_content
assets/thb.tildacdn.com/tild6262-3562-4465-b662-626437306266/-/resizeb/20x/noroot.png	1184	site_content
assets/thb.tildacdn.com/tild6262-6235-4763-b963-643864346337/-/empty/IMG_20230620_071823.jpg	659	site_content
assets/thb.tildacdn.com/tild6262-6361-4635-b536-363165623632/-/resizeb/20x/IMG_7067-2.jpg	840	site_content
assets/thb.tildacdn.com/tild6263-3230-4230-a633-653166653038/-/resizeb/20x/photo_2024-10-17_12-.png	1111	site_content
assets/thb.tildacdn.com/tild6263-3432-4761-b965-303430336262/-/resize/20x/_.png	3684	site_content
assets/thb.tildacdn.com/tild6264-3731-4534-b335-363338396337/-/empty/tempImage2GaaOk_1-2.png	3307	site_content
assets/thb.tildacdn.com/tild6264-3732-4938-b738-303434633062/-/resize/20x/Group_26-2.png	349	site_content
assets/thb.tildacdn.com/tild6264-3965-4935-a666-303236643332/-/empty/2.jpg	622	site_content
assets/thb.tildacdn.com/tild6264-6330-4430-b638-316230623638/-/resizeb/20x/photo_52899088100156.jpg	847	site_content
assets/thb.tildacdn.com/tild6264-6533-4639-b035-366261623630/-/resizeb/20x/photo_2024-10-31_15-.jpg	1422	site_content
assets/thb.tildacdn.com/tild6265-3065-4132-b332-613131376261/-/resize/20x/3_2_1.png	1783	site_content
assets/thb.tildacdn.com/tild6265-3464-4237-b536-303837336564/-/empty/IMG_20230619_225749.jpg	693	site_content
assets/thb.tildacdn.com/tild6265-6338-4362-a563-643864633061/-/resizeb/20x/____.jpg	853	site_content
assets/thb.tildacdn.com/tild6266-3961-4662-b734-633134326139/-/resizeb/20x/-.webp	322	site_content
assets/thb.tildacdn.com/tild6266-6465-4137-b734-363963626331/-/empty/LAT_3531.jpg	8524	site_content
assets/thb.tildacdn.com/tild6266-6465-4137-b734-363963626331/-/empty/LAT_3531.webp	3226	site_content
assets/thb.tildacdn.com/tild6266-6465-4137-b734-363963626331/-/resizeb/20x/LAT_3531.jpg	4017	site_content
assets/thb.tildacdn.com/tild6330-3737-4631-b733-373236626239/-/resizeb/20x/Portal_Strike.png	1051	site_content
assets/thb.tildacdn.com/tild6330-6164-4263-a666-323231353964/-/resizeb/20x/noroot.png	1095	site_content
assets/thb.tildacdn.com/tild6331-3366-4863-b230-356361323838/-/resizeb/20x/_Portal_Strike_Kids.jpg	849	site_content
assets/thb.tildacdn.com/tild6331-6563-4532-b038-363833663461/-/resize/20x/photo_2024-10-29_16-.jpg	931	site_content
assets/thb.tildacdn.com/tild6333-3137-4862-b434-326332663966/-/resizeb/20x/_GPT_dark.jpg	815	site_content
assets/thb.tildacdn.com/tild6333-3835-4063-b965-343530393964/-/resizeb/20x/whatsapp--v2.png	612	site_content
assets/thb.tildacdn.com/tild6334-3031-4264-a364-633339656539/-/resizeb/20x/-__.jpg	839	site_content
assets/thb.tildacdn.com/tild6335-3363-4837-a662-646636633035/-/resize/20x/noroot.png	1684	site_content
assets/thb.tildacdn.com/tild6335-3734-4239-b936-323862333565/-/resize/20x/Group_2.png	605	site_content
assets/thb.tildacdn.com/tild6336-3637-4233-a361-393238383938/-/resizeb/20x/photo_54268975907855.jpg	838	site_content
assets/thb.tildacdn.com/tild6337-6433-4035-b265-333837663931/-/resize/20x/noroot.png	578	site_content
assets/thb.tildacdn.com/tild6337-6561-4434-a631-626137386564/-/empty/-_.png	1456	site_content
assets/thb.tildacdn.com/tild6337-6561-4434-a631-626137386564/-/empty/-_.webp	1222	site_content
assets/thb.tildacdn.com/tild6338-3130-4363-b962-653062373030/-/empty/photo.jpg	2153	site_content
assets/thb.tildacdn.com/tild6338-3130-4363-b962-653062373030/-/empty/photo.webp	1850	site_content
assets/thb.tildacdn.com/tild6338-3231-4465-a430-356663653936/-/resizeb/20x/noroot.png	1316	site_content
assets/thb.tildacdn.com/tild6339-6464-4330-b139-376434663530/-/resize/20x/mob_fon.webp	642	site_content
assets/thb.tildacdn.com/tild6361-6464-4336-b561-656362663934/-/empty/IMG_20230619_232405.jpg	624	site_content
assets/thb.tildacdn.com/tild6362-3232-4166-b064-633165613262/-/empty/noroot.png	1761	site_content
assets/thb.tildacdn.com/tild6364-3337-4065-b736-343231663637/-/empty/_103.jpg	622	site_content
assets/thb.tildacdn.com/tild6364-3738-4464-a230-613137393661/-/resize/20x/_.jpg	917	site_content
assets/thb.tildacdn.com/tild6364-3764-4731-b439-316133666666/-/resizeb/20x/photo.jpg	836	site_content
assets/thb.tildacdn.com/tild6364-6337-4137-b135-616333396265/-/resize/20x/_mini.png	587	site_content
assets/thb.tildacdn.com/tild6364-6430-4138-b536-383838373739/-/resizeb/20x/IMG_8081.jpeg	842	site_content
assets/thb.tildacdn.com/tild6364-6538-4339-b962-376432656433/-/resizeb/20x/photo_2024-10-30_14-.jpg	844	site_content
assets/thb.tildacdn.com/tild6365-3035-4132-b937-633933653033/-/resize/20x/Gift_BoxH032kn.png	1211	site_content
assets/thb.tildacdn.com/tild6365-3035-4132-b937-633933653033/-/resize/20x/Gift_BoxH032kn.webp	562	site_content
assets/thb.tildacdn.com/tild6365-3064-4464-b135-393533353035/-/empty/_61.jpg	622	site_content
assets/thb.tildacdn.com/tild6365-3931-4261-b633-363936333632/-/empty/IMG_20230620_071844.jpg	622	site_content
assets/thb.tildacdn.com/tild6365-6436-4333-a632-383764356661/-/resizeb/20x/_DSC3704.jpg	839	site_content
assets/thb.tildacdn.com/tild6366-3133-4136-b933-653137333462/-/resizeb/20x/_st_block.png	1093	site_content
assets/thb.tildacdn.com/tild6366-3134-4334-a130-326664373730/-/resizeb/20x/photo_2024-10-31_15-.jpg	880	site_content
assets/thb.tildacdn.com/tild6366-6636-4561-b065-623263313236/-/resize/20x/002-key.png	491	site_content
assets/thb.tildacdn.com/tild6430-3930-4633-b861-333864653265/-/empty/LAT_1165.jpg	3944	site_content
assets/thb.tildacdn.com/tild6430-3930-4633-b861-333864653265/-/empty/LAT_1165.webp	3228	site_content
assets/thb.tildacdn.com/tild6430-3930-4633-b861-333864653265/-/resizeb/20x/LAT_1165.jpg	4003	site_content
assets/thb.tildacdn.com/tild6432-6136-4731-b663-633363363665/-/resize/20x/noroot.png	1559	site_content
assets/thb.tildacdn.com/tild6433-3031-4330-a263-626539323936/-/resizeb/20x/Frame_9-5.jpg	835	site_content
assets/thb.tildacdn.com/tild6433-3235-4138-a430-663237386235/-/resize/20x/_.png	345	site_content
assets/thb.tildacdn.com/tild6433-3534-4265-a436-633664336631/-/resize/20x/3_.png	1790	site_content
assets/thb.tildacdn.com/tild6433-6632-4034-a465-386432643861/-/resize/20x/333_2_1.png	1299	site_content
assets/thb.tildacdn.com/tild6433-6662-4639-b139-663337323637/-/resizeb/20x/quest_stars_patologi.jpg	823	site_content
assets/thb.tildacdn.com/tild6435-3231-4432-b964-613865313433/-/resizeb/20x/__02.jpg	815	site_content
assets/thb.tildacdn.com/tild6435-3633-4234-b166-633430396161/-/resizeb/20x/photo.jpg	809	site_content
assets/thb.tildacdn.com/tild6435-6463-4536-b639-666265623733/-/empty/IMG_20230620_071614.jpg	638	site_content
assets/thb.tildacdn.com/tild6435-6639-4664-b761-636665353737/-/resizeb/20x/_DSC7951_1.jpg	834	site_content
assets/thb.tildacdn.com/tild6436-3363-4164-b133-643933383861/-/empty/noroot.png	1208	site_content
assets/thb.tildacdn.com/tild6436-6561-4634-b531-656430636661/-/resizeb/20x/photo_2024-10-30_14-.jpg	848	site_content
assets/thb.tildacdn.com/tild6437-6165-4462-a163-383065653238/-/resize/20x/22.png	1089	site_content
assets/thb.tildacdn.com/tild6438-3330-4435-a239-393237303465/-/empty/_VR.jpg	2676	site_content
assets/thb.tildacdn.com/tild6438-3330-4435-a239-393237303465/-/resizeb/20x/_VR.jpg	901	site_content
assets/thb.tildacdn.com/tild6438-3463-4664-b736-663031396438/-/resizeb/20x/photo_52899088100156.jpg	840	site_content
assets/thb.tildacdn.com/tild6438-6361-4462-b761-316137333336/-/empty/photo_2024-11-11_12-.jpg	2676	site_content
assets/thb.tildacdn.com/tild6439-3135-4936-b837-313139616233/-/resizeb/20x/___.jpg	837	site_content
assets/thb.tildacdn.com/tild6439-3239-4433-a161-633431656666/-/empty/IMG_20230619_232514.jpg	773	site_content
assets/thb.tildacdn.com/tild6439-3333-4333-b537-383235313239/-/resizeb/20x/IMG_8083.jpeg	849	site_content
assets/thb.tildacdn.com/tild6461-3832-4663-b637-326433636363/-/empty/bombaquest_hostel_po.jpg	2168	site_content
assets/thb.tildacdn.com/tild6461-6536-4438-b932-663731386337/-/empty/IMG_7067.jpg	2156	site_content
assets/thb.tildacdn.com/tild6461-6536-4438-b932-663731386337/-/empty/IMG_7067.webp	1884	site_content
assets/thb.tildacdn.com/tild6462-3366-4731-a530-303530653535/-/resizeb/20x/noroot.png	1068	site_content
assets/thb.tildacdn.com/tild6462-3563-4363-a461-393036653939/-/resizeb/20x/IMG_5252.JPG	838	site_content
assets/thb.tildacdn.com/tild6462-3633-4932-a237-323363323437/-/resize/20x/photo.png	594	site_content
assets/thb.tildacdn.com/tild6463-6163-4266-a136-623536393237/-/resize/20x/photo.png	321	site_content
assets/thb.tildacdn.com/tild6464-3138-4234-b034-316262333862/-/resizeb/20x/image_2025-03-20_20-.jpg	849	site_content
assets/thb.tildacdn.com/tild6464-3535-4334-a130-346333396262/-/resizeb/20x/2.jpg	833	site_content
assets/thb.tildacdn.com/tild6465-3161-4232-b062-663735653861/-/resize/20x/Vector_Smart_Object_.png	1013	site_content
assets/thb.tildacdn.com/tild6465-3235-4234-b263-316631343263/-/resizeb/20x/IMG_4403_1-2.jpg	878	site_content
assets/thb.tildacdn.com/tild6465-6566-4131-b531-643263393062/-/resizeb/20x/VR.jpg	839	site_content
assets/thb.tildacdn.com/tild6465-6666-4061-a437-646464626336/-/empty/IMG_7373-min_.webp	1556	site_content
assets/thb.tildacdn.com/tild6465-6666-4061-a437-646464626336/-/resizeb/20x/IMG_7373-min_.webp	308	site_content
assets/thb.tildacdn.com/tild6466-3630-4265-a339-643130333939/-/resize/20x/image.png	1106	site_content
assets/thb.tildacdn.com/tild6466-3630-4265-a339-643130333939/-/resize/20x/image.webp	600	site_content
assets/thb.tildacdn.com/tild6466-3633-4466-b931-393534646339/-/resize/20x/002-key.png	491	site_content
assets/thb.tildacdn.com/tild6531-3663-4361-b138-333865356332/-/resizeb/20x/Mafia.jpg	844	site_content
assets/thb.tildacdn.com/tild6531-3839-4832-b830-653535356135/-/resize/20x/002-key.png	491	site_content
assets/thb.tildacdn.com/tild6531-6430-4437-b163-363762356566/-/resize/20x/33_1__2.png	1614	site_content
assets/thb.tildacdn.com/tild6532-6236-4937-b066-343261386462/-/resizeb/20x/photo_51931340829162.jpg	845	site_content
assets/thb.tildacdn.com/tild6533-3861-4134-b738-323034333730/-/resize/20x/-__1-2.png	413	site_content
assets/thb.tildacdn.com/tild6533-6538-4762-b163-343935306431/-/resizeb/20x/_DSC3658.jpg	838	site_content
assets/thb.tildacdn.com/tild6534-3633-4261-b836-653764666561/-/resize/20x/8.png	611	site_content
assets/thb.tildacdn.com/tild6534-6633-4661-a336-343337366665/-/empty/photo_52379156410360.jpg	2675	site_content
assets/thb.tildacdn.com/tild6535-3239-4132-b836-323232623635/-/resizeb/20x/IMG_5256.JPG	845	site_content
assets/thb.tildacdn.com/tild6535-3566-4838-b836-303239383736/-/empty/IMG_20230619_225808.jpg	622	site_content
assets/thb.tildacdn.com/tild6537-6330-4733-b338-313332316637/-/empty/noroot.png	1100	site_content
assets/thb.tildacdn.com/tild6538-3064-4332-b632-646136356438/-/resizeb/20x/-3_1200.jpg	870	site_content
assets/thb.tildacdn.com/tild6538-3631-4730-a232-633036643535/-/empty/-_.jpg	990	site_content
assets/thb.tildacdn.com/tild6538-3863-4466-b434-396638393135/-/resizeb/20x/_DSC3751.jpg	836	site_content
assets/thb.tildacdn.com/tild6538-6135-4530-b765-303665363933/-/resizeb/20x/photo_2024-10-30_14-.jpg	838	site_content
assets/thb.tildacdn.com/tild6538-6534-4665-b733-633935383663/-/resize/20x/_2x.png	1105	site_content
assets/thb.tildacdn.com/tild6539-3333-4933-b734-366563386465/-/resizeb/20x/IMG_5255.JPG	843	site_content
assets/thb.tildacdn.com/tild6561-3234-4761-b931-343461393236/-/resizeb/20x/download_12.png	734	site_content
assets/thb.tildacdn.com/tild6562-3861-4339-b338-656463346639/-/resizeb/20x/photo_51931340829162.jpg	842	site_content
assets/thb.tildacdn.com/tild6562-3936-4534-b139-333839336261/-/resizeb/20x/-2.jpg	852	site_content
assets/thb.tildacdn.com/tild6562-6235-4537-b838-633637643965/-/resizeb/20x/2025-05-29_13-57-00_.png	285	site_content
assets/thb.tildacdn.com/tild6563-3462-4231-a562-613961356462/-/empty/1.jpg	675	site_content
assets/thb.tildacdn.com/tild6564-3539-4236-a231-646138356663/-/empty/--3.jpg	2010	site_content
assets/thb.tildacdn.com/tild6564-6637-4461-a231-343637303237/-/resizeb/20x/__.webp	336	site_content
assets/thb.tildacdn.com/tild6565-3639-4336-b331-663431643630/-/resizeb/20x/photo_2021-09-10_23-.webp	300	site_content
assets/thb.tildacdn.com/tild6565-3935-4133-b935-333963313438/-/resizeb/20x/_-2.jpg	866	site_content
assets/thb.tildacdn.com/tild6565-6238-4866-a236-623966613864/-/resizeb/20x/_003.png	768	site_content
assets/thb.tildacdn.com/tild6565-6238-4866-a236-623966613864/-/resizeb/20x/_003.webp	154	site_content
assets/thb.tildacdn.com/tild6566-3034-4337-b431-653937663966/-/resize/20x/photo_2024-10-30_14-.jpg	935	site_content
assets/thb.tildacdn.com/tild6566-6363-4439-a438-643461343262/-/resize/20x/_2___-2.png	1455	site_content
assets/thb.tildacdn.com/tild6566-6632-4464-b433-356630383833/-/resize/20x/Vector_Smart_Object_.png	1091	site_content
assets/thb.tildacdn.com/tild6631-3032-4661-b431-336634316238/-/empty/IMG_20230620_071642.jpg	700	site_content
assets/thb.tildacdn.com/tild6632-3261-4832-a634-613166356430/-/resize/20x/8.png	611	site_content
assets/thb.tildacdn.com/tild6632-3738-4561-b862-653733333135/-/empty/IMG_6569_mini.jpg	2312	site_content
assets/thb.tildacdn.com/tild6632-3738-4561-b862-653733333135/-/empty/IMG_6569_mini.webp	2024	site_content
assets/thb.tildacdn.com/tild6632-3861-4330-b634-353330616163/-/resizeb/20x/_006__.png	752	site_content
assets/thb.tildacdn.com/tild6632-3861-4330-b634-353330616163/-/resizeb/20x/_006__.webp	148	site_content
assets/thb.tildacdn.com/tild6632-6535-4831-a230-663765633739/-/resizeb/20x/1jpg.webp	847	site_content
assets/thb.tildacdn.com/tild6633-3264-4362-a561-616464333966/-/resizeb/20x/photo_52899088100156.jpg	847	site_content
assets/thb.tildacdn.com/tild6633-6163-4630-a331-333135643135/-/resizeb/20x/_.jpg	853	site_content
assets/thb.tildacdn.com/tild6636-3430-4662-b535-336639373930/-/resizeb/20x/IMG_4406_1-2.jpg	847	site_content
assets/thb.tildacdn.com/tild6636-3462-4631-b937-313963343763/-/resizeb/20x/image-18-04-25-06-09.jpg	859	site_content
assets/thb.tildacdn.com/tild6636-6135-4335-a434-366364626139/-/resize/20x/amongas_mini.png	1860	site_content
assets/thb.tildacdn.com/tild6636-6332-4038-a164-666533363733/-/empty/IMG_20230620_0717541.jpg	739	site_content
assets/thb.tildacdn.com/tild6637-3337-4664-a363-373131396164/-/resize/20x/002-key.png	491	site_content
assets/thb.tildacdn.com/tild6637-3533-4531-b332-653235376165/-/resizeb/20x/noroot.png	1540	site_content
assets/thb.tildacdn.com/tild6638-3366-4663-a232-313261333339/-/empty/noroot.png	990	site_content
assets/thb.tildacdn.com/tild6638-3730-4165-b863-326663336530/-/resizeb/20x/konstantintaranov-43.jpg	857	site_content
assets/thb.tildacdn.com/tild6638-3763-4335-a434-623762353536/-/resize/20x/noroot.png	1865	site_content
assets/thb.tildacdn.com/tild6638-6235-4436-a164-646337663663/-/resizeb/20x/_15.png	769	site_content
assets/thb.tildacdn.com/tild6638-6235-4436-a164-646337663663/-/resizeb/20x/_15.webp	158	site_content
assets/thb.tildacdn.com/tild6639-3232-4330-b132-333866666566/-/empty/LAT_3415.jpg	3944	site_content
assets/thb.tildacdn.com/tild6639-3232-4330-b132-333866666566/-/empty/LAT_3415.webp	3228	site_content
assets/thb.tildacdn.com/tild6639-3232-4330-b132-333866666566/-/resizeb/20x/LAT_3415.jpg	4003	site_content
assets/thb.tildacdn.com/tild6639-3432-4030-b534-653564653565/-/resize/20x/photo.png	1177	site_content
assets/thb.tildacdn.com/tild6639-6562-4030-a239-303339396137/-/resizeb/20x/tempImage12MvYV_1.png	476	site_content
assets/thb.tildacdn.com/tild6661-3236-4334-a439-366666393761/-/resizeb/20x/image_2025-03-20_20-.jpg	854	site_content
assets/thb.tildacdn.com/tild6661-3336-4335-b161-386235383666/-/empty/IMG_20230619_225922.jpg	793	site_content
assets/thb.tildacdn.com/tild6661-3732-4566-a461-666632343732/-/resizeb/20x/IMG_5253-2.JPG	844	site_content
assets/thb.tildacdn.com/tild6661-6530-4362-a163-613339313330/-/resizeb/20x/__.jpg	874	site_content
assets/thb.tildacdn.com/tild6663-3636-4063-b739-626165666266/-/resize/20x/BT_BIG_HEADER_green3.png	691	site_content
assets/thb.tildacdn.com/tild6663-6465-4565-a664-383235633133/-/resizeb/20x/IMG_3972.png	724	site_content
assets/thb.tildacdn.com/tild6664-3836-4961-a538-636136363339/-/resize/20x/_.jpg	4077	site_content
assets/thb.tildacdn.com/tild6665-3263-4464-a530-383536666664/-/resizeb/20x/photo_2024-10-30_14-.jpg	837	site_content
assets/thb.tildacdn.com/tild6665-6232-4066-b532-616561616363/-/resizeb/20x/image-10-2.jpg	853	site_content
assets/thb.tildacdn.com/tild6665-6436-4635-b931-393733303262/-/empty/bombaquest_hostel_po.jpg	2168	site_content
assets/thb.tildacdn.com/tild6665-6436-4635-b931-393733303262/-/resizeb/20x/bombaquest_hostel_po.jpg	820	site_content
assets/thb.tildacdn.com/tild6666-3933-4432-b533-336236656639/-/resizeb/20x/IMG_8153.webp	318	site_content
assets/vendor/jquery-3.7.1.min.js	87533	site_content
assets/video/among-us.mp4	21926933	site_content
assets/video/kalmar.mp4	3745795	site_content
assets/video/kubok.mp4	23446681	site_content
assets/video/ono-zvonok-reznya.mp4	16165504	site_content
assets/video/psihbolnitsa.mp4	40826511	site_content
assets/video/sherlock.mp4	4620548	site_content
assets/ws.tildacdn.com/project2135642/custom.css	1667	site_content
beguschij_v_labirinte/index.html	1124535	site_content
brawl_stars/index.html	1327608	site_content
contacts/index.html	764073	site_content
den-rozhdeniya-na-vr-arene/index.html	1172141	site_content
den-rozhdeniya-uznik-azkabana/index.html	1227381	site_content
favicon.ico	32988	site_content
garri-potter-i-kubok-ognya/index.html	1129272	site_content
guardeskypereulog61/index.html	1011591	site_content
hostel-podval-pytok/index.html	921546	site_content
igra-v-kalmara-lend/index.html	1317430	site_content
igra_v_kalmara/index.html	1134278	site_content
index.html	1301956	site_content
indiana/index.html	988850	site_content
kids/index.html	1647603	site_content
krasnormerskaya103/index.html	1030087	site_content
kvest_v_realnosti_dom_prizrakov/index.html	991186	site_content
kvest_v_realnosti_fantom/index.html	933691	site_content
kvest_v_realnosti_garri_potter_/index.html	981794	site_content
kvest_v_realnosti_harry_potter_i_krestrazh/index.html	986775	site_content
kvest_v_realnosti_koralina/index.html	993575	site_content
kvest_v_realnosti_noch_v_museum_ograblenie/index.html	987248	site_content
kvest_v_realnosti_ograblenie_banka_bumazhniy_dom/index.html	987591	site_content
kvest_v_realnosti_psihbolnitsa/index.html	992395	site_content
kvest_v_realnosti_sherlock_holms/index.html	983536	site_content
kvest_v_realnosti_wednesday/index.html	979923	site_content
kvest_v_realnosti_zamok_drakuly/index.html	989743	site_content
kvest_v_realnosti_zapad/index.html	948529	site_content
kvesty-v-rostove-na-donu/index.html	223257	site_content
magnitogorskaya1/index.html	1232714	site_content
minecraft-lend/index.html	1122373	site_content
minecraft/index.html	1131297	site_content
mira27/index.html	901716	site_content
mstile-270x270.png	9562	site_content
mystery_shack/index.html	994391	site_content
nagibina14/index.html	1075167	site_content
nansena107/index.html	916319	site_content
new-year-2025/index.html	769334	site_content
new-year/index.html	1272770	site_content
ono/index.html	1107427	site_content
party-games/index.html	1039499	site_content
patologiya/index.html	908997	site_content
pirati/index.html	1002497	site_content
pobeg/index.html	987675	site_content
portal-strike-kids/index.html	1039335	site_content
portal-strike/index.html	1039843	site_content
portal-zombie/index.html	1040159	site_content
prazdnik-maxi/index.html	1306169	site_content
prazdniki-pod-kluch/index.html	2632846	site_content
privacy/index.html	290137	site_content
pryatki_kids/index.html	1125630	site_content
pryatki_portal/index.html	1127218	site_content
pryatki_v_temnote/index.html	1119130	site_content
puteshestvie/index.html	990277	site_content
roblox-dors/index.html	1129270	site_content
roblox-land/index.html	1677019	site_content
roblox/index.html	1130940	site_content
robots.txt	80	site_content
shizofreniya/index.html	920585	site_content
sitemap.xml	11946	site_content
socialicheskaya186/index.html	992148	site_content
sokolova23/index.html	1025277	site_content
strashnye-kvesty/index.html	1192632	site_content
tekhasskaya-reznya-benzopiloj/index.html	1109504	site_content
ugon/index.html	1009573	site_content
version.json	211	site_content
vypusknoj-kalmar/index.html	1433671	site_content
wednesday-poteryannaya-dusha/index.html	1130335	site_content
wednesday_ukradennaya_vesch/index.html	629879	site_content
zvonok/index.html	1108082	site_content
